2026.07.09 22:07:08 INFO  Started: Metals version 1.6.7 in folders 'C:\Users\ankit chouhan\OneDrive\Desktop\Scala' for client Visual Studio Code 1.128.0.
2026.07.09 22:07:08 INFO  Memory monitor started
2026.07.09 22:07:09 WARN  Using H2 2.4.240 which is newer than the version Flyway has been verified with. The latest verified version of H2 is 2.3.232.
2026.07.09 22:07:09 INFO  no build target found for C:\Users\ankit chouhan\OneDrive\Desktop\Scala\Hello.scala. Using presentation compiler with project's scala-library version: 3.3.7
Jul 09, 2026 10:07:27 PM org.eclipse.lsp4j.jsonrpc.RemoteEndpoint handleCancellation
WARNING: Unmatched cancel notification for request id 2
Jul 09, 2026 10:07:27 PM org.eclipse.lsp4j.jsonrpc.RemoteEndpoint handleCancellation
WARNING: Unmatched cancel notification for request id 5
2026.07.09 22:07:27 INFO  no build target found for C:\Users\ankit chouhan\OneDrive\Desktop\Scala\Hello.scala. Using presentation compiler with project's scala-library version: 3.3.7
2026.07.09 22:07:27 ERROR Unexpected error initializing server: 
java.nio.file.InvalidPathException: Illegal char <?> at index 0: ?C:\Users\ankit chouhan\Downloads\python-3.13.3-amd64.exe
	at sun.nio.fs.WindowsPathParser.normalize(WindowsPathParser.java:191)
	at sun.nio.fs.WindowsPathParser.parse(WindowsPathParser.java:142)
	at sun.nio.fs.WindowsPathParser.parse(WindowsPathParser.java:46)
	at sun.nio.fs.WindowsPath.parse(WindowsPath.java:92)
	at sun.nio.fs.WindowsFileSystem.getPath(WindowsFileSystem.java:203)
	at java.nio.file.Path.of(Path.java:148)
	at java.nio.file.Paths.get(Paths.java:69)
	at scala.meta.internal.metals.Embedded$.$anonfun$findInPath$4(Embedded.scala:782)
	at scala.collection.Iterator$$anon$9.next(Iterator.scala:594)
	at scala.collection.Iterator$$anon$6.hasNext(Iterator.scala:488)
	at scala.collection.Iterator$$anon$9.hasNext(Iterator.scala:593)
	at scala.collection.Iterator$$anon$10.hasNext(Iterator.scala:610)
	at scala.collection.immutable.Stream$.fromIterator(Stream.scala:469)
	at scala.collection.immutable.Stream$.from(Stream.scala:457)
	at scala.collection.immutable.Stream$.from(Stream.scala:357)
	at scala.collection.IterableFactory$ToFactory.fromSpecific(Factory.scala:274)
	at scala.collection.IterableOnceOps.to(IterableOnce.scala:1460)
	at scala.collection.IterableOnceOps.to$(IterableOnce.scala:1460)
	at scala.collection.AbstractIterator.to(Iterator.scala:1313)
	at scala.collection.IterableOnceOps.toStream(IterableOnce.scala:1505)
	at scala.collection.IterableOnceOps.toStream$(IterableOnce.scala:1505)
	at scala.collection.AbstractIterator.toStream(Iterator.scala:1313)
	at scala.meta.internal.metals.Embedded$.findInPath(Embedded.scala:785)
	at scala.meta.internal.metals.scalacli.ScalaCli$.$anonfun$localScalaCli$4(ScalaCli.scala:369)
	at scala.Option.orElse(Option.scala:477)
	at scala.meta.internal.metals.scalacli.ScalaCli$.localScalaCli(ScalaCli.scala:371)
	at scala.meta.internal.metals.scalacli.ScalaCliServers.localScalaCli$lzycompute(ScalaCliServers.scala:62)
	at scala.meta.internal.metals.scalacli.ScalaCliServers.localScalaCli(ScalaCliServers.scala:61)
	at scala.meta.internal.metals.scalacli.ScalaCliServers.setupIDE(ScalaCliServers.scala:67)
	at scala.meta.internal.metals.ProjectMetalsLspService.maybeSetupScalaCli(ProjectMetalsLspService.scala:391)
	at scala.meta.internal.metals.ProjectMetalsLspService.$anonfun$onInitialized$1(ProjectMetalsLspService.scala:402)
	at scala.meta.internal.metals.ConnectionProvider.withWillGenerateBspConfig(ConnectionProvider.scala:78)
	at scala.meta.internal.metals.ProjectMetalsLspService.onInitialized(ProjectMetalsLspService.scala:402)
	at scala.meta.internal.metals.MetalsLspService.$anonfun$initialized$1(MetalsLspService.scala:690)
	at scala.concurrent.impl.Promise$Transformation.run(Promise.scala:503)
	at java.util.concurrent.ThreadPoolExecutor.runWorker(ThreadPoolExecutor.java:1090)
	at java.util.concurrent.ThreadPoolExecutor$Worker.run(ThreadPoolExecutor.java:614)
	at java.lang.Thread.run(Thread.java:1516)

2026.07.09 22:12:45 INFO  no build target found for C:\Users\ankit chouhan\OneDrive\Desktop\Scala\Hello.scala. Using presentation compiler with project's scala-library version: 3.3.7
2026.07.09 22:12:45 WARN  no build target for: C:\Users\ankit chouhan\OneDrive\Desktop\Scala\Hello.scala
Jul 09, 2026 10:12:45 PM org.eclipse.lsp4j.jsonrpc.RemoteEndpoint handleCancellation
WARNING: Unmatched cancel notification for request id 8
2026.07.09 22:12:45 INFO  no build target found for C:\Users\ankit chouhan\OneDrive\Desktop\Scala\Hello.scala. Using presentation compiler with project's scala-library version: 3.3.7
2026.07.09 22:12:45 INFO  no build target found for C:\Users\ankit chouhan\OneDrive\Desktop\Scala\Hello.scala. Using presentation compiler with project's scala-library version: 3.3.7
2026.07.09 22:12:45 INFO  no build target found for C:\Users\ankit chouhan\OneDrive\Desktop\Scala\Hello.scala. Using presentation compiler with project's scala-library version: 3.3.7
Jul 09, 2026 10:12:55 PM org.eclipse.lsp4j.jsonrpc.services.GenericEndpoint notify
INFO: Unsupported notification method: $/setTrace
2026.07.09 22:12:55 INFO  no build target found for C:\Users\ankit chouhan\OneDrive\Desktop\Scala\Hello.scala. Using presentation compiler with project's scala-library version: 3.3.7
2026.07.09 22:13:51 INFO  no build target found for C:\Users\ankit chouhan\OneDrive\Desktop\Scala\Hello.scala. Using presentation compiler with project's scala-library version: 3.3.7
2026.07.09 22:13:55 INFO  no build target found for C:\Users\ankit chouhan\OneDrive\Desktop\Scala\Hello.scala. Using presentation compiler with project's scala-library version: 3.3.7
2026.07.09 22:17:25 INFO  no build target found for C:\Users\ankit chouhan\OneDrive\Desktop\Scala\Sum.scala. Using presentation compiler with project's scala-library version: 3.3.7
2026.07.09 22:17:25 WARN  Could not find semantic tokens for: file:///C:/Users/ankit%20chouhan/OneDrive/Desktop/Scala/Sum.scala
2026.07.09 22:17:28 INFO  no build target found for C:\Users\ankit chouhan\OneDrive\Desktop\Scala\Sum.scala. Using presentation compiler with project's scala-library version: 3.3.7
2026.07.09 22:17:28 INFO  no build target found for C:\Users\ankit chouhan\OneDrive\Desktop\Scala\Sum.scala. Using presentation compiler with project's scala-library version: 3.3.7
2026.07.09 22:17:28 INFO  no build target found for C:\Users\ankit chouhan\OneDrive\Desktop\Scala\Sum.scala. Using presentation compiler with project's scala-library version: 3.3.7
2026.07.09 22:17:28 WARN  Could not find semantic tokens for: file:///C:/Users/ankit%20chouhan/OneDrive/Desktop/Scala/Sum.scala
2026.07.09 22:17:28 INFO  no build target found for C:\Users\ankit chouhan\OneDrive\Desktop\Scala\Sum.scala. Using presentation compiler with project's scala-library version: 3.3.7
2026.07.09 22:17:28 INFO  no build target found for C:\Users\ankit chouhan\OneDrive\Desktop\Scala\Sum.scala. Using presentation compiler with project's scala-library version: 3.3.7
2026.07.09 22:17:28 INFO  no build target found for C:\Users\ankit chouhan\OneDrive\Desktop\Scala\Sum.scala. Using presentation compiler with project's scala-library version: 3.3.7
2026.07.09 22:17:29 INFO  no build target found for C:\Users\ankit chouhan\OneDrive\Desktop\Scala\Sum.scala. Using presentation compiler with project's scala-library version: 3.3.7
2026.07.09 22:17:29 INFO  no build target found for C:\Users\ankit chouhan\OneDrive\Desktop\Scala\Sum.scala. Using presentation compiler with project's scala-library version: 3.3.7
2026.07.09 22:17:29 INFO  no build target found for C:\Users\ankit chouhan\OneDrive\Desktop\Scala\Sum.scala. Using presentation compiler with project's scala-library version: 3.3.7
2026.07.09 22:17:30 INFO  no build target found for C:\Users\ankit chouhan\OneDrive\Desktop\Scala\Sum.scala. Using presentation compiler with project's scala-library version: 3.3.7
2026.07.09 22:17:29 INFO  no build target found for C:\Users\ankit chouhan\OneDrive\Desktop\Scala\Sum.scala. Using presentation compiler with project's scala-library version: 3.3.7
2026.07.09 22:17:30 WARN  no build target for: C:\Users\ankit chouhan\OneDrive\Desktop\Scala\Sum.scala
2026.07.09 22:17:30 INFO  no build target found for C:\Users\ankit chouhan\OneDrive\Desktop\Scala\Sum.scala. Using presentation compiler with project's scala-library version: 3.3.7
2026.07.09 22:17:30 INFO  no build target found for C:\Users\ankit chouhan\OneDrive\Desktop\Scala\Sum.scala. Using presentation compiler with project's scala-library version: 3.3.7
2026.07.09 22:17:31 INFO  no build target found for C:\Users\ankit chouhan\OneDrive\Desktop\Scala\Sum.scala. Using presentation compiler with project's scala-library version: 3.3.7
2026.07.09 22:17:31 INFO  no build target found for C:\Users\ankit chouhan\OneDrive\Desktop\Scala\Sum.scala. Using presentation compiler with project's scala-library version: 3.3.7
2026.07.09 22:17:31 INFO  no build target found for C:\Users\ankit chouhan\OneDrive\Desktop\Scala\Sum.scala. Using presentation compiler with project's scala-library version: 3.3.7
2026.07.09 22:17:32 INFO  no build target found for C:\Users\ankit chouhan\OneDrive\Desktop\Scala\Sum.scala. Using presentation compiler with project's scala-library version: 3.3.7
2026.07.09 22:17:31 INFO  no build target found for C:\Users\ankit chouhan\OneDrive\Desktop\Scala\Sum.scala. Using presentation compiler with project's scala-library version: 3.3.7
2026.07.09 22:17:32 INFO  no build target found for C:\Users\ankit chouhan\OneDrive\Desktop\Scala\Sum.scala. Using presentation compiler with project's scala-library version: 3.3.7
2026.07.09 22:17:32 INFO  no build target found for C:\Users\ankit chouhan\OneDrive\Desktop\Scala\Sum.scala. Using presentation compiler with project's scala-library version: 3.3.7
2026.07.09 22:17:32 WARN  no build target for: C:\Users\ankit chouhan\OneDrive\Desktop\Scala\Sum.scala
2026.07.09 22:17:32 INFO  no build target found for C:\Users\ankit chouhan\OneDrive\Desktop\Scala\Sum.scala. Using presentation compiler with project's scala-library version: 3.3.7
2026.07.09 22:17:32 INFO  no build target found for C:\Users\ankit chouhan\OneDrive\Desktop\Scala\Sum.scala. Using presentation compiler with project's scala-library version: 3.3.7
2026.07.09 22:17:32 INFO  no build target found for C:\Users\ankit chouhan\OneDrive\Desktop\Scala\Sum.scala. Using presentation compiler with project's scala-library version: 3.3.7
2026.07.09 22:17:32 INFO  no build target found for C:\Users\ankit chouhan\OneDrive\Desktop\Scala\Sum.scala. Using presentation compiler with project's scala-library version: 3.3.7
2026.07.09 22:17:34 INFO  no build target found for C:\Users\ankit chouhan\OneDrive\Desktop\Scala\Sum.scala. Using presentation compiler with project's scala-library version: 3.3.7
2026.07.09 22:17:34 INFO  no build target found for C:\Users\ankit chouhan\OneDrive\Desktop\Scala\Sum.scala. Using presentation compiler with project's scala-library version: 3.3.7
2026.07.09 22:17:34 INFO  no build target found for C:\Users\ankit chouhan\OneDrive\Desktop\Scala\Sum.scala. Using presentation compiler with project's scala-library version: 3.3.7
2026.07.09 22:17:34 INFO  no build target found for C:\Users\ankit chouhan\OneDrive\Desktop\Scala\Sum.scala. Using presentation compiler with project's scala-library version: 3.3.7
2026.07.09 22:17:34 INFO  no build target found for C:\Users\ankit chouhan\OneDrive\Desktop\Scala\Sum.scala. Using presentation compiler with project's scala-library version: 3.3.7
2026.07.09 22:17:34 INFO  no build target found for C:\Users\ankit chouhan\OneDrive\Desktop\Scala\Sum.scala. Using presentation compiler with project's scala-library version: 3.3.7
2026.07.09 22:17:34 INFO  no build target found for C:\Users\ankit chouhan\OneDrive\Desktop\Scala\Sum.scala. Using presentation compiler with project's scala-library version: 3.3.7
2026.07.09 22:17:35 INFO  no build target found for C:\Users\ankit chouhan\OneDrive\Desktop\Scala\Sum.scala. Using presentation compiler with project's scala-library version: 3.3.7
2026.07.09 22:17:35 INFO  no build target found for C:\Users\ankit chouhan\OneDrive\Desktop\Scala\Sum.scala. Using presentation compiler with project's scala-library version: 3.3.7
2026.07.09 22:17:35 INFO  no build target found for C:\Users\ankit chouhan\OneDrive\Desktop\Scala\Sum.scala. Using presentation compiler with project's scala-library version: 3.3.7
2026.07.09 22:17:35 INFO  no build target found for C:\Users\ankit chouhan\OneDrive\Desktop\Scala\Sum.scala. Using presentation compiler with project's scala-library version: 3.3.7
2026.07.09 22:17:35 INFO  no build target found for C:\Users\ankit chouhan\OneDrive\Desktop\Scala\Sum.scala. Using presentation compiler with project's scala-library version: 3.3.7
2026.07.09 22:17:35 INFO  no build target found for C:\Users\ankit chouhan\OneDrive\Desktop\Scala\Sum.scala. Using presentation compiler with project's scala-library version: 3.3.7
2026.07.09 22:17:35 INFO  no build target found for C:\Users\ankit chouhan\OneDrive\Desktop\Scala\Sum.scala. Using presentation compiler with project's scala-library version: 3.3.7
2026.07.09 22:17:36 INFO  no build target found for C:\Users\ankit chouhan\OneDrive\Desktop\Scala\Sum.scala. Using presentation compiler with project's scala-library version: 3.3.7
2026.07.09 22:17:36 INFO  no build target found for C:\Users\ankit chouhan\OneDrive\Desktop\Scala\Sum.scala. Using presentation compiler with project's scala-library version: 3.3.7
2026.07.09 22:17:36 INFO  no build target found for C:\Users\ankit chouhan\OneDrive\Desktop\Scala\Sum.scala. Using presentation compiler with project's scala-library version: 3.3.7
2026.07.09 22:17:36 INFO  no build target found for C:\Users\ankit chouhan\OneDrive\Desktop\Scala\Sum.scala. Using presentation compiler with project's scala-library version: 3.3.7
2026.07.09 22:17:36 INFO  no build target found for C:\Users\ankit chouhan\OneDrive\Desktop\Scala\Sum.scala. Using presentation compiler with project's scala-library version: 3.3.7
2026.07.09 22:17:36 INFO  no build target found for C:\Users\ankit chouhan\OneDrive\Desktop\Scala\Sum.scala. Using presentation compiler with project's scala-library version: 3.3.7
2026.07.09 22:17:36 INFO  no build target found for C:\Users\ankit chouhan\OneDrive\Desktop\Scala\Sum.scala. Using presentation compiler with project's scala-library version: 3.3.7
2026.07.09 22:17:37 INFO  no build target found for C:\Users\ankit chouhan\OneDrive\Desktop\Scala\Sum.scala. Using presentation compiler with project's scala-library version: 3.3.7
2026.07.09 22:17:37 WARN  no build target for: C:\Users\ankit chouhan\OneDrive\Desktop\Scala\Sum.scala
2026.07.09 22:17:37 INFO  no build target found for C:\Users\ankit chouhan\OneDrive\Desktop\Scala\Sum.scala. Using presentation compiler with project's scala-library version: 3.3.7
2026.07.09 22:17:42 INFO  no build target found for C:\Users\ankit chouhan\OneDrive\Desktop\Scala\Sum.scala. Using presentation compiler with project's scala-library version: 3.3.7
2026.07.09 22:17:42 INFO  no build target found for C:\Users\ankit chouhan\OneDrive\Desktop\Scala\Sum.scala. Using presentation compiler with project's scala-library version: 3.3.7
2026.07.09 22:17:42 INFO  no build target found for C:\Users\ankit chouhan\OneDrive\Desktop\Scala\Sum.scala. Using presentation compiler with project's scala-library version: 3.3.7
2026.07.09 22:17:42 INFO  no build target found for C:\Users\ankit chouhan\OneDrive\Desktop\Scala\Sum.scala. Using presentation compiler with project's scala-library version: 3.3.7
2026.07.09 22:17:42 INFO  no build target found for C:\Users\ankit chouhan\OneDrive\Desktop\Scala\Sum.scala. Using presentation compiler with project's scala-library version: 3.3.7
2026.07.09 22:17:42 INFO  no build target found for C:\Users\ankit chouhan\OneDrive\Desktop\Scala\Sum.scala. Using presentation compiler with project's scala-library version: 3.3.7
2026.07.09 22:17:43 WARN  no build target for: C:\Users\ankit chouhan\OneDrive\Desktop\Scala\Sum.scala
2026.07.09 22:17:43 INFO  no build target found for C:\Users\ankit chouhan\OneDrive\Desktop\Scala\Sum.scala. Using presentation compiler with project's scala-library version: 3.3.7
2026.07.09 22:17:43 INFO  no build target found for C:\Users\ankit chouhan\OneDrive\Desktop\Scala\Sum.scala. Using presentation compiler with project's scala-library version: 3.3.7
2026.07.09 22:17:44 INFO  no build target found for C:\Users\ankit chouhan\OneDrive\Desktop\Scala\Sum.scala. Using presentation compiler with project's scala-library version: 3.3.7
2026.07.09 22:17:44 INFO  no build target found for C:\Users\ankit chouhan\OneDrive\Desktop\Scala\Sum.scala. Using presentation compiler with project's scala-library version: 3.3.7
Jul 09, 2026 10:17:44 PM org.eclipse.lsp4j.jsonrpc.RemoteEndpoint fallbackResponseError
SEVERE: Internal error: Cannot invoke "Object.getClass()" because "this.tok" is null
java.lang.NullPointerException: Cannot invoke "Object.getClass()" because "this.tok" is null
	at scala.meta.internal.parsers.ScalametaParser$XtensionToken.is(ScalametaParser.scala:559)
	at scala.meta.internal.parsers.ScalametaParser.scala$meta$internal$parsers$ScalametaParser$$peek(ScalametaParser.scala:573)
	at scala.meta.internal.parsers.ScalametaParser.$anonfun$termParam$8(ScalametaParser.scala:3357)
	at scala.Option.getOrElse(Option.scala:201)
	at scala.meta.internal.parsers.ScalametaParser.$anonfun$termParam$1(ScalametaParser.scala:3349)
	at scala.meta.internal.parsers.ScalametaParser.atPos(ScalametaParser.scala:339)
	at scala.meta.internal.parsers.ScalametaParser.autoPos(ScalametaParser.scala:535)
	at scala.meta.internal.parsers.ScalametaParser.termParam(ScalametaParser.scala:3312)
	at scala.meta.internal.parsers.ScalametaParser.$anonfun$termParamClauseOnParen$3(ScalametaParser.scala:3296)
	at scala.meta.internal.parsers.ScalametaParser.$anonfun$termParamClauseOnParen$3$adapted(ScalametaParser.scala:3296)
	at scala.meta.internal.parsers.ScalametaParser.iter$1(ScalametaParser.scala:818)
	at scala.meta.internal.parsers.ScalametaParser.$anonfun$tokenSeparated$1(ScalametaParser.scala:823)
	at scala.meta.internal.parsers.ScalametaParser.$anonfun$tokenSeparated$1$adapted(ScalametaParser.scala:811)
	at scala.meta.internal.parsers.ScalametaParser.scala$meta$internal$parsers$ScalametaParser$$listBy(ScalametaParser.scala:733)
	at scala.meta.internal.parsers.ScalametaParser.tokenSeparated(ScalametaParser.scala:811)
	at scala.meta.internal.parsers.ScalametaParser.commaSeparatedWithIndex(ScalametaParser.scala:832)
	at scala.meta.internal.parsers.ScalametaParser.parseParams$1(ScalametaParser.scala:3296)
	at scala.meta.internal.parsers.ScalametaParser.$anonfun$termParamClauseOnParen$4(ScalametaParser.scala:3308)
	at scala.meta.internal.parsers.ScalametaParser.scala$meta$internal$parsers$ScalametaParser$$inParensAfterOpenOr(ScalametaParser.scala:261)
	at scala.meta.internal.parsers.ScalametaParser.scala$meta$internal$parsers$ScalametaParser$$inParensOnOpenOr(ScalametaParser.scala:252)
	at scala.meta.internal.parsers.ScalametaParser.$anonfun$termParamClauseOnParen$1(ScalametaParser.scala:3309)
	at scala.meta.internal.parsers.ScalametaParser.atPos(ScalametaParser.scala:339)
	at scala.meta.internal.parsers.ScalametaParser.autoPos(ScalametaParser.scala:535)
	at scala.meta.internal.parsers.ScalametaParser.termParamClauseOnParen(ScalametaParser.scala:3289)
	at scala.meta.internal.parsers.ScalametaParser.$anonfun$termParamClausesOnParen$1(ScalametaParser.scala:3279)
	at scala.meta.internal.parsers.ScalametaParser.$anonfun$termParamClausesOnParen$1$adapted(ScalametaParser.scala:3276)
	at scala.meta.internal.parsers.ScalametaParser.scala$meta$internal$parsers$ScalametaParser$$listBy(ScalametaParser.scala:733)
	at scala.meta.internal.parsers.ScalametaParser.termParamClausesOnParen(ScalametaParser.scala:3276)
	at scala.meta.internal.parsers.ScalametaParser.$anonfun$memberParamClauseGroupOnParen$1(ScalametaParser.scala:3225)
	at scala.meta.internal.parsers.ScalametaParser.atPos(ScalametaParser.scala:339)
	at scala.meta.internal.parsers.ScalametaParser.autoPos(ScalametaParser.scala:535)
	at scala.meta.internal.parsers.ScalametaParser.memberParamClauseGroupOnParen(ScalametaParser.scala:3225)
	at scala.meta.internal.parsers.ScalametaParser.onFirstParen$1(ScalametaParser.scala:3238)
	at scala.meta.internal.parsers.ScalametaParser.memberParamClauseGroup(ScalametaParser.scala:3241)
	at scala.meta.internal.parsers.ScalametaParser.$anonfun$memberParamClauseGroups$1(ScalametaParser.scala:3259)
	at scala.meta.internal.parsers.ScalametaParser.$anonfun$memberParamClauseGroups$1$adapted(ScalametaParser.scala:3257)
	at scala.meta.internal.parsers.ScalametaParser.scala$meta$internal$parsers$ScalametaParser$$listBy(ScalametaParser.scala:733)
	at scala.meta.internal.parsers.ScalametaParser.memberParamClauseGroups(ScalametaParser.scala:3257)
	at scala.meta.internal.parsers.ScalametaParser.funDefRestAfterKwDef(ScalametaParser.scala:3903)
	at scala.meta.internal.parsers.ScalametaParser.$anonfun$defOrDclOrSecondaryCtor$1(ScalametaParser.scala:3559)
	at scala.meta.internal.parsers.ScalametaParser.autoEndPos(ScalametaParser.scala:540)
	at scala.meta.internal.parsers.ScalametaParser.autoEndPos(ScalametaParser.scala:545)
	at scala.meta.internal.parsers.ScalametaParser.defOrDclOrSecondaryCtor(ScalametaParser.scala:3557)
	at scala.meta.internal.parsers.ScalametaParser.$anonfun$tmplDef$1(ScalametaParser.scala:3941)
	at scala.meta.internal.parsers.ScalametaParser.autoEndPosOpt(ScalametaParser.scala:543)
	at scala.meta.internal.parsers.ScalametaParser.autoEndPosOpt(ScalametaParser.scala:547)
	at scala.meta.internal.parsers.ScalametaParser.tmplDef(ScalametaParser.scala:3934)
	at scala.meta.internal.parsers.ScalametaParser.topLevelTmplDef(ScalametaParser.scala:3928)
	at scala.meta.internal.parsers.ScalametaParser$$anonfun$2.applyOrElse(ScalametaParser.scala:4416)
	at scala.meta.internal.parsers.ScalametaParser$$anonfun$2.applyOrElse(ScalametaParser.scala:4410)
	at scala.PartialFunction.$anonfun$runWith$1(PartialFunction.scala:242)
	at scala.PartialFunction.$anonfun$runWith$1$adapted(PartialFunction.scala:241)
	at scala.meta.internal.parsers.ScalametaParser.statSeqBuf(ScalametaParser.scala:4403)
	at scala.meta.internal.parsers.ScalametaParser.$anonfun$statSeq$1(ScalametaParser.scala:4392)
	at scala.meta.internal.parsers.ScalametaParser.$anonfun$statSeq$1$adapted(ScalametaParser.scala:4392)
	at scala.meta.internal.parsers.ScalametaParser.scala$meta$internal$parsers$ScalametaParser$$listBy(ScalametaParser.scala:733)
	at scala.meta.internal.parsers.ScalametaParser.statSeq(ScalametaParser.scala:4392)
	at scala.meta.internal.parsers.ScalametaParser.bracelessPackageStats$1(ScalametaParser.scala:4560)
	at scala.meta.internal.parsers.ScalametaParser.$anonfun$source$1(ScalametaParser.scala:4563)
	at scala.meta.internal.parsers.ScalametaParser.atPos(ScalametaParser.scala:339)
	at scala.meta.internal.parsers.ScalametaParser.autoPos(ScalametaParser.scala:535)
	at scala.meta.internal.parsers.ScalametaParser.source(ScalametaParser.scala:4528)
	at scala.meta.internal.parsers.ScalametaParser.entrypointSource(ScalametaParser.scala:4566)
	at scala.meta.internal.parsers.ScalametaParser.parseSourceImpl(ScalametaParser.scala:113)
	at scala.meta.internal.parsers.ScalametaParser.$anonfun$parseSource$1(ScalametaParser.scala:110)
	at scala.meta.internal.parsers.ScalametaParser.parseRuleAfterBOF(ScalametaParser.scala:59)
	at scala.meta.internal.parsers.ScalametaParser.parseRule(ScalametaParser.scala:54)
	at scala.meta.internal.parsers.ScalametaParser.parseSource(ScalametaParser.scala:110)
	at scala.meta.parsers.Parse$.$anonfun$parseSource$1(Parse.scala:32)
	at scala.meta.parsers.Parse$$anon$1.apply(Parse.scala:44)
	at scala.meta.parsers.Parse$$anon$1.apply(Parse.scala:38)
	at scala.meta.internal.mtags.ScalametaCommonEnrichments$XtensionInputOffset.safeParse(ScalametaCommonEnrichments.scala:656)
	at scala.meta.internal.parsing.Trees.$anonfun$parse$2(Trees.scala:228)
	at scala.Option.map(Option.scala:242)
	at scala.meta.internal.parsing.Trees.parse(Trees.scala:218)
	at scala.meta.internal.parsing.Trees.$anonfun$get$1(Trees.scala:46)
	at scala.Option.orElse(Option.scala:477)
	at scala.meta.internal.parsing.Trees.get(Trees.scala:46)
	at scala.meta.internal.parsing.Trees.findLastEnclosingAt(Trees.scala:124)
	at scala.meta.internal.metals.codeactions.RemoveInfixRefactor.contribute(RemoveInfixRefactor.scala:28)
	at scala.meta.internal.metals.codeactions.CodeActionProvider$$anonfun$1.applyOrElse(CodeActionProvider.scala:88)
	at scala.meta.internal.metals.codeactions.CodeActionProvider$$anonfun$1.applyOrElse(CodeActionProvider.scala:86)
	at scala.collection.immutable.List.collect(List.scala:265)
	at scala.meta.internal.metals.codeactions.CodeActionProvider.codeActions(CodeActionProvider.scala:86)
	at scala.meta.internal.metals.MetalsLspService.$anonfun$codeAction$1(MetalsLspService.scala:1217)
	at scala.meta.internal.metals.CancelTokens$.future(CancelTokens.scala:38)
	at scala.meta.internal.metals.MetalsLspService.codeAction(MetalsLspService.scala:1216)
	at scala.meta.internal.metals.WorkspaceLspService.codeAction(WorkspaceLspService.scala:626)
	at scala.meta.metals.lsp.DelegatingScalaService.codeAction(DelegatingScalaService.scala:157)
	at java.base/jdk.internal.reflect.DirectMethodHandleAccessor.invoke(DirectMethodHandleAccessor.java:104)
	at java.base/java.lang.reflect.Method.invoke(Method.java:565)
	at org.eclipse.lsp4j.jsonrpc.services.GenericEndpoint.lambda$recursiveFindRpcMethods$0(GenericEndpoint.java:65)
	at org.eclipse.lsp4j.jsonrpc.services.GenericEndpoint.request(GenericEndpoint.java:128)
	at org.eclipse.lsp4j.jsonrpc.RemoteEndpoint.handleRequest(RemoteEndpoint.java:265)
	at org.eclipse.lsp4j.jsonrpc.RemoteEndpoint.consume(RemoteEndpoint.java:195)
	at org.eclipse.lsp4j.jsonrpc.json.StreamMessageProducer.handleMessage(StreamMessageProducer.java:189)
	at org.eclipse.lsp4j.jsonrpc.json.StreamMessageProducer.listen(StreamMessageProducer.java:97)
	at org.eclipse.lsp4j.jsonrpc.json.ConcurrentMessageProcessor.run(ConcurrentMessageProcessor.java:97)
	at java.base/java.util.concurrent.Executors$RunnableAdapter.call(Executors.java:545)
	at java.base/java.util.concurrent.FutureTask.run(FutureTask.java:330)
	at java.base/java.util.concurrent.ThreadPoolExecutor.runWorker(ThreadPoolExecutor.java:1090)
	at java.base/java.util.concurrent.ThreadPoolExecutor$Worker.run(ThreadPoolExecutor.java:614)
	at java.base/java.lang.Thread.run(Thread.java:1516)

2026.07.09 22:17:43 INFO  no build target found for C:\Users\ankit chouhan\OneDrive\Desktop\Scala\Sum.scala. Using presentation compiler with project's scala-library version: 3.3.7
Jul 09, 2026 10:17:44 PM org.eclipse.lsp4j.jsonrpc.RemoteEndpoint fallbackResponseError
SEVERE: Internal error: java.lang.NullPointerException: Cannot invoke "Object.getClass()" because "this.tok" is null
java.util.concurrent.CompletionException: java.lang.NullPointerException: Cannot invoke "Object.getClass()" because "this.tok" is null
	at java.base/java.util.concurrent.CompletableFuture.wrapInCompletionException(CompletableFuture.java:323)
	at java.base/java.util.concurrent.CompletableFuture.encodeThrowable(CompletableFuture.java:376)
	at java.base/java.util.concurrent.CompletableFuture.completeThrowable(CompletableFuture.java:391)
	at java.base/java.util.concurrent.CompletableFuture$UniAccept.tryFire(CompletableFuture.java:729)
	at java.base/java.util.concurrent.CompletableFuture.postComplete(CompletableFuture.java:531)
	at java.base/java.util.concurrent.CompletableFuture.completeExceptionally(CompletableFuture.java:2221)
	at scala.meta.internal.metals.CancelTokens$.$anonfun$future$1(CancelTokens.scala:40)
	at scala.meta.internal.metals.CancelTokens$.$anonfun$future$1$adapted(CancelTokens.scala:38)
	at scala.concurrent.impl.Promise$Transformation.run(Promise.scala:517)
	at java.base/java.util.concurrent.ThreadPoolExecutor.runWorker(ThreadPoolExecutor.java:1090)
	at java.base/java.util.concurrent.ThreadPoolExecutor$Worker.run(ThreadPoolExecutor.java:614)
	at java.base/java.lang.Thread.run(Thread.java:1516)
Caused by: java.lang.NullPointerException: Cannot invoke "Object.getClass()" because "this.tok" is null
	at scala.meta.internal.parsers.ScalametaParser$XtensionToken.is(ScalametaParser.scala:559)
	at scala.meta.internal.parsers.ScalametaParser.scala$meta$internal$parsers$ScalametaParser$$peek(ScalametaParser.scala:573)
	at scala.meta.internal.parsers.ScalametaParser.$anonfun$termParam$8(ScalametaParser.scala:3357)
	at scala.Option.getOrElse(Option.scala:201)
	at scala.meta.internal.parsers.ScalametaParser.$anonfun$termParam$1(ScalametaParser.scala:3349)
	at scala.meta.internal.parsers.ScalametaParser.atPos(ScalametaParser.scala:339)
	at scala.meta.internal.parsers.ScalametaParser.autoPos(ScalametaParser.scala:535)
	at scala.meta.internal.parsers.ScalametaParser.termParam(ScalametaParser.scala:3312)
	at scala.meta.internal.parsers.ScalametaParser.$anonfun$termParamClauseOnParen$3(ScalametaParser.scala:3296)
	at scala.meta.internal.parsers.ScalametaParser.$anonfun$termParamClauseOnParen$3$adapted(ScalametaParser.scala:3296)
	at scala.meta.internal.parsers.ScalametaParser.iter$1(ScalametaParser.scala:818)
	at scala.meta.internal.parsers.ScalametaParser.$anonfun$tokenSeparated$1(ScalametaParser.scala:823)
	at scala.meta.internal.parsers.ScalametaParser.$anonfun$tokenSeparated$1$adapted(ScalametaParser.scala:811)
	at scala.meta.internal.parsers.ScalametaParser.scala$meta$internal$parsers$ScalametaParser$$listBy(ScalametaParser.scala:733)
	at scala.meta.internal.parsers.ScalametaParser.tokenSeparated(ScalametaParser.scala:811)
	at scala.meta.internal.parsers.ScalametaParser.commaSeparatedWithIndex(ScalametaParser.scala:832)
	at scala.meta.internal.parsers.ScalametaParser.parseParams$1(ScalametaParser.scala:3296)
	at scala.meta.internal.parsers.ScalametaParser.$anonfun$termParamClauseOnParen$4(ScalametaParser.scala:3308)
	at scala.meta.internal.parsers.ScalametaParser.scala$meta$internal$parsers$ScalametaParser$$inParensAfterOpenOr(ScalametaParser.scala:261)
	at scala.meta.internal.parsers.ScalametaParser.scala$meta$internal$parsers$ScalametaParser$$inParensOnOpenOr(ScalametaParser.scala:252)
	at scala.meta.internal.parsers.ScalametaParser.$anonfun$termParamClauseOnParen$1(ScalametaParser.scala:3309)
	at scala.meta.internal.parsers.ScalametaParser.atPos(ScalametaParser.scala:339)
	at scala.meta.internal.parsers.ScalametaParser.autoPos(ScalametaParser.scala:535)
	at scala.meta.internal.parsers.ScalametaParser.termParamClauseOnParen(ScalametaParser.scala:3289)
	at scala.meta.internal.parsers.ScalametaParser.$anonfun$termParamClausesOnParen$1(ScalametaParser.scala:3279)
	at scala.meta.internal.parsers.ScalametaParser.$anonfun$termParamClausesOnParen$1$adapted(ScalametaParser.scala:3276)
	at scala.meta.internal.parsers.ScalametaParser.scala$meta$internal$parsers$ScalametaParser$$listBy(ScalametaParser.scala:733)
	at scala.meta.internal.parsers.ScalametaParser.termParamClausesOnParen(ScalametaParser.scala:3276)
	at scala.meta.internal.parsers.ScalametaParser.$anonfun$memberParamClauseGroupOnParen$1(ScalametaParser.scala:3225)
	at scala.meta.internal.parsers.ScalametaParser.atPos(ScalametaParser.scala:339)
	at scala.meta.internal.parsers.ScalametaParser.autoPos(ScalametaParser.scala:535)
	at scala.meta.internal.parsers.ScalametaParser.memberParamClauseGroupOnParen(ScalametaParser.scala:3225)
	at scala.meta.internal.parsers.ScalametaParser.onFirstParen$1(ScalametaParser.scala:3238)
	at scala.meta.internal.parsers.ScalametaParser.memberParamClauseGroup(ScalametaParser.scala:3241)
	at scala.meta.internal.parsers.ScalametaParser.$anonfun$memberParamClauseGroups$1(ScalametaParser.scala:3259)
	at scala.meta.internal.parsers.ScalametaParser.$anonfun$memberParamClauseGroups$1$adapted(ScalametaParser.scala:3257)
	at scala.meta.internal.parsers.ScalametaParser.scala$meta$internal$parsers$ScalametaParser$$listBy(ScalametaParser.scala:733)
	at scala.meta.internal.parsers.ScalametaParser.memberParamClauseGroups(ScalametaParser.scala:3257)
	at scala.meta.internal.parsers.ScalametaParser.funDefRestAfterKwDef(ScalametaParser.scala:3903)
	at scala.meta.internal.parsers.ScalametaParser.$anonfun$defOrDclOrSecondaryCtor$1(ScalametaParser.scala:3559)
	at scala.meta.internal.parsers.ScalametaParser.autoEndPos(ScalametaParser.scala:540)
	at scala.meta.internal.parsers.ScalametaParser.autoEndPos(ScalametaParser.scala:545)
	at scala.meta.internal.parsers.ScalametaParser.defOrDclOrSecondaryCtor(ScalametaParser.scala:3557)
	at scala.meta.internal.parsers.ScalametaParser.$anonfun$tmplDef$1(ScalametaParser.scala:3941)
	at scala.meta.internal.parsers.ScalametaParser.autoEndPosOpt(ScalametaParser.scala:543)
	at scala.meta.internal.parsers.ScalametaParser.autoEndPosOpt(ScalametaParser.scala:547)
	at scala.meta.internal.parsers.ScalametaParser.tmplDef(ScalametaParser.scala:3934)
	at scala.meta.internal.parsers.ScalametaParser.topLevelTmplDef(ScalametaParser.scala:3928)
	at scala.meta.internal.parsers.ScalametaParser$$anonfun$2.applyOrElse(ScalametaParser.scala:4416)
	at scala.meta.internal.parsers.ScalametaParser$$anonfun$2.applyOrElse(ScalametaParser.scala:4410)
	at scala.PartialFunction.$anonfun$runWith$1(PartialFunction.scala:242)
	at scala.PartialFunction.$anonfun$runWith$1$adapted(PartialFunction.scala:241)
	at scala.meta.internal.parsers.ScalametaParser.statSeqBuf(ScalametaParser.scala:4403)
	at scala.meta.internal.parsers.ScalametaParser.$anonfun$statSeq$1(ScalametaParser.scala:4392)
	at scala.meta.internal.parsers.ScalametaParser.$anonfun$statSeq$1$adapted(ScalametaParser.scala:4392)
	at scala.meta.internal.parsers.ScalametaParser.scala$meta$internal$parsers$ScalametaParser$$listBy(ScalametaParser.scala:733)
	at scala.meta.internal.parsers.ScalametaParser.statSeq(ScalametaParser.scala:4392)
	at scala.meta.internal.parsers.ScalametaParser.bracelessPackageStats$1(ScalametaParser.scala:4560)
	at scala.meta.internal.parsers.ScalametaParser.$anonfun$source$1(ScalametaParser.scala:4563)
	at scala.meta.internal.parsers.ScalametaParser.atPos(ScalametaParser.scala:339)
	at scala.meta.internal.parsers.ScalametaParser.autoPos(ScalametaParser.scala:535)
	at scala.meta.internal.parsers.ScalametaParser.source(ScalametaParser.scala:4528)
	at scala.meta.internal.parsers.ScalametaParser.entrypointSource(ScalametaParser.scala:4566)
	at scala.meta.internal.parsers.ScalametaParser.parseSourceImpl(ScalametaParser.scala:113)
	at scala.meta.internal.parsers.ScalametaParser.$anonfun$parseSource$1(ScalametaParser.scala:110)
	at scala.meta.internal.parsers.ScalametaParser.parseRuleAfterBOF(ScalametaParser.scala:59)
	at scala.meta.internal.parsers.ScalametaParser.parseRule(ScalametaParser.scala:54)
	at scala.meta.internal.parsers.ScalametaParser.parseSource(ScalametaParser.scala:110)
	at scala.meta.parsers.Parse$.$anonfun$parseSource$1(Parse.scala:32)
	at scala.meta.parsers.Parse$$anon$1.apply(Parse.scala:44)
	at scala.meta.parsers.Parse$$anon$1.apply(Parse.scala:38)
	at scala.meta.internal.mtags.ScalametaCommonEnrichments$XtensionInputOffset.safeParse(ScalametaCommonEnrichments.scala:656)
	at scala.meta.internal.parsing.Trees.$anonfun$parse$2(Trees.scala:228)
	at scala.Option.map(Option.scala:242)
	at scala.meta.internal.parsing.Trees.parse(Trees.scala:218)
	at scala.meta.internal.parsing.Trees.$anonfun$get$1(Trees.scala:46)
	at scala.Option.orElse(Option.scala:477)
	at scala.meta.internal.parsing.Trees.get(Trees.scala:46)
	at scala.meta.internal.parsing.DocumentSymbolProvider.documentSymbols(DocumentSymbolProvider.scala:29)
	at scala.meta.internal.metals.MetalsLspService.$anonfun$documentSymbol$1(MetalsLspService.scala:1030)
	at scala.meta.internal.metals.CancelTokens$.$anonfun$apply$2(CancelTokens.scala:26)
	at scala.concurrent.Future$.$anonfun$apply$1(Future.scala:691)
	at scala.concurrent.impl.Promise$Transformation.run(Promise.scala:500)
	... 3 more

Jul 09, 2026 10:17:44 PM org.eclipse.lsp4j.jsonrpc.RemoteEndpoint fallbackResponseError
SEVERE: Internal error: java.lang.NullPointerException: Cannot invoke "Object.getClass()" because "this.tok" is null
java.util.concurrent.CompletionException: java.lang.NullPointerException: Cannot invoke "Object.getClass()" because "this.tok" is null
	at java.base/java.util.concurrent.CompletableFuture.wrapInCompletionException(CompletableFuture.java:323)
	at java.base/java.util.concurrent.CompletableFuture.encodeThrowable(CompletableFuture.java:376)
	at java.base/java.util.concurrent.CompletableFuture.completeThrowable(CompletableFuture.java:391)
	at java.base/java.util.concurrent.CompletableFuture$UniAccept.tryFire(CompletableFuture.java:729)
	at java.base/java.util.concurrent.CompletableFuture.postComplete(CompletableFuture.java:531)
	at java.base/java.util.concurrent.CompletableFuture.completeExceptionally(CompletableFuture.java:2221)
	at scala.meta.internal.metals.CancelTokens$.$anonfun$future$1(CancelTokens.scala:40)
	at scala.meta.internal.metals.CancelTokens$.$anonfun$future$1$adapted(CancelTokens.scala:38)
	at scala.concurrent.impl.Promise$Transformation.run(Promise.scala:517)
	at java.base/java.util.concurrent.ThreadPoolExecutor.runWorker(ThreadPoolExecutor.java:1090)
	at java.base/java.util.concurrent.ThreadPoolExecutor$Worker.run(ThreadPoolExecutor.java:614)
	at java.base/java.lang.Thread.run(Thread.java:1516)
Caused by: java.lang.NullPointerException: Cannot invoke "Object.getClass()" because "this.tok" is null
	at scala.meta.internal.parsers.ScalametaParser$XtensionToken.is(ScalametaParser.scala:559)
	at scala.meta.internal.parsers.ScalametaParser.scala$meta$internal$parsers$ScalametaParser$$peek(ScalametaParser.scala:573)
	at scala.meta.internal.parsers.ScalametaParser.$anonfun$termParam$8(ScalametaParser.scala:3357)
	at scala.Option.getOrElse(Option.scala:201)
	at scala.meta.internal.parsers.ScalametaParser.$anonfun$termParam$1(ScalametaParser.scala:3349)
	at scala.meta.internal.parsers.ScalametaParser.atPos(ScalametaParser.scala:339)
	at scala.meta.internal.parsers.ScalametaParser.autoPos(ScalametaParser.scala:535)
	at scala.meta.internal.parsers.ScalametaParser.termParam(ScalametaParser.scala:3312)
	at scala.meta.internal.parsers.ScalametaParser.$anonfun$termParamClauseOnParen$3(ScalametaParser.scala:3296)
	at scala.meta.internal.parsers.ScalametaParser.$anonfun$termParamClauseOnParen$3$adapted(ScalametaParser.scala:3296)
	at scala.meta.internal.parsers.ScalametaParser.iter$1(ScalametaParser.scala:818)
	at scala.meta.internal.parsers.ScalametaParser.$anonfun$tokenSeparated$1(ScalametaParser.scala:823)
	at scala.meta.internal.parsers.ScalametaParser.$anonfun$tokenSeparated$1$adapted(ScalametaParser.scala:811)
	at scala.meta.internal.parsers.ScalametaParser.scala$meta$internal$parsers$ScalametaParser$$listBy(ScalametaParser.scala:733)
	at scala.meta.internal.parsers.ScalametaParser.tokenSeparated(ScalametaParser.scala:811)
	at scala.meta.internal.parsers.ScalametaParser.commaSeparatedWithIndex(ScalametaParser.scala:832)
	at scala.meta.internal.parsers.ScalametaParser.parseParams$1(ScalametaParser.scala:3296)
	at scala.meta.internal.parsers.ScalametaParser.$anonfun$termParamClauseOnParen$4(ScalametaParser.scala:3308)
	at scala.meta.internal.parsers.ScalametaParser.scala$meta$internal$parsers$ScalametaParser$$inParensAfterOpenOr(ScalametaParser.scala:261)
	at scala.meta.internal.parsers.ScalametaParser.scala$meta$internal$parsers$ScalametaParser$$inParensOnOpenOr(ScalametaParser.scala:252)
	at scala.meta.internal.parsers.ScalametaParser.$anonfun$termParamClauseOnParen$1(ScalametaParser.scala:3309)
	at scala.meta.internal.parsers.ScalametaParser.atPos(ScalametaParser.scala:339)
	at scala.meta.internal.parsers.ScalametaParser.autoPos(ScalametaParser.scala:535)
	at scala.meta.internal.parsers.ScalametaParser.termParamClauseOnParen(ScalametaParser.scala:3289)
	at scala.meta.internal.parsers.ScalametaParser.$anonfun$termParamClausesOnParen$1(ScalametaParser.scala:3279)
	at scala.meta.internal.parsers.ScalametaParser.$anonfun$termParamClausesOnParen$1$adapted(ScalametaParser.scala:3276)
	at scala.meta.internal.parsers.ScalametaParser.scala$meta$internal$parsers$ScalametaParser$$listBy(ScalametaParser.scala:733)
	at scala.meta.internal.parsers.ScalametaParser.termParamClausesOnParen(ScalametaParser.scala:3276)
	at scala.meta.internal.parsers.ScalametaParser.$anonfun$memberParamClauseGroupOnParen$1(ScalametaParser.scala:3225)
	at scala.meta.internal.parsers.ScalametaParser.atPos(ScalametaParser.scala:339)
	at scala.meta.internal.parsers.ScalametaParser.autoPos(ScalametaParser.scala:535)
	at scala.meta.internal.parsers.ScalametaParser.memberParamClauseGroupOnParen(ScalametaParser.scala:3225)
	at scala.meta.internal.parsers.ScalametaParser.onFirstParen$1(ScalametaParser.scala:3238)
	at scala.meta.internal.parsers.ScalametaParser.memberParamClauseGroup(ScalametaParser.scala:3241)
	at scala.meta.internal.parsers.ScalametaParser.$anonfun$memberParamClauseGroups$1(ScalametaParser.scala:3259)
	at scala.meta.internal.parsers.ScalametaParser.$anonfun$memberParamClauseGroups$1$adapted(ScalametaParser.scala:3257)
	at scala.meta.internal.parsers.ScalametaParser.scala$meta$internal$parsers$ScalametaParser$$listBy(ScalametaParser.scala:733)
	at scala.meta.internal.parsers.ScalametaParser.memberParamClauseGroups(ScalametaParser.scala:3257)
	at scala.meta.internal.parsers.ScalametaParser.funDefRestAfterKwDef(ScalametaParser.scala:3903)
	at scala.meta.internal.parsers.ScalametaParser.$anonfun$defOrDclOrSecondaryCtor$1(ScalametaParser.scala:3559)
	at scala.meta.internal.parsers.ScalametaParser.autoEndPos(ScalametaParser.scala:540)
	at scala.meta.internal.parsers.ScalametaParser.autoEndPos(ScalametaParser.scala:545)
	at scala.meta.internal.parsers.ScalametaParser.defOrDclOrSecondaryCtor(ScalametaParser.scala:3557)
	at scala.meta.internal.parsers.ScalametaParser.$anonfun$tmplDef$1(ScalametaParser.scala:3941)
	at scala.meta.internal.parsers.ScalametaParser.autoEndPosOpt(ScalametaParser.scala:543)
	at scala.meta.internal.parsers.ScalametaParser.autoEndPosOpt(ScalametaParser.scala:547)
	at scala.meta.internal.parsers.ScalametaParser.tmplDef(ScalametaParser.scala:3934)
	at scala.meta.internal.parsers.ScalametaParser.topLevelTmplDef(ScalametaParser.scala:3928)
	at scala.meta.internal.parsers.ScalametaParser$$anonfun$2.applyOrElse(ScalametaParser.scala:4416)
	at scala.meta.internal.parsers.ScalametaParser$$anonfun$2.applyOrElse(ScalametaParser.scala:4410)
	at scala.PartialFunction.$anonfun$runWith$1(PartialFunction.scala:242)
	at scala.PartialFunction.$anonfun$runWith$1$adapted(PartialFunction.scala:241)
	at scala.meta.internal.parsers.ScalametaParser.statSeqBuf(ScalametaParser.scala:4403)
	at scala.meta.internal.parsers.ScalametaParser.$anonfun$statSeq$1(ScalametaParser.scala:4392)
	at scala.meta.internal.parsers.ScalametaParser.$anonfun$statSeq$1$adapted(ScalametaParser.scala:4392)
	at scala.meta.internal.parsers.ScalametaParser.scala$meta$internal$parsers$ScalametaParser$$listBy(ScalametaParser.scala:733)
	at scala.meta.internal.parsers.ScalametaParser.statSeq(ScalametaParser.scala:4392)
	at scala.meta.internal.parsers.ScalametaParser.bracelessPackageStats$1(ScalametaParser.scala:4560)
	at scala.meta.internal.parsers.ScalametaParser.$anonfun$source$1(ScalametaParser.scala:4563)
	at scala.meta.internal.parsers.ScalametaParser.atPos(ScalametaParser.scala:339)
	at scala.meta.internal.parsers.ScalametaParser.autoPos(ScalametaParser.scala:535)
	at scala.meta.internal.parsers.ScalametaParser.source(ScalametaParser.scala:4528)
	at scala.meta.internal.parsers.ScalametaParser.entrypointSource(ScalametaParser.scala:4566)
	at scala.meta.internal.parsers.ScalametaParser.parseSourceImpl(ScalametaParser.scala:113)
	at scala.meta.internal.parsers.ScalametaParser.$anonfun$parseSource$1(ScalametaParser.scala:110)
	at scala.meta.internal.parsers.ScalametaParser.parseRuleAfterBOF(ScalametaParser.scala:59)
	at scala.meta.internal.parsers.ScalametaParser.parseRule(ScalametaParser.scala:54)
	at scala.meta.internal.parsers.ScalametaParser.parseSource(ScalametaParser.scala:110)
	at scala.meta.parsers.Parse$.$anonfun$parseSource$1(Parse.scala:32)
	at scala.meta.parsers.Parse$$anon$1.apply(Parse.scala:44)
	at scala.meta.parsers.Parse$$anon$1.apply(Parse.scala:38)
	at scala.meta.internal.mtags.ScalametaCommonEnrichments$XtensionInputOffset.safeParse(ScalametaCommonEnrichments.scala:656)
	at scala.meta.internal.parsing.Trees.$anonfun$parse$2(Trees.scala:228)
	at scala.Option.map(Option.scala:242)
	at scala.meta.internal.parsing.Trees.parse(Trees.scala:218)
	at scala.meta.internal.parsing.Trees.$anonfun$get$1(Trees.scala:46)
	at scala.Option.orElse(Option.scala:477)
	at scala.meta.internal.parsing.Trees.get(Trees.scala:46)
	at scala.meta.internal.parsing.DocumentSymbolProvider.documentSymbols(DocumentSymbolProvider.scala:29)
	at scala.meta.internal.metals.MetalsLspService.$anonfun$documentSymbol$1(MetalsLspService.scala:1030)
	at scala.meta.internal.metals.CancelTokens$.$anonfun$apply$2(CancelTokens.scala:26)
	at scala.concurrent.Future$.$anonfun$apply$1(Future.scala:691)
	at scala.concurrent.impl.Promise$Transformation.run(Promise.scala:500)
	... 3 more

2026.07.09 22:17:44 INFO  no build target found for C:\Users\ankit chouhan\OneDrive\Desktop\Scala\Sum.scala. Using presentation compiler with project's scala-library version: 3.3.7
2026.07.09 22:17:44 INFO  no build target found for C:\Users\ankit chouhan\OneDrive\Desktop\Scala\Sum.scala. Using presentation compiler with project's scala-library version: 3.3.7
2026.07.09 22:17:45 INFO  no build target found for C:\Users\ankit chouhan\OneDrive\Desktop\Scala\Sum.scala. Using presentation compiler with project's scala-library version: 3.3.7
2026.07.09 22:17:45 INFO  no build target found for C:\Users\ankit chouhan\OneDrive\Desktop\Scala\Sum.scala. Using presentation compiler with project's scala-library version: 3.3.7
2026.07.09 22:17:45 INFO  no build target found for C:\Users\ankit chouhan\OneDrive\Desktop\Scala\Sum.scala. Using presentation compiler with project's scala-library version: 3.3.7
Jul 09, 2026 10:17:45 PM org.eclipse.lsp4j.jsonrpc.RemoteEndpoint fallbackResponseError
SEVERE: Internal error: Cannot invoke "Object.getClass()" because "this.tok" is null
java.lang.NullPointerException: Cannot invoke "Object.getClass()" because "this.tok" is null
	at scala.meta.internal.parsers.ScalametaParser$XtensionToken.is(ScalametaParser.scala:559)
	at scala.meta.internal.parsers.ScalametaParser.scala$meta$internal$parsers$ScalametaParser$$peek(ScalametaParser.scala:573)
	at scala.meta.internal.parsers.ScalametaParser.$anonfun$termParam$8(ScalametaParser.scala:3357)
	at scala.Option.getOrElse(Option.scala:201)
	at scala.meta.internal.parsers.ScalametaParser.$anonfun$termParam$1(ScalametaParser.scala:3349)
	at scala.meta.internal.parsers.ScalametaParser.atPos(ScalametaParser.scala:339)
	at scala.meta.internal.parsers.ScalametaParser.autoPos(ScalametaParser.scala:535)
	at scala.meta.internal.parsers.ScalametaParser.termParam(ScalametaParser.scala:3312)
	at scala.meta.internal.parsers.ScalametaParser.$anonfun$termParamClauseOnParen$3(ScalametaParser.scala:3296)
	at scala.meta.internal.parsers.ScalametaParser.$anonfun$termParamClauseOnParen$3$adapted(ScalametaParser.scala:3296)
	at scala.meta.internal.parsers.ScalametaParser.iter$1(ScalametaParser.scala:818)
	at scala.meta.internal.parsers.ScalametaParser.$anonfun$tokenSeparated$1(ScalametaParser.scala:823)
	at scala.meta.internal.parsers.ScalametaParser.$anonfun$tokenSeparated$1$adapted(ScalametaParser.scala:811)
	at scala.meta.internal.parsers.ScalametaParser.scala$meta$internal$parsers$ScalametaParser$$listBy(ScalametaParser.scala:733)
	at scala.meta.internal.parsers.ScalametaParser.tokenSeparated(ScalametaParser.scala:811)
	at scala.meta.internal.parsers.ScalametaParser.commaSeparatedWithIndex(ScalametaParser.scala:832)
	at scala.meta.internal.parsers.ScalametaParser.parseParams$1(ScalametaParser.scala:3296)
	at scala.meta.internal.parsers.ScalametaParser.$anonfun$termParamClauseOnParen$4(ScalametaParser.scala:3308)
	at scala.meta.internal.parsers.ScalametaParser.scala$meta$internal$parsers$ScalametaParser$$inParensAfterOpenOr(ScalametaParser.scala:261)
	at scala.meta.internal.parsers.ScalametaParser.scala$meta$internal$parsers$ScalametaParser$$inParensOnOpenOr(ScalametaParser.scala:252)
	at scala.meta.internal.parsers.ScalametaParser.$anonfun$termParamClauseOnParen$1(ScalametaParser.scala:3309)
	at scala.meta.internal.parsers.ScalametaParser.atPos(ScalametaParser.scala:339)
	at scala.meta.internal.parsers.ScalametaParser.autoPos(ScalametaParser.scala:535)
	at scala.meta.internal.parsers.ScalametaParser.termParamClauseOnParen(ScalametaParser.scala:3289)
	at scala.meta.internal.parsers.ScalametaParser.$anonfun$termParamClausesOnParen$1(ScalametaParser.scala:3279)
	at scala.meta.internal.parsers.ScalametaParser.$anonfun$termParamClausesOnParen$1$adapted(ScalametaParser.scala:3276)
	at scala.meta.internal.parsers.ScalametaParser.scala$meta$internal$parsers$ScalametaParser$$listBy(ScalametaParser.scala:733)
	at scala.meta.internal.parsers.ScalametaParser.termParamClausesOnParen(ScalametaParser.scala:3276)
	at scala.meta.internal.parsers.ScalametaParser.$anonfun$memberParamClauseGroupOnParen$1(ScalametaParser.scala:3225)
	at scala.meta.internal.parsers.ScalametaParser.atPos(ScalametaParser.scala:339)
	at scala.meta.internal.parsers.ScalametaParser.autoPos(ScalametaParser.scala:535)
	at scala.meta.internal.parsers.ScalametaParser.memberParamClauseGroupOnParen(ScalametaParser.scala:3225)
	at scala.meta.internal.parsers.ScalametaParser.onFirstParen$1(ScalametaParser.scala:3238)
	at scala.meta.internal.parsers.ScalametaParser.memberParamClauseGroup(ScalametaParser.scala:3241)
	at scala.meta.internal.parsers.ScalametaParser.$anonfun$memberParamClauseGroups$1(ScalametaParser.scala:3259)
	at scala.meta.internal.parsers.ScalametaParser.$anonfun$memberParamClauseGroups$1$adapted(ScalametaParser.scala:3257)
	at scala.meta.internal.parsers.ScalametaParser.scala$meta$internal$parsers$ScalametaParser$$listBy(ScalametaParser.scala:733)
	at scala.meta.internal.parsers.ScalametaParser.memberParamClauseGroups(ScalametaParser.scala:3257)
	at scala.meta.internal.parsers.ScalametaParser.funDefRestAfterKwDef(ScalametaParser.scala:3903)
	at scala.meta.internal.parsers.ScalametaParser.$anonfun$defOrDclOrSecondaryCtor$1(ScalametaParser.scala:3559)
	at scala.meta.internal.parsers.ScalametaParser.autoEndPos(ScalametaParser.scala:540)
	at scala.meta.internal.parsers.ScalametaParser.autoEndPos(ScalametaParser.scala:545)
	at scala.meta.internal.parsers.ScalametaParser.defOrDclOrSecondaryCtor(ScalametaParser.scala:3557)
	at scala.meta.internal.parsers.ScalametaParser.$anonfun$tmplDef$1(ScalametaParser.scala:3941)
	at scala.meta.internal.parsers.ScalametaParser.autoEndPosOpt(ScalametaParser.scala:543)
	at scala.meta.internal.parsers.ScalametaParser.autoEndPosOpt(ScalametaParser.scala:547)
	at scala.meta.internal.parsers.ScalametaParser.tmplDef(ScalametaParser.scala:3934)
	at scala.meta.internal.parsers.ScalametaParser.topLevelTmplDef(ScalametaParser.scala:3928)
	at scala.meta.internal.parsers.ScalametaParser$$anonfun$2.applyOrElse(ScalametaParser.scala:4416)
	at scala.meta.internal.parsers.ScalametaParser$$anonfun$2.applyOrElse(ScalametaParser.scala:4410)
	at scala.PartialFunction.$anonfun$runWith$1(PartialFunction.scala:242)
	at scala.PartialFunction.$anonfun$runWith$1$adapted(PartialFunction.scala:241)
	at scala.meta.internal.parsers.ScalametaParser.statSeqBuf(ScalametaParser.scala:4403)
	at scala.meta.internal.parsers.ScalametaParser.$anonfun$statSeq$1(ScalametaParser.scala:4392)
	at scala.meta.internal.parsers.ScalametaParser.$anonfun$statSeq$1$adapted(ScalametaParser.scala:4392)
	at scala.meta.internal.parsers.ScalametaParser.scala$meta$internal$parsers$ScalametaParser$$listBy(ScalametaParser.scala:733)
	at scala.meta.internal.parsers.ScalametaParser.statSeq(ScalametaParser.scala:4392)
	at scala.meta.internal.parsers.ScalametaParser.bracelessPackageStats$1(ScalametaParser.scala:4560)
	at scala.meta.internal.parsers.ScalametaParser.$anonfun$source$1(ScalametaParser.scala:4563)
	at scala.meta.internal.parsers.ScalametaParser.atPos(ScalametaParser.scala:339)
	at scala.meta.internal.parsers.ScalametaParser.autoPos(ScalametaParser.scala:535)
	at scala.meta.internal.parsers.ScalametaParser.source(ScalametaParser.scala:4528)
	at scala.meta.internal.parsers.ScalametaParser.entrypointSource(ScalametaParser.scala:4566)
	at scala.meta.internal.parsers.ScalametaParser.parseSourceImpl(ScalametaParser.scala:113)
	at scala.meta.internal.parsers.ScalametaParser.$anonfun$parseSource$1(ScalametaParser.scala:110)
	at scala.meta.internal.parsers.ScalametaParser.parseRuleAfterBOF(ScalametaParser.scala:59)
	at scala.meta.internal.parsers.ScalametaParser.parseRule(ScalametaParser.scala:54)
	at scala.meta.internal.parsers.ScalametaParser.parseSource(ScalametaParser.scala:110)
	at scala.meta.parsers.Parse$.$anonfun$parseSource$1(Parse.scala:32)
	at scala.meta.parsers.Parse$$anon$1.apply(Parse.scala:44)
	at scala.meta.parsers.Parse$$anon$1.apply(Parse.scala:38)
	at scala.meta.internal.mtags.ScalametaCommonEnrichments$XtensionInputOffset.safeParse(ScalametaCommonEnrichments.scala:656)
	at scala.meta.internal.parsing.Trees.$anonfun$parse$2(Trees.scala:228)
	at scala.Option.map(Option.scala:242)
	at scala.meta.internal.parsing.Trees.parse(Trees.scala:218)
	at scala.meta.internal.parsing.Trees.$anonfun$get$1(Trees.scala:46)
	at scala.Option.orElse(Option.scala:477)
	at scala.meta.internal.parsing.Trees.get(Trees.scala:46)
	at scala.meta.internal.parsing.Trees.findLastEnclosingAt(Trees.scala:124)
	at scala.meta.internal.metals.codeactions.RemoveInfixRefactor.contribute(RemoveInfixRefactor.scala:28)
	at scala.meta.internal.metals.codeactions.CodeActionProvider$$anonfun$1.applyOrElse(CodeActionProvider.scala:88)
	at scala.meta.internal.metals.codeactions.CodeActionProvider$$anonfun$1.applyOrElse(CodeActionProvider.scala:86)
	at scala.collection.immutable.List.collect(List.scala:265)
	at scala.meta.internal.metals.codeactions.CodeActionProvider.codeActions(CodeActionProvider.scala:86)
	at scala.meta.internal.metals.MetalsLspService.$anonfun$codeAction$1(MetalsLspService.scala:1217)
	at scala.meta.internal.metals.CancelTokens$.future(CancelTokens.scala:38)
	at scala.meta.internal.metals.MetalsLspService.codeAction(MetalsLspService.scala:1216)
	at scala.meta.internal.metals.WorkspaceLspService.codeAction(WorkspaceLspService.scala:626)
	at scala.meta.metals.lsp.DelegatingScalaService.codeAction(DelegatingScalaService.scala:157)
	at java.base/jdk.internal.reflect.DirectMethodHandleAccessor.invoke(DirectMethodHandleAccessor.java:104)
	at java.base/java.lang.reflect.Method.invoke(Method.java:565)
	at org.eclipse.lsp4j.jsonrpc.services.GenericEndpoint.lambda$recursiveFindRpcMethods$0(GenericEndpoint.java:65)
	at org.eclipse.lsp4j.jsonrpc.services.GenericEndpoint.request(GenericEndpoint.java:128)
	at org.eclipse.lsp4j.jsonrpc.RemoteEndpoint.handleRequest(RemoteEndpoint.java:265)
	at org.eclipse.lsp4j.jsonrpc.RemoteEndpoint.consume(RemoteEndpoint.java:195)
	at org.eclipse.lsp4j.jsonrpc.json.StreamMessageProducer.handleMessage(StreamMessageProducer.java:189)
	at org.eclipse.lsp4j.jsonrpc.json.StreamMessageProducer.listen(StreamMessageProducer.java:97)
	at org.eclipse.lsp4j.jsonrpc.json.ConcurrentMessageProcessor.run(ConcurrentMessageProcessor.java:97)
	at java.base/java.util.concurrent.Executors$RunnableAdapter.call(Executors.java:545)
	at java.base/java.util.concurrent.FutureTask.run(FutureTask.java:330)
	at java.base/java.util.concurrent.ThreadPoolExecutor.runWorker(ThreadPoolExecutor.java:1090)
	at java.base/java.util.concurrent.ThreadPoolExecutor$Worker.run(ThreadPoolExecutor.java:614)
	at java.base/java.lang.Thread.run(Thread.java:1516)

2026.07.09 22:17:45 INFO  no build target found for C:\Users\ankit chouhan\OneDrive\Desktop\Scala\Sum.scala. Using presentation compiler with project's scala-library version: 3.3.7
Jul 09, 2026 10:17:45 PM org.eclipse.lsp4j.jsonrpc.RemoteEndpoint fallbackResponseError
SEVERE: Internal error: java.lang.NullPointerException: Cannot invoke "Object.getClass()" because "this.tok" is null
java.util.concurrent.CompletionException: java.lang.NullPointerException: Cannot invoke "Object.getClass()" because "this.tok" is null
	at java.base/java.util.concurrent.CompletableFuture.wrapInCompletionException(CompletableFuture.java:323)
	at java.base/java.util.concurrent.CompletableFuture.encodeThrowable(CompletableFuture.java:376)
	at java.base/java.util.concurrent.CompletableFuture.completeThrowable(CompletableFuture.java:391)
	at java.base/java.util.concurrent.CompletableFuture$UniAccept.tryFire(CompletableFuture.java:729)
	at java.base/java.util.concurrent.CompletableFuture.postComplete(CompletableFuture.java:531)
	at java.base/java.util.concurrent.CompletableFuture.completeExceptionally(CompletableFuture.java:2221)
	at scala.meta.internal.metals.CancelTokens$.$anonfun$future$1(CancelTokens.scala:40)
	at scala.meta.internal.metals.CancelTokens$.$anonfun$future$1$adapted(CancelTokens.scala:38)
	at scala.concurrent.impl.Promise$Transformation.run(Promise.scala:517)
	at java.base/java.util.concurrent.ThreadPoolExecutor.runWorker(ThreadPoolExecutor.java:1090)
	at java.base/java.util.concurrent.ThreadPoolExecutor$Worker.run(ThreadPoolExecutor.java:614)
	at java.base/java.lang.Thread.run(Thread.java:1516)
Caused by: java.lang.NullPointerException: Cannot invoke "Object.getClass()" because "this.tok" is null
	at scala.meta.internal.parsers.ScalametaParser$XtensionToken.is(ScalametaParser.scala:559)
	at scala.meta.internal.parsers.ScalametaParser.scala$meta$internal$parsers$ScalametaParser$$peek(ScalametaParser.scala:573)
	at scala.meta.internal.parsers.ScalametaParser.$anonfun$termParam$8(ScalametaParser.scala:3357)
	at scala.Option.getOrElse(Option.scala:201)
	at scala.meta.internal.parsers.ScalametaParser.$anonfun$termParam$1(ScalametaParser.scala:3349)
	at scala.meta.internal.parsers.ScalametaParser.atPos(ScalametaParser.scala:339)
	at scala.meta.internal.parsers.ScalametaParser.autoPos(ScalametaParser.scala:535)
	at scala.meta.internal.parsers.ScalametaParser.termParam(ScalametaParser.scala:3312)
	at scala.meta.internal.parsers.ScalametaParser.$anonfun$termParamClauseOnParen$3(ScalametaParser.scala:3296)
	at scala.meta.internal.parsers.ScalametaParser.$anonfun$termParamClauseOnParen$3$adapted(ScalametaParser.scala:3296)
	at scala.meta.internal.parsers.ScalametaParser.iter$1(ScalametaParser.scala:818)
	at scala.meta.internal.parsers.ScalametaParser.$anonfun$tokenSeparated$1(ScalametaParser.scala:823)
	at scala.meta.internal.parsers.ScalametaParser.$anonfun$tokenSeparated$1$adapted(ScalametaParser.scala:811)
	at scala.meta.internal.parsers.ScalametaParser.scala$meta$internal$parsers$ScalametaParser$$listBy(ScalametaParser.scala:733)
	at scala.meta.internal.parsers.ScalametaParser.tokenSeparated(ScalametaParser.scala:811)
	at scala.meta.internal.parsers.ScalametaParser.commaSeparatedWithIndex(ScalametaParser.scala:832)
	at scala.meta.internal.parsers.ScalametaParser.parseParams$1(ScalametaParser.scala:3296)
	at scala.meta.internal.parsers.ScalametaParser.$anonfun$termParamClauseOnParen$4(ScalametaParser.scala:3308)
	at scala.meta.internal.parsers.ScalametaParser.scala$meta$internal$parsers$ScalametaParser$$inParensAfterOpenOr(ScalametaParser.scala:261)
	at scala.meta.internal.parsers.ScalametaParser.scala$meta$internal$parsers$ScalametaParser$$inParensOnOpenOr(ScalametaParser.scala:252)
	at scala.meta.internal.parsers.ScalametaParser.$anonfun$termParamClauseOnParen$1(ScalametaParser.scala:3309)
	at scala.meta.internal.parsers.ScalametaParser.atPos(ScalametaParser.scala:339)
	at scala.meta.internal.parsers.ScalametaParser.autoPos(ScalametaParser.scala:535)
	at scala.meta.internal.parsers.ScalametaParser.termParamClauseOnParen(ScalametaParser.scala:3289)
	at scala.meta.internal.parsers.ScalametaParser.$anonfun$termParamClausesOnParen$1(ScalametaParser.scala:3279)
	at scala.meta.internal.parsers.ScalametaParser.$anonfun$termParamClausesOnParen$1$adapted(ScalametaParser.scala:3276)
	at scala.meta.internal.parsers.ScalametaParser.scala$meta$internal$parsers$ScalametaParser$$listBy(ScalametaParser.scala:733)
	at scala.meta.internal.parsers.ScalametaParser.termParamClausesOnParen(ScalametaParser.scala:3276)
	at scala.meta.internal.parsers.ScalametaParser.$anonfun$memberParamClauseGroupOnParen$1(ScalametaParser.scala:3225)
	at scala.meta.internal.parsers.ScalametaParser.atPos(ScalametaParser.scala:339)
	at scala.meta.internal.parsers.ScalametaParser.autoPos(ScalametaParser.scala:535)
	at scala.meta.internal.parsers.ScalametaParser.memberParamClauseGroupOnParen(ScalametaParser.scala:3225)
	at scala.meta.internal.parsers.ScalametaParser.onFirstParen$1(ScalametaParser.scala:3238)
	at scala.meta.internal.parsers.ScalametaParser.memberParamClauseGroup(ScalametaParser.scala:3241)
	at scala.meta.internal.parsers.ScalametaParser.$anonfun$memberParamClauseGroups$1(ScalametaParser.scala:3259)
	at scala.meta.internal.parsers.ScalametaParser.$anonfun$memberParamClauseGroups$1$adapted(ScalametaParser.scala:3257)
	at scala.meta.internal.parsers.ScalametaParser.scala$meta$internal$parsers$ScalametaParser$$listBy(ScalametaParser.scala:733)
	at scala.meta.internal.parsers.ScalametaParser.memberParamClauseGroups(ScalametaParser.scala:3257)
	at scala.meta.internal.parsers.ScalametaParser.funDefRestAfterKwDef(ScalametaParser.scala:3903)
	at scala.meta.internal.parsers.ScalametaParser.$anonfun$defOrDclOrSecondaryCtor$1(ScalametaParser.scala:3559)
	at scala.meta.internal.parsers.ScalametaParser.autoEndPos(ScalametaParser.scala:540)
	at scala.meta.internal.parsers.ScalametaParser.autoEndPos(ScalametaParser.scala:545)
	at scala.meta.internal.parsers.ScalametaParser.defOrDclOrSecondaryCtor(ScalametaParser.scala:3557)
	at scala.meta.internal.parsers.ScalametaParser.$anonfun$tmplDef$1(ScalametaParser.scala:3941)
	at scala.meta.internal.parsers.ScalametaParser.autoEndPosOpt(ScalametaParser.scala:543)
	at scala.meta.internal.parsers.ScalametaParser.autoEndPosOpt(ScalametaParser.scala:547)
	at scala.meta.internal.parsers.ScalametaParser.tmplDef(ScalametaParser.scala:3934)
	at scala.meta.internal.parsers.ScalametaParser.topLevelTmplDef(ScalametaParser.scala:3928)
	at scala.meta.internal.parsers.ScalametaParser$$anonfun$2.applyOrElse(ScalametaParser.scala:4416)
	at scala.meta.internal.parsers.ScalametaParser$$anonfun$2.applyOrElse(ScalametaParser.scala:4410)
	at scala.PartialFunction.$anonfun$runWith$1(PartialFunction.scala:242)
	at scala.PartialFunction.$anonfun$runWith$1$adapted(PartialFunction.scala:241)
	at scala.meta.internal.parsers.ScalametaParser.statSeqBuf(ScalametaParser.scala:4403)
	at scala.meta.internal.parsers.ScalametaParser.$anonfun$statSeq$1(ScalametaParser.scala:4392)
	at scala.meta.internal.parsers.ScalametaParser.$anonfun$statSeq$1$adapted(ScalametaParser.scala:4392)
	at scala.meta.internal.parsers.ScalametaParser.scala$meta$internal$parsers$ScalametaParser$$listBy(ScalametaParser.scala:733)
	at scala.meta.internal.parsers.ScalametaParser.statSeq(ScalametaParser.scala:4392)
	at scala.meta.internal.parsers.ScalametaParser.bracelessPackageStats$1(ScalametaParser.scala:4560)
	at scala.meta.internal.parsers.ScalametaParser.$anonfun$source$1(ScalametaParser.scala:4563)
	at scala.meta.internal.parsers.ScalametaParser.atPos(ScalametaParser.scala:339)
	at scala.meta.internal.parsers.ScalametaParser.autoPos(ScalametaParser.scala:535)
	at scala.meta.internal.parsers.ScalametaParser.source(ScalametaParser.scala:4528)
	at scala.meta.internal.parsers.ScalametaParser.entrypointSource(ScalametaParser.scala:4566)
	at scala.meta.internal.parsers.ScalametaParser.parseSourceImpl(ScalametaParser.scala:113)
	at scala.meta.internal.parsers.ScalametaParser.$anonfun$parseSource$1(ScalametaParser.scala:110)
	at scala.meta.internal.parsers.ScalametaParser.parseRuleAfterBOF(ScalametaParser.scala:59)
	at scala.meta.internal.parsers.ScalametaParser.parseRule(ScalametaParser.scala:54)
	at scala.meta.internal.parsers.ScalametaParser.parseSource(ScalametaParser.scala:110)
	at scala.meta.parsers.Parse$.$anonfun$parseSource$1(Parse.scala:32)
	at scala.meta.parsers.Parse$$anon$1.apply(Parse.scala:44)
	at scala.meta.parsers.Parse$$anon$1.apply(Parse.scala:38)
	at scala.meta.internal.mtags.ScalametaCommonEnrichments$XtensionInputOffset.safeParse(ScalametaCommonEnrichments.scala:656)
	at scala.meta.internal.parsing.Trees.$anonfun$parse$2(Trees.scala:228)
	at scala.Option.map(Option.scala:242)
	at scala.meta.internal.parsing.Trees.parse(Trees.scala:218)
	at scala.meta.internal.parsing.Trees.$anonfun$get$1(Trees.scala:46)
	at scala.Option.orElse(Option.scala:477)
	at scala.meta.internal.parsing.Trees.get(Trees.scala:46)
	at scala.meta.internal.parsing.DocumentSymbolProvider.documentSymbols(DocumentSymbolProvider.scala:29)
	at scala.meta.internal.metals.MetalsLspService.$anonfun$documentSymbol$1(MetalsLspService.scala:1030)
	at scala.meta.internal.metals.CancelTokens$.$anonfun$apply$2(CancelTokens.scala:26)
	at scala.concurrent.Future$.$anonfun$apply$1(Future.scala:691)
	at scala.concurrent.impl.Promise$Transformation.run(Promise.scala:500)
	... 3 more

Jul 09, 2026 10:17:45 PM org.eclipse.lsp4j.jsonrpc.RemoteEndpoint fallbackResponseError
SEVERE: Internal error: java.lang.NullPointerException: Cannot invoke "Object.getClass()" because "this.tok" is null
java.util.concurrent.CompletionException: java.lang.NullPointerException: Cannot invoke "Object.getClass()" because "this.tok" is null
	at java.base/java.util.concurrent.CompletableFuture.wrapInCompletionException(CompletableFuture.java:323)
	at java.base/java.util.concurrent.CompletableFuture.encodeThrowable(CompletableFuture.java:376)
	at java.base/java.util.concurrent.CompletableFuture.completeThrowable(CompletableFuture.java:391)
	at java.base/java.util.concurrent.CompletableFuture$UniAccept.tryFire(CompletableFuture.java:729)
	at java.base/java.util.concurrent.CompletableFuture.postComplete(CompletableFuture.java:531)
	at java.base/java.util.concurrent.CompletableFuture.completeExceptionally(CompletableFuture.java:2221)
	at scala.meta.internal.metals.CancelTokens$.$anonfun$future$1(CancelTokens.scala:40)
	at scala.meta.internal.metals.CancelTokens$.$anonfun$future$1$adapted(CancelTokens.scala:38)
	at scala.concurrent.impl.Promise$Transformation.run(Promise.scala:517)
	at java.base/java.util.concurrent.ThreadPoolExecutor.runWorker(ThreadPoolExecutor.java:1090)
	at java.base/java.util.concurrent.ThreadPoolExecutor$Worker.run(ThreadPoolExecutor.java:614)
	at java.base/java.lang.Thread.run(Thread.java:1516)
Caused by: java.lang.NullPointerException: Cannot invoke "Object.getClass()" because "this.tok" is null
	at scala.meta.internal.parsers.ScalametaParser$XtensionToken.is(ScalametaParser.scala:559)
	at scala.meta.internal.parsers.ScalametaParser.scala$meta$internal$parsers$ScalametaParser$$peek(ScalametaParser.scala:573)
	at scala.meta.internal.parsers.ScalametaParser.$anonfun$termParam$8(ScalametaParser.scala:3357)
	at scala.Option.getOrElse(Option.scala:201)
	at scala.meta.internal.parsers.ScalametaParser.$anonfun$termParam$1(ScalametaParser.scala:3349)
	at scala.meta.internal.parsers.ScalametaParser.atPos(ScalametaParser.scala:339)
	at scala.meta.internal.parsers.ScalametaParser.autoPos(ScalametaParser.scala:535)
	at scala.meta.internal.parsers.ScalametaParser.termParam(ScalametaParser.scala:3312)
	at scala.meta.internal.parsers.ScalametaParser.$anonfun$termParamClauseOnParen$3(ScalametaParser.scala:3296)
	at scala.meta.internal.parsers.ScalametaParser.$anonfun$termParamClauseOnParen$3$adapted(ScalametaParser.scala:3296)
	at scala.meta.internal.parsers.ScalametaParser.iter$1(ScalametaParser.scala:818)
	at scala.meta.internal.parsers.ScalametaParser.$anonfun$tokenSeparated$1(ScalametaParser.scala:823)
	at scala.meta.internal.parsers.ScalametaParser.$anonfun$tokenSeparated$1$adapted(ScalametaParser.scala:811)
	at scala.meta.internal.parsers.ScalametaParser.scala$meta$internal$parsers$ScalametaParser$$listBy(ScalametaParser.scala:733)
	at scala.meta.internal.parsers.ScalametaParser.tokenSeparated(ScalametaParser.scala:811)
	at scala.meta.internal.parsers.ScalametaParser.commaSeparatedWithIndex(ScalametaParser.scala:832)
	at scala.meta.internal.parsers.ScalametaParser.parseParams$1(ScalametaParser.scala:3296)
	at scala.meta.internal.parsers.ScalametaParser.$anonfun$termParamClauseOnParen$4(ScalametaParser.scala:3308)
	at scala.meta.internal.parsers.ScalametaParser.scala$meta$internal$parsers$ScalametaParser$$inParensAfterOpenOr(ScalametaParser.scala:261)
	at scala.meta.internal.parsers.ScalametaParser.scala$meta$internal$parsers$ScalametaParser$$inParensOnOpenOr(ScalametaParser.scala:252)
	at scala.meta.internal.parsers.ScalametaParser.$anonfun$termParamClauseOnParen$1(ScalametaParser.scala:3309)
	at scala.meta.internal.parsers.ScalametaParser.atPos(ScalametaParser.scala:339)
	at scala.meta.internal.parsers.ScalametaParser.autoPos(ScalametaParser.scala:535)
	at scala.meta.internal.parsers.ScalametaParser.termParamClauseOnParen(ScalametaParser.scala:3289)
	at scala.meta.internal.parsers.ScalametaParser.$anonfun$termParamClausesOnParen$1(ScalametaParser.scala:3279)
	at scala.meta.internal.parsers.ScalametaParser.$anonfun$termParamClausesOnParen$1$adapted(ScalametaParser.scala:3276)
	at scala.meta.internal.parsers.ScalametaParser.scala$meta$internal$parsers$ScalametaParser$$listBy(ScalametaParser.scala:733)
	at scala.meta.internal.parsers.ScalametaParser.termParamClausesOnParen(ScalametaParser.scala:3276)
	at scala.meta.internal.parsers.ScalametaParser.$anonfun$memberParamClauseGroupOnParen$1(ScalametaParser.scala:3225)
	at scala.meta.internal.parsers.ScalametaParser.atPos(ScalametaParser.scala:339)
	at scala.meta.internal.parsers.ScalametaParser.autoPos(ScalametaParser.scala:535)
	at scala.meta.internal.parsers.ScalametaParser.memberParamClauseGroupOnParen(ScalametaParser.scala:3225)
	at scala.meta.internal.parsers.ScalametaParser.onFirstParen$1(ScalametaParser.scala:3238)
	at scala.meta.internal.parsers.ScalametaParser.memberParamClauseGroup(ScalametaParser.scala:3241)
	at scala.meta.internal.parsers.ScalametaParser.$anonfun$memberParamClauseGroups$1(ScalametaParser.scala:3259)
	at scala.meta.internal.parsers.ScalametaParser.$anonfun$memberParamClauseGroups$1$adapted(ScalametaParser.scala:3257)
	at scala.meta.internal.parsers.ScalametaParser.scala$meta$internal$parsers$ScalametaParser$$listBy(ScalametaParser.scala:733)
	at scala.meta.internal.parsers.ScalametaParser.memberParamClauseGroups(ScalametaParser.scala:3257)
	at scala.meta.internal.parsers.ScalametaParser.funDefRestAfterKwDef(ScalametaParser.scala:3903)
	at scala.meta.internal.parsers.ScalametaParser.$anonfun$defOrDclOrSecondaryCtor$1(ScalametaParser.scala:3559)
	at scala.meta.internal.parsers.ScalametaParser.autoEndPos(ScalametaParser.scala:540)
	at scala.meta.internal.parsers.ScalametaParser.autoEndPos(ScalametaParser.scala:545)
	at scala.meta.internal.parsers.ScalametaParser.defOrDclOrSecondaryCtor(ScalametaParser.scala:3557)
	at scala.meta.internal.parsers.ScalametaParser.$anonfun$tmplDef$1(ScalametaParser.scala:3941)
	at scala.meta.internal.parsers.ScalametaParser.autoEndPosOpt(ScalametaParser.scala:543)
	at scala.meta.internal.parsers.ScalametaParser.autoEndPosOpt(ScalametaParser.scala:547)
	at scala.meta.internal.parsers.ScalametaParser.tmplDef(ScalametaParser.scala:3934)
	at scala.meta.internal.parsers.ScalametaParser.topLevelTmplDef(ScalametaParser.scala:3928)
	at scala.meta.internal.parsers.ScalametaParser$$anonfun$2.applyOrElse(ScalametaParser.scala:4416)
	at scala.meta.internal.parsers.ScalametaParser$$anonfun$2.applyOrElse(ScalametaParser.scala:4410)
	at scala.PartialFunction.$anonfun$runWith$1(PartialFunction.scala:242)
	at scala.PartialFunction.$anonfun$runWith$1$adapted(PartialFunction.scala:241)
	at scala.meta.internal.parsers.ScalametaParser.statSeqBuf(ScalametaParser.scala:4403)
	at scala.meta.internal.parsers.ScalametaParser.$anonfun$statSeq$1(ScalametaParser.scala:4392)
	at scala.meta.internal.parsers.ScalametaParser.$anonfun$statSeq$1$adapted(ScalametaParser.scala:4392)
	at scala.meta.internal.parsers.ScalametaParser.scala$meta$internal$parsers$ScalametaParser$$listBy(ScalametaParser.scala:733)
	at scala.meta.internal.parsers.ScalametaParser.statSeq(ScalametaParser.scala:4392)
	at scala.meta.internal.parsers.ScalametaParser.bracelessPackageStats$1(ScalametaParser.scala:4560)
	at scala.meta.internal.parsers.ScalametaParser.$anonfun$source$1(ScalametaParser.scala:4563)
	at scala.meta.internal.parsers.ScalametaParser.atPos(ScalametaParser.scala:339)
	at scala.meta.internal.parsers.ScalametaParser.autoPos(ScalametaParser.scala:535)
	at scala.meta.internal.parsers.ScalametaParser.source(ScalametaParser.scala:4528)
	at scala.meta.internal.parsers.ScalametaParser.entrypointSource(ScalametaParser.scala:4566)
	at scala.meta.internal.parsers.ScalametaParser.parseSourceImpl(ScalametaParser.scala:113)
	at scala.meta.internal.parsers.ScalametaParser.$anonfun$parseSource$1(ScalametaParser.scala:110)
	at scala.meta.internal.parsers.ScalametaParser.parseRuleAfterBOF(ScalametaParser.scala:59)
	at scala.meta.internal.parsers.ScalametaParser.parseRule(ScalametaParser.scala:54)
	at scala.meta.internal.parsers.ScalametaParser.parseSource(ScalametaParser.scala:110)
	at scala.meta.parsers.Parse$.$anonfun$parseSource$1(Parse.scala:32)
	at scala.meta.parsers.Parse$$anon$1.apply(Parse.scala:44)
	at scala.meta.parsers.Parse$$anon$1.apply(Parse.scala:38)
	at scala.meta.internal.mtags.ScalametaCommonEnrichments$XtensionInputOffset.safeParse(ScalametaCommonEnrichments.scala:656)
	at scala.meta.internal.parsing.Trees.$anonfun$parse$2(Trees.scala:228)
	at scala.Option.map(Option.scala:242)
	at scala.meta.internal.parsing.Trees.parse(Trees.scala:218)
	at scala.meta.internal.parsing.Trees.$anonfun$get$1(Trees.scala:46)
	at scala.Option.orElse(Option.scala:477)
	at scala.meta.internal.parsing.Trees.get(Trees.scala:46)
	at scala.meta.internal.parsing.DocumentSymbolProvider.documentSymbols(DocumentSymbolProvider.scala:29)
	at scala.meta.internal.metals.MetalsLspService.$anonfun$documentSymbol$1(MetalsLspService.scala:1030)
	at scala.meta.internal.metals.CancelTokens$.$anonfun$apply$2(CancelTokens.scala:26)
	at scala.concurrent.Future$.$anonfun$apply$1(Future.scala:691)
	at scala.concurrent.impl.Promise$Transformation.run(Promise.scala:500)
	... 3 more

2026.07.09 22:17:46 INFO  no build target found for C:\Users\ankit chouhan\OneDrive\Desktop\Scala\Sum.scala. Using presentation compiler with project's scala-library version: 3.3.7
2026.07.09 22:17:46 WARN  no build target for: C:\Users\ankit chouhan\OneDrive\Desktop\Scala\Sum.scala
2026.07.09 22:17:45 ERROR C:\Users\ankit chouhan\OneDrive\Desktop\Scala\Sum.scala
java.lang.NullPointerException: Cannot invoke "Object.getClass()" because "this.tok" is null
	at scala.meta.internal.parsers.ScalametaParser$XtensionToken.is(ScalametaParser.scala:559)
	at scala.meta.internal.parsers.ScalametaParser.scala$meta$internal$parsers$ScalametaParser$$peek(ScalametaParser.scala:573)
	at scala.meta.internal.parsers.ScalametaParser.$anonfun$termParam$8(ScalametaParser.scala:3357)
	at scala.Option.getOrElse(Option.scala:201)
	at scala.meta.internal.parsers.ScalametaParser.$anonfun$termParam$1(ScalametaParser.scala:3349)
	at scala.meta.internal.parsers.ScalametaParser.atPos(ScalametaParser.scala:339)
	at scala.meta.internal.parsers.ScalametaParser.autoPos(ScalametaParser.scala:535)
	at scala.meta.internal.parsers.ScalametaParser.termParam(ScalametaParser.scala:3312)
	at scala.meta.internal.parsers.ScalametaParser.$anonfun$termParamClauseOnParen$3(ScalametaParser.scala:3296)
	at scala.meta.internal.parsers.ScalametaParser.$anonfun$termParamClauseOnParen$3$adapted(ScalametaParser.scala:3296)
	at scala.meta.internal.parsers.ScalametaParser.iter$1(ScalametaParser.scala:818)
	at scala.meta.internal.parsers.ScalametaParser.$anonfun$tokenSeparated$1(ScalametaParser.scala:823)
	at scala.meta.internal.parsers.ScalametaParser.$anonfun$tokenSeparated$1$adapted(ScalametaParser.scala:811)
	at scala.meta.internal.parsers.ScalametaParser.scala$meta$internal$parsers$ScalametaParser$$listBy(ScalametaParser.scala:733)
	at scala.meta.internal.parsers.ScalametaParser.tokenSeparated(ScalametaParser.scala:811)
	at scala.meta.internal.parsers.ScalametaParser.commaSeparatedWithIndex(ScalametaParser.scala:832)
	at scala.meta.internal.parsers.ScalametaParser.parseParams$1(ScalametaParser.scala:3296)
	at scala.meta.internal.parsers.ScalametaParser.$anonfun$termParamClauseOnParen$4(ScalametaParser.scala:3308)
	at scala.meta.internal.parsers.ScalametaParser.scala$meta$internal$parsers$ScalametaParser$$inParensAfterOpenOr(ScalametaParser.scala:261)
	at scala.meta.internal.parsers.ScalametaParser.scala$meta$internal$parsers$ScalametaParser$$inParensOnOpenOr(ScalametaParser.scala:252)
	at scala.meta.internal.parsers.ScalametaParser.$anonfun$termParamClauseOnParen$1(ScalametaParser.scala:3309)
	at scala.meta.internal.parsers.ScalametaParser.atPos(ScalametaParser.scala:339)
	at scala.meta.internal.parsers.ScalametaParser.autoPos(ScalametaParser.scala:535)
	at scala.meta.internal.parsers.ScalametaParser.termParamClauseOnParen(ScalametaParser.scala:3289)
	at scala.meta.internal.parsers.ScalametaParser.$anonfun$termParamClausesOnParen$1(ScalametaParser.scala:3279)
	at scala.meta.internal.parsers.ScalametaParser.$anonfun$termParamClausesOnParen$1$adapted(ScalametaParser.scala:3276)
	at scala.meta.internal.parsers.ScalametaParser.scala$meta$internal$parsers$ScalametaParser$$listBy(ScalametaParser.scala:733)
	at scala.meta.internal.parsers.ScalametaParser.termParamClausesOnParen(ScalametaParser.scala:3276)
	at scala.meta.internal.parsers.ScalametaParser.$anonfun$memberParamClauseGroupOnParen$1(ScalametaParser.scala:3225)
	at scala.meta.internal.parsers.ScalametaParser.atPos(ScalametaParser.scala:339)
	at scala.meta.internal.parsers.ScalametaParser.autoPos(ScalametaParser.scala:535)
	at scala.meta.internal.parsers.ScalametaParser.memberParamClauseGroupOnParen(ScalametaParser.scala:3225)
	at scala.meta.internal.parsers.ScalametaParser.onFirstParen$1(ScalametaParser.scala:3238)
	at scala.meta.internal.parsers.ScalametaParser.memberParamClauseGroup(ScalametaParser.scala:3241)
	at scala.meta.internal.parsers.ScalametaParser.$anonfun$memberParamClauseGroups$1(ScalametaParser.scala:3259)
	at scala.meta.internal.parsers.ScalametaParser.$anonfun$memberParamClauseGroups$1$adapted(ScalametaParser.scala:3257)
	at scala.meta.internal.parsers.ScalametaParser.scala$meta$internal$parsers$ScalametaParser$$listBy(ScalametaParser.scala:733)
	at scala.meta.internal.parsers.ScalametaParser.memberParamClauseGroups(ScalametaParser.scala:3257)
	at scala.meta.internal.parsers.ScalametaParser.funDefRestAfterKwDef(ScalametaParser.scala:3903)
	at scala.meta.internal.parsers.ScalametaParser.$anonfun$defOrDclOrSecondaryCtor$1(ScalametaParser.scala:3559)
	at scala.meta.internal.parsers.ScalametaParser.autoEndPos(ScalametaParser.scala:540)
	at scala.meta.internal.parsers.ScalametaParser.autoEndPos(ScalametaParser.scala:545)
	at scala.meta.internal.parsers.ScalametaParser.defOrDclOrSecondaryCtor(ScalametaParser.scala:3557)
	at scala.meta.internal.parsers.ScalametaParser.$anonfun$tmplDef$1(ScalametaParser.scala:3941)
	at scala.meta.internal.parsers.ScalametaParser.autoEndPosOpt(ScalametaParser.scala:543)
	at scala.meta.internal.parsers.ScalametaParser.autoEndPosOpt(ScalametaParser.scala:547)
	at scala.meta.internal.parsers.ScalametaParser.tmplDef(ScalametaParser.scala:3934)
	at scala.meta.internal.parsers.ScalametaParser.topLevelTmplDef(ScalametaParser.scala:3928)
	at scala.meta.internal.parsers.ScalametaParser$$anonfun$2.applyOrElse(ScalametaParser.scala:4416)
	at scala.meta.internal.parsers.ScalametaParser$$anonfun$2.applyOrElse(ScalametaParser.scala:4410)
	at scala.PartialFunction.$anonfun$runWith$1(PartialFunction.scala:242)
	at scala.PartialFunction.$anonfun$runWith$1$adapted(PartialFunction.scala:241)
	at scala.meta.internal.parsers.ScalametaParser.statSeqBuf(ScalametaParser.scala:4403)
	at scala.meta.internal.parsers.ScalametaParser.$anonfun$statSeq$1(ScalametaParser.scala:4392)
	at scala.meta.internal.parsers.ScalametaParser.$anonfun$statSeq$1$adapted(ScalametaParser.scala:4392)
	at scala.meta.internal.parsers.ScalametaParser.scala$meta$internal$parsers$ScalametaParser$$listBy(ScalametaParser.scala:733)
	at scala.meta.internal.parsers.ScalametaParser.statSeq(ScalametaParser.scala:4392)
	at scala.meta.internal.parsers.ScalametaParser.bracelessPackageStats$1(ScalametaParser.scala:4560)
	at scala.meta.internal.parsers.ScalametaParser.$anonfun$source$1(ScalametaParser.scala:4563)
	at scala.meta.internal.parsers.ScalametaParser.atPos(ScalametaParser.scala:339)
	at scala.meta.internal.parsers.ScalametaParser.autoPos(ScalametaParser.scala:535)
	at scala.meta.internal.parsers.ScalametaParser.source(ScalametaParser.scala:4528)
	at scala.meta.internal.parsers.ScalametaParser.entrypointSource(ScalametaParser.scala:4566)
	at scala.meta.internal.parsers.ScalametaParser.parseSourceImpl(ScalametaParser.scala:113)
	at scala.meta.internal.parsers.ScalametaParser.$anonfun$parseSource$1(ScalametaParser.scala:110)
	at scala.meta.internal.parsers.ScalametaParser.parseRuleAfterBOF(ScalametaParser.scala:59)
	at scala.meta.internal.parsers.ScalametaParser.parseRule(ScalametaParser.scala:54)
	at scala.meta.internal.parsers.ScalametaParser.parseSource(ScalametaParser.scala:110)
	at scala.meta.parsers.Parse$.$anonfun$parseSource$1(Parse.scala:32)
	at scala.meta.parsers.Parse$$anon$1.apply(Parse.scala:44)
	at scala.meta.parsers.Parse$$anon$1.apply(Parse.scala:38)
	at scala.meta.internal.mtags.ScalametaCommonEnrichments$XtensionInputOffset.safeParse(ScalametaCommonEnrichments.scala:656)
	at scala.meta.internal.mtags.ScalametaCommonEnrichments$XtensionInputOffset.safeParseWithExperimentalFallback(ScalametaCommonEnrichments.scala:668)
	at scala.meta.internal.mtags.ScalaMtags.$anonfun$root$2(ScalaMtags.scala:32)
	at scala.Option.getOrElse(Option.scala:201)
	at scala.meta.internal.mtags.ScalaMtags.<init>(ScalaMtags.scala:32)
	at scala.meta.internal.metals.Docstrings$Deindexer.<init>(Docstrings.scala:187)
	at scala.meta.internal.metals.Docstrings.expireSymbolDefinition(Docstrings.scala:125)
	at scala.meta.internal.metals.Indexer.indexSourceFile(Indexer.scala:603)
	at scala.meta.internal.metals.Indexer.$anonfun$reindexWorkspaceSources$3(Indexer.scala:691)
	at scala.meta.internal.metals.Indexer.$anonfun$reindexWorkspaceSources$3$adapted(Indexer.scala:688)
	at scala.collection.IterableOnceOps.foreach(IterableOnce.scala:630)
	at scala.collection.IterableOnceOps.foreach$(IterableOnce.scala:628)
	at scala.collection.AbstractIterator.foreach(Iterator.scala:1313)
	at scala.meta.internal.metals.Indexer.reindexWorkspaceSources(Indexer.scala:688)
	at scala.meta.internal.metals.MetalsLspService.$anonfun$onChange$2(MetalsLspService.scala:940)
	at scala.runtime.java8.JFunction0$mcV$sp.apply(JFunction0$mcV$sp.scala:18)
	at scala.concurrent.Future$.$anonfun$apply$1(Future.scala:691)
	at scala.concurrent.impl.Promise$Transformation.run(Promise.scala:500)
	at java.util.concurrent.ThreadPoolExecutor.runWorker(ThreadPoolExecutor.java:1090)
	at java.util.concurrent.ThreadPoolExecutor$Worker.run(ThreadPoolExecutor.java:614)
	at java.lang.Thread.run(Thread.java:1516)

2026.07.09 22:17:46 INFO  no build target found for C:\Users\ankit chouhan\OneDrive\Desktop\Scala\Sum.scala. Using presentation compiler with project's scala-library version: 3.3.7
2026.07.09 22:17:45 INFO  no build target found for C:\Users\ankit chouhan\OneDrive\Desktop\Scala\Sum.scala. Using presentation compiler with project's scala-library version: 3.3.7
2026.07.09 22:17:46 INFO  no build target found for C:\Users\ankit chouhan\OneDrive\Desktop\Scala\Sum.scala. Using presentation compiler with project's scala-library version: 3.3.7
2026.07.09 22:17:47 INFO  no build target found for C:\Users\ankit chouhan\OneDrive\Desktop\Scala\Sum.scala. Using presentation compiler with project's scala-library version: 3.3.7
2026.07.09 22:17:47 WARN  no build target for: C:\Users\ankit chouhan\OneDrive\Desktop\Scala\Sum.scala
2026.07.09 22:17:47 INFO  no build target found for C:\Users\ankit chouhan\OneDrive\Desktop\Scala\Sum.scala. Using presentation compiler with project's scala-library version: 3.3.7
2026.07.09 22:17:47 INFO  no build target found for C:\Users\ankit chouhan\OneDrive\Desktop\Scala\Sum.scala. Using presentation compiler with project's scala-library version: 3.3.7
2026.07.09 22:17:47 INFO  no build target found for C:\Users\ankit chouhan\OneDrive\Desktop\Scala\Sum.scala. Using presentation compiler with project's scala-library version: 3.3.7
2026.07.09 22:17:47 INFO  no build target found for C:\Users\ankit chouhan\OneDrive\Desktop\Scala\Sum.scala. Using presentation compiler with project's scala-library version: 3.3.7
2026.07.09 22:17:47 INFO  no build target found for C:\Users\ankit chouhan\OneDrive\Desktop\Scala\Sum.scala. Using presentation compiler with project's scala-library version: 3.3.7
2026.07.09 22:17:48 WARN  no build target for: C:\Users\ankit chouhan\OneDrive\Desktop\Scala\Sum.scala
2026.07.09 22:17:48 INFO  no build target found for C:\Users\ankit chouhan\OneDrive\Desktop\Scala\Sum.scala. Using presentation compiler with project's scala-library version: 3.3.7
2026.07.09 22:17:49 INFO  no build target found for C:\Users\ankit chouhan\OneDrive\Desktop\Scala\Sum.scala. Using presentation compiler with project's scala-library version: 3.3.7
2026.07.09 22:17:50 INFO  no build target found for C:\Users\ankit chouhan\OneDrive\Desktop\Scala\Sum.scala. Using presentation compiler with project's scala-library version: 3.3.7
2026.07.09 22:17:50 WARN  no build target for: C:\Users\ankit chouhan\OneDrive\Desktop\Scala\Sum.scala
2026.07.09 22:17:50 INFO  no build target found for C:\Users\ankit chouhan\OneDrive\Desktop\Scala\Sum.scala. Using presentation compiler with project's scala-library version: 3.3.7
2026.07.09 22:17:50 INFO  no build target found for C:\Users\ankit chouhan\OneDrive\Desktop\Scala\Sum.scala. Using presentation compiler with project's scala-library version: 3.3.7
2026.07.09 22:17:54 INFO  no build target found for C:\Users\ankit chouhan\OneDrive\Desktop\Scala\Sum.scala. Using presentation compiler with project's scala-library version: 3.3.7
2026.07.09 22:17:55 INFO  no build target found for C:\Users\ankit chouhan\OneDrive\Desktop\Scala\Sum.scala. Using presentation compiler with project's scala-library version: 3.3.7
2026.07.09 22:17:55 INFO  no build target found for C:\Users\ankit chouhan\OneDrive\Desktop\Scala\Sum.scala. Using presentation compiler with project's scala-library version: 3.3.7
2026.07.09 22:17:55 WARN  no build target for: C:\Users\ankit chouhan\OneDrive\Desktop\Scala\Sum.scala
2026.07.09 22:17:55 INFO  no build target found for C:\Users\ankit chouhan\OneDrive\Desktop\Scala\Sum.scala. Using presentation compiler with project's scala-library version: 3.3.7
2026.07.09 22:17:56 INFO  no build target found for C:\Users\ankit chouhan\OneDrive\Desktop\Scala\Sum.scala. Using presentation compiler with project's scala-library version: 3.3.7
2026.07.09 22:17:56 INFO  no build target found for C:\Users\ankit chouhan\OneDrive\Desktop\Scala\Sum.scala. Using presentation compiler with project's scala-library version: 3.3.7
2026.07.09 22:17:56 INFO  no build target found for C:\Users\ankit chouhan\OneDrive\Desktop\Scala\Sum.scala. Using presentation compiler with project's scala-library version: 3.3.7
2026.07.09 22:17:56 INFO  no build target found for C:\Users\ankit chouhan\OneDrive\Desktop\Scala\Sum.scala. Using presentation compiler with project's scala-library version: 3.3.7
2026.07.09 22:17:56 INFO  no build target found for C:\Users\ankit chouhan\OneDrive\Desktop\Scala\Sum.scala. Using presentation compiler with project's scala-library version: 3.3.7
2026.07.09 22:17:57 WARN  no build target for: C:\Users\ankit chouhan\OneDrive\Desktop\Scala\Sum.scala
2026.07.09 22:17:57 INFO  no build target found for C:\Users\ankit chouhan\OneDrive\Desktop\Scala\Sum.scala. Using presentation compiler with project's scala-library version: 3.3.7
2026.07.09 22:18:01 INFO  no build target found for C:\Users\ankit chouhan\OneDrive\Desktop\Scala\Sum.scala. Using presentation compiler with project's scala-library version: 3.3.7
2026.07.09 22:18:01 INFO  no build target found for C:\Users\ankit chouhan\OneDrive\Desktop\Scala\Sum.scala. Using presentation compiler with project's scala-library version: 3.3.7
2026.07.09 22:18:01 INFO  no build target found for C:\Users\ankit chouhan\OneDrive\Desktop\Scala\Sum.scala. Using presentation compiler with project's scala-library version: 3.3.7
2026.07.09 22:18:02 INFO  no build target found for C:\Users\ankit chouhan\OneDrive\Desktop\Scala\Sum.scala. Using presentation compiler with project's scala-library version: 3.3.7
2026.07.09 22:18:02 INFO  no build target found for C:\Users\ankit chouhan\OneDrive\Desktop\Scala\Sum.scala. Using presentation compiler with project's scala-library version: 3.3.7
2026.07.09 22:18:02 INFO  no build target found for C:\Users\ankit chouhan\OneDrive\Desktop\Scala\Sum.scala. Using presentation compiler with project's scala-library version: 3.3.7
2026.07.09 22:18:02 INFO  no build target found for C:\Users\ankit chouhan\OneDrive\Desktop\Scala\Sum.scala. Using presentation compiler with project's scala-library version: 3.3.7
2026.07.09 22:18:02 INFO  no build target found for C:\Users\ankit chouhan\OneDrive\Desktop\Scala\Sum.scala. Using presentation compiler with project's scala-library version: 3.3.7
2026.07.09 22:18:02 INFO  no build target found for C:\Users\ankit chouhan\OneDrive\Desktop\Scala\Sum.scala. Using presentation compiler with project's scala-library version: 3.3.7
2026.07.09 22:18:03 INFO  no build target found for C:\Users\ankit chouhan\OneDrive\Desktop\Scala\Sum.scala. Using presentation compiler with project's scala-library version: 3.3.7
2026.07.09 22:18:02 INFO  no build target found for C:\Users\ankit chouhan\OneDrive\Desktop\Scala\Sum.scala. Using presentation compiler with project's scala-library version: 3.3.7
2026.07.09 22:18:03 INFO  no build target found for C:\Users\ankit chouhan\OneDrive\Desktop\Scala\Sum.scala. Using presentation compiler with project's scala-library version: 3.3.7
2026.07.09 22:18:03 INFO  no build target found for C:\Users\ankit chouhan\OneDrive\Desktop\Scala\Sum.scala. Using presentation compiler with project's scala-library version: 3.3.7
2026.07.09 22:18:04 WARN  no build target for: C:\Users\ankit chouhan\OneDrive\Desktop\Scala\Sum.scala
2026.07.09 22:18:04 INFO  no build target found for C:\Users\ankit chouhan\OneDrive\Desktop\Scala\Sum.scala. Using presentation compiler with project's scala-library version: 3.3.7
2026.07.09 22:18:04 INFO  no build target found for C:\Users\ankit chouhan\OneDrive\Desktop\Scala\Sum.scala. Using presentation compiler with project's scala-library version: 3.3.7
2026.07.09 22:33:37 INFO  Shutting down server
2026.07.09 22:33:37 INFO  Memory monitor stopped
2026.07.09 22:33:37 INFO  shutting down Metals
2026.07.09 22:33:37 INFO  Exiting server
2026.07.27 21:53:45 INFO  Started: Metals version 1.6.8 in folders 'C:\Users\ankit chouhan\OneDrive\Desktop\Scala' for client Visual Studio Code 1.130.0.
2026.07.27 21:53:45 INFO  Memory monitor started
2026.07.27 21:53:46 WARN  Using H2 2.4.240 which is newer than the version Flyway has been verified with. The latest verified version of H2 is 2.3.232.
2026.07.27 21:53:46 INFO  no build target found for C:\Users\ankit chouhan\OneDrive\Desktop\Scala\Hello.scala. Using presentation compiler with project's scala-library version: 3.3.8
Jul 27, 2026 9:53:59 PM org.eclipse.lsp4j.jsonrpc.RemoteEndpoint handleCancellation
WARNING: Unmatched cancel notification for request id 2
Jul 27, 2026 9:53:59 PM org.eclipse.lsp4j.jsonrpc.RemoteEndpoint handleCancellation
WARNING: Unmatched cancel notification for request id 5
Jul 27, 2026 9:53:59 PM org.eclipse.lsp4j.jsonrpc.RemoteEndpoint handleCancellation
WARNING: Unmatched cancel notification for request id 1
2026.07.27 21:53:59 INFO  no build target found for C:\Users\ankit chouhan\OneDrive\Desktop\Scala\Hello.scala. Using presentation compiler with project's scala-library version: 3.3.8
2026.07.27 21:53:59 INFO  no build target found for C:\Users\ankit chouhan\OneDrive\Desktop\Scala\Hello.scala. Using presentation compiler with project's scala-library version: 3.3.8
2026.07.27 21:53:59 WARN  no build target for: C:\Users\ankit chouhan\OneDrive\Desktop\Scala\Hello.scala
Jul 27, 2026 9:53:59 PM org.eclipse.lsp4j.jsonrpc.RemoteEndpoint handleCancellation
WARNING: Unmatched cancel notification for request id 8
2026.07.27 21:53:59 INFO  no build target found for C:\Users\ankit chouhan\OneDrive\Desktop\Scala\Hello.scala. Using presentation compiler with project's scala-library version: 3.3.8
2026.07.27 21:53:59 INFO  no build target found for C:\Users\ankit chouhan\OneDrive\Desktop\Scala\Hello.scala. Using presentation compiler with project's scala-library version: 3.3.8
Jul 27, 2026 9:54:00 PM org.eclipse.lsp4j.jsonrpc.RemoteEndpoint handleCancellation
WARNING: Unmatched cancel notification for request id 10
2026.07.27 21:54:00 INFO  Attempting to connect to the build server...
2026.07.27 21:54:00 INFO  Running BSP server List(C:\Users\ankit chouhan\AppData\Local\Coursier\data\bin\.scala-cli.aux.exe, bsp, --json-options, C:\Users\ankit chouhan\OneDrive\Desktop\Scala\.scala-build\ide-options-v2.json, --json-launcher-options, C:\Users\ankit chouhan\OneDrive\Desktop\Scala\.scala-build\ide-launcher-options.json, --envs-file, C:\Users\ankit chouhan\OneDrive\Desktop\Scala\.scala-build\ide-envs.json, C:\Users\ankit chouhan\OneDrive\Desktop\Scala\Hello.scala)
2026.07.27 21:54:00 INFO  Tracing is disabled for protocol BSP. To enable tracing of incoming and outgoing JSON messages, create an empty file at C:\Users\ankit chouhan\OneDrive\Desktop\Scala\.metals\bsp.trace.json or C:\Users\ankit chouhan\AppData\Local\scalameta\metals\cache\bsp.trace.json
2026.07.27 21:54:06 INFO  no build target found for C:\Users\ankit chouhan\OneDrive\Desktop\Scala\Hello.scala. Using presentation compiler with project's scala-library version: 3.3.8
2026.07.27 21:54:06 INFO  BSP server: Starting compilation server
2026.07.27 21:54:08 INFO  no build target found for C:\Users\ankit chouhan\OneDrive\Desktop\Scala\Hello.scala. Using presentation compiler with project's scala-library version: 3.3.8
2026.07.27 21:54:08 INFO  no build target found for C:\Users\ankit chouhan\OneDrive\Desktop\Scala\Hello.scala. Using presentation compiler with project's scala-library version: 3.3.8
2026.07.27 21:54:08 INFO  no build target found for C:\Users\ankit chouhan\OneDrive\Desktop\Scala\Hello.scala. Using presentation compiler with project's scala-library version: 3.3.8
Jul 27, 2026 9:54:09 PM org.eclipse.lsp4j.jsonrpc.RemoteEndpoint handleCancellation
WARNING: Unmatched cancel notification for request id 24
2026.07.27 21:54:08 INFO  no build target found for C:\Users\ankit chouhan\OneDrive\Desktop\Scala\Hello.scala. Using presentation compiler with project's scala-library version: 3.3.8
2026.07.27 21:54:09 WARN  no build target for: C:\Users\ankit chouhan\OneDrive\Desktop\Scala\Hello.scala
2026.07.27 21:54:09 INFO  no build target found for C:\Users\ankit chouhan\OneDrive\Desktop\Scala\Hello.scala. Using presentation compiler with project's scala-library version: 3.3.8
2026.07.27 21:54:08 INFO  no build target found for C:\Users\ankit chouhan\OneDrive\Desktop\Scala\Hello.scala. Using presentation compiler with project's scala-library version: 3.3.8
2026.07.27 21:54:09 INFO  no build target found for C:\Users\ankit chouhan\OneDrive\Desktop\Scala\Hello.scala. Using presentation compiler with project's scala-library version: 3.3.8
2026.07.27 21:54:10 WARN  no build target for: C:\Users\ankit chouhan\OneDrive\Desktop\Scala\Hello.scala
2026.07.27 21:54:10 INFO  no build target found for C:\Users\ankit chouhan\OneDrive\Desktop\Scala\Hello.scala. Using presentation compiler with project's scala-library version: 3.3.8
2026.07.27 21:54:14 INFO  BSP server: Downloading https://repo1.maven.org/maven2/org/scala-lang/scala-library/3.8.4/scala-library-3.8.4-sources.jar
2026.07.27 21:54:14 INFO  BSP server: Downloading https://repo1.maven.org/maven2/org/scala-lang/scala3-library_3/3.8.4/scala3-library_3-3.8.4-sources.jar
2026.07.27 21:54:14 INFO  BSP server: Downloaded https://repo1.maven.org/maven2/org/scala-lang/scala3-library_3/3.8.4/scala3-library_3-3.8.4-sources.jar
2026.07.27 21:54:14 INFO  BSP server: Downloaded https://repo1.maven.org/maven2/org/scala-lang/scala-library/3.8.4/scala-library-3.8.4-sources.jar
2026.07.27 21:54:16 INFO  time: Connected to build server in 16s
2026.07.27 21:54:16 INFO  Connected to Build server: scala-cli v1.15.0
2026.07.27 21:54:16 INFO  time: Imported build in 0.34s
2026.07.27 21:54:17 INFO  compiling scala_5ab23a502a-f14cb31705 (1 scala source)
2026.07.27 21:54:25 INFO  time: compiled Scala_5ab23a502a-f14cb31705 in 8.05s
2026.07.27 21:54:26 WARN  Using H2 2.4.240 which is newer than the version Flyway has been verified with. The latest verified version of H2 is 2.3.232.
2026.07.27 21:54:56 INFO  time: indexed workspace in 39s
2026.07.27 21:54:56 WARN  no build target for: C:\Users\ankit chouhan\OneDrive\Desktop\Scala\Sum.scala
2026.07.27 21:54:57 INFO  no build target found for C:\Users\ankit chouhan\OneDrive\Desktop\Scala\Sum.scala. Using presentation compiler with project's scala-library version: 3.8.4
2026.07.27 21:55:06 WARN  no build target for: C:\Users\ankit chouhan\OneDrive\Desktop\Scala\Sum.scala
2026.07.27 21:55:27 INFO  no build target found for C:\Users\ankit chouhan\OneDrive\Desktop\Scala\Sum.scala. Using presentation compiler with project's scala-library version: 3.8.4
Jul 27, 2026 9:55:27 PM org.eclipse.lsp4j.jsonrpc.RemoteEndpoint handleCancellation
WARNING: Unmatched cancel notification for request id 41
2026.07.27 21:55:27 INFO  no build target found for C:\Users\ankit chouhan\OneDrive\Desktop\Scala\Sum.scala. Using presentation compiler with project's scala-library version: 3.8.4
2026.07.27 21:55:27 WARN  no build target for: C:\Users\ankit chouhan\OneDrive\Desktop\Scala\Sum.scala
2026.07.27 21:55:27 INFO  no build target found for C:\Users\ankit chouhan\OneDrive\Desktop\Scala\Sum.scala. Using presentation compiler with project's scala-library version: 3.8.4
2026.07.27 21:55:27 INFO  no build target found for C:\Users\ankit chouhan\OneDrive\Desktop\Scala\Sum.scala. Using presentation compiler with project's scala-library version: 3.8.4
2026.07.27 21:56:04 INFO  no build target found for C:\Users\ankit chouhan\OneDrive\Desktop\Scala\Sum.scala. Using presentation compiler with project's scala-library version: 3.8.4
2026.07.27 21:56:04 WARN  no build target for: C:\Users\ankit chouhan\OneDrive\Desktop\Scala\Sum.scala
2026.07.27 21:56:04 INFO  no build target found for C:\Users\ankit chouhan\OneDrive\Desktop\Scala\Sum.scala. Using presentation compiler with project's scala-library version: 3.8.4
2026.07.27 21:56:04 INFO  no build target found for C:\Users\ankit chouhan\OneDrive\Desktop\Scala\Sum.scala. Using presentation compiler with project's scala-library version: 3.8.4
2026.07.27 21:56:04 INFO  no build target found for C:\Users\ankit chouhan\OneDrive\Desktop\Scala\Sum.scala. Using presentation compiler with project's scala-library version: 3.8.4
2026.07.27 21:56:08 INFO  Shutting down server
2026.07.27 21:56:08 INFO  Memory monitor stopped
2026.07.27 21:56:08 INFO  shutting down Metals
2026.07.27 21:56:08 INFO  Shut down connection with build server.
2026.07.27 21:56:08 INFO  Exiting server
2026.07.30 12:09:54 INFO  Started: Metals version 1.6.8 in folders 'C:\Users\ankit chouhan\OneDrive\Desktop\Scala' for client Visual Studio Code 1.130.0.
2026.07.30 12:09:54 INFO  Memory monitor started
2026.07.30 12:09:55 WARN  Using H2 2.4.240 which is newer than the version Flyway has been verified with. The latest verified version of H2 is 2.3.232.
2026.07.30 12:09:55 INFO  no build target found for C:\Users\ankit chouhan\OneDrive\Desktop\Scala\Hello.scala. Using presentation compiler with project's scala-library version: 3.3.8
Jul 30, 2026 12:09:58 PM org.eclipse.lsp4j.jsonrpc.RemoteEndpoint handleCancellation
WARNING: Unmatched cancel notification for request id 2
2026.07.30 12:09:58 INFO  no build target found for C:\Users\ankit chouhan\OneDrive\Desktop\Scala\Hello.scala. Using presentation compiler with project's scala-library version: 3.3.8
2026.07.30 12:09:58 INFO  no build target found for C:\Users\ankit chouhan\OneDrive\Desktop\Scala\Hello.scala. Using presentation compiler with project's scala-library version: 3.3.8
Jul 30, 2026 12:09:58 PM org.eclipse.lsp4j.jsonrpc.RemoteEndpoint handleCancellation
WARNING: Unmatched cancel notification for request id 7
2026.07.30 12:09:58 INFO  no build target found for C:\Users\ankit chouhan\OneDrive\Desktop\Scala\Hello.scala. Using presentation compiler with project's scala-library version: 3.3.8
2026.07.30 12:09:58 INFO  no build target found for C:\Users\ankit chouhan\OneDrive\Desktop\Scala\Hello.scala. Using presentation compiler with project's scala-library version: 3.3.8
2026.07.30 12:09:58 INFO  Attempting to connect to the build server...
2026.07.30 12:09:58 INFO  Running BSP server List(C:\Users\ankit chouhan\AppData\Local\Coursier\data\bin\.scala-cli.aux.exe, bsp, --json-options, C:\Users\ankit chouhan\OneDrive\Desktop\Scala\.scala-build\ide-options-v2.json, --json-launcher-options, C:\Users\ankit chouhan\OneDrive\Desktop\Scala\.scala-build\ide-launcher-options.json, --envs-file, C:\Users\ankit chouhan\OneDrive\Desktop\Scala\.scala-build\ide-envs.json, C:\Users\ankit chouhan\OneDrive\Desktop\Scala\Hello.scala)
2026.07.30 12:09:58 INFO  Tracing is disabled for protocol BSP. To enable tracing of incoming and outgoing JSON messages, create an empty file at C:\Users\ankit chouhan\OneDrive\Desktop\Scala\.metals\bsp.trace.json or C:\Users\ankit chouhan\AppData\Local\scalameta\metals\cache\bsp.trace.json
2026.07.30 12:10:03 INFO  BSP server: Starting compilation server
2026.07.30 12:10:09 INFO  time: Connected to build server in 10s
2026.07.30 12:10:09 INFO  Connected to Build server: scala-cli v1.15.0
2026.07.30 12:10:09 INFO  time: Imported build in 0.28s
2026.07.30 12:10:10 INFO  compiling scala_5ab23a502a-f14cb31705 (1 scala source)
2026.07.30 12:10:18 INFO  time: compiled Scala_5ab23a502a-f14cb31705 in 7.72s
2026.07.30 12:10:20 WARN  Using H2 2.4.240 which is newer than the version Flyway has been verified with. The latest verified version of H2 is 2.3.232.
2026.07.30 12:10:21 INFO  time: indexed workspace in 12s
2026.07.30 12:10:21 WARN  no build target for: C:\Users\ankit chouhan\OneDrive\Desktop\Scala\Sum.scala
2026.07.30 12:10:22 INFO  no build target found for C:\Users\ankit chouhan\OneDrive\Desktop\Scala\Sum.scala. Using presentation compiler with project's scala-library version: 3.8.4
2026.07.30 12:10:27 INFO  no build target found for C:\Users\ankit chouhan\OneDrive\Desktop\Scala\Single_L.scala. Using presentation compiler with project's scala-library version: 3.8.4
2026.07.30 12:10:27 INFO  no build target found for C:\Users\ankit chouhan\OneDrive\Desktop\Scala\Single_L.scala. Using presentation compiler with project's scala-library version: 3.8.4
Jul 30, 2026 12:10:27 PM org.eclipse.lsp4j.jsonrpc.RemoteEndpoint handleCancellation
WARNING: Unmatched cancel notification for request id 14
2026.07.30 12:10:27 INFO  no build target found for C:\Users\ankit chouhan\OneDrive\Desktop\Scala\Single_L.scala. Using presentation compiler with project's scala-library version: 3.8.4
2026.07.30 12:10:27 INFO  no build target found for C:\Users\ankit chouhan\OneDrive\Desktop\Scala\Single_L.scala. Using presentation compiler with project's scala-library version: 3.8.4
2026.07.30 12:10:27 INFO  no build target found for C:\Users\ankit chouhan\OneDrive\Desktop\Scala\Single_L.scala. Using presentation compiler with project's scala-library version: 3.8.4
2026.07.30 12:10:28 INFO  no build target found for C:\Users\ankit chouhan\OneDrive\Desktop\Scala\Single_L.scala. Using presentation compiler with project's scala-library version: 3.8.4
2026.07.30 12:10:31 INFO  no build target found for C:\Users\ankit chouhan\OneDrive\Desktop\Scala\Single_L.scala. Using presentation compiler with project's scala-library version: 3.8.4
2026.07.30 12:10:36 INFO  no build target found for C:\Users\ankit chouhan\OneDrive\Desktop\Scala\Single_L.scala. Using presentation compiler with project's scala-library version: 3.8.4
2026.07.30 12:10:36 INFO  no build target found for C:\Users\ankit chouhan\OneDrive\Desktop\Scala\Single_L.scala. Using presentation compiler with project's scala-library version: 3.8.4
2026.07.30 12:10:38 INFO  no build target found for C:\Users\ankit chouhan\OneDrive\Desktop\Scala\Single_L.scala. Using presentation compiler with project's scala-library version: 3.8.4
2026.07.30 12:10:38 INFO  no build target found for C:\Users\ankit chouhan\OneDrive\Desktop\Scala\Single_L.scala. Using presentation compiler with project's scala-library version: 3.8.4
2026.07.30 12:10:38 INFO  no build target found for C:\Users\ankit chouhan\OneDrive\Desktop\Scala\Single_L.scala. Using presentation compiler with project's scala-library version: 3.8.4
2026.07.30 12:10:39 WARN  no build target for: C:\Users\ankit chouhan\OneDrive\Desktop\Scala\Single_L.scala
2026.07.30 12:10:39 INFO  no build target found for C:\Users\ankit chouhan\OneDrive\Desktop\Scala\Single_L.scala. Using presentation compiler with project's scala-library version: 3.8.4
2026.07.30 12:10:39 INFO  no build target found for C:\Users\ankit chouhan\OneDrive\Desktop\Scala\Single_L.scala. Using presentation compiler with project's scala-library version: 3.8.4
2026.07.30 12:10:39 INFO  no build target found for C:\Users\ankit chouhan\OneDrive\Desktop\Scala\Single_L.scala. Using presentation compiler with project's scala-library version: 3.8.4
2026.07.30 12:10:39 INFO  no build target found for C:\Users\ankit chouhan\OneDrive\Desktop\Scala\Single_L.scala. Using presentation compiler with project's scala-library version: 3.8.4
2026.07.30 12:10:40 INFO  no build target found for C:\Users\ankit chouhan\OneDrive\Desktop\Scala\Single_L.scala. Using presentation compiler with project's scala-library version: 3.8.4
2026.07.30 12:10:40 INFO  no build target found for C:\Users\ankit chouhan\OneDrive\Desktop\Scala\Single_L.scala. Using presentation compiler with project's scala-library version: 3.8.4
2026.07.30 12:10:41 WARN  no build target for: C:\Users\ankit chouhan\OneDrive\Desktop\Scala\Single_L.scala
2026.07.30 12:10:41 INFO  no build target found for C:\Users\ankit chouhan\OneDrive\Desktop\Scala\Single_L.scala. Using presentation compiler with project's scala-library version: 3.8.4
2026.07.30 12:10:42 INFO  no build target found for C:\Users\ankit chouhan\OneDrive\Desktop\Scala\Single_L.scala. Using presentation compiler with project's scala-library version: 3.8.4
2026.07.30 12:10:43 INFO  no build target found for C:\Users\ankit chouhan\OneDrive\Desktop\Scala\Single_L.scala. Using presentation compiler with project's scala-library version: 3.8.4
2026.07.30 12:10:43 INFO  no build target found for C:\Users\ankit chouhan\OneDrive\Desktop\Scala\Single_L.scala. Using presentation compiler with project's scala-library version: 3.8.4
2026.07.30 12:10:43 INFO  no build target found for C:\Users\ankit chouhan\OneDrive\Desktop\Scala\Single_L.scala. Using presentation compiler with project's scala-library version: 3.8.4
2026.07.30 12:10:45 INFO  no build target found for C:\Users\ankit chouhan\OneDrive\Desktop\Scala\Single_L.scala. Using presentation compiler with project's scala-library version: 3.8.4
2026.07.30 12:10:45 INFO  no build target found for C:\Users\ankit chouhan\OneDrive\Desktop\Scala\Single_L.scala. Using presentation compiler with project's scala-library version: 3.8.4
2026.07.30 12:10:45 INFO  no build target found for C:\Users\ankit chouhan\OneDrive\Desktop\Scala\Single_L.scala. Using presentation compiler with project's scala-library version: 3.8.4
2026.07.30 12:10:46 INFO  no build target found for C:\Users\ankit chouhan\OneDrive\Desktop\Scala\Single_L.scala. Using presentation compiler with project's scala-library version: 3.8.4
2026.07.30 12:10:46 INFO  no build target found for C:\Users\ankit chouhan\OneDrive\Desktop\Scala\Single_L.scala. Using presentation compiler with project's scala-library version: 3.8.4
2026.07.30 12:10:46 WARN  no build target for: C:\Users\ankit chouhan\OneDrive\Desktop\Scala\Single_L.scala
2026.07.30 12:10:46 INFO  no build target found for C:\Users\ankit chouhan\OneDrive\Desktop\Scala\Single_L.scala. Using presentation compiler with project's scala-library version: 3.8.4
2026.07.30 12:10:47 INFO  no build target found for C:\Users\ankit chouhan\OneDrive\Desktop\Scala\Single_L.scala. Using presentation compiler with project's scala-library version: 3.8.4
2026.07.30 12:10:49 INFO  no build target found for C:\Users\ankit chouhan\OneDrive\Desktop\Scala\Single_L.scala. Using presentation compiler with project's scala-library version: 3.8.4
2026.07.30 12:10:53 INFO  no build target found for C:\Users\ankit chouhan\OneDrive\Desktop\Scala\Single_L.scala. Using presentation compiler with project's scala-library version: 3.8.4
Jul 30, 2026 12:10:53 PM org.eclipse.lsp4j.jsonrpc.RemoteEndpoint handleCancellation
WARNING: Unmatched cancel notification for request id 66
2026.07.30 12:10:53 INFO  no build target found for C:\Users\ankit chouhan\OneDrive\Desktop\Scala\Single_L.scala. Using presentation compiler with project's scala-library version: 3.8.4
2026.07.30 12:11:04 INFO  no build target found for C:\Users\ankit chouhan\OneDrive\Desktop\Scala\Single_L.scala. Using presentation compiler with project's scala-library version: 3.8.4
2026.07.30 12:11:04 INFO  no build target found for C:\Users\ankit chouhan\OneDrive\Desktop\Scala\Single_L.scala. Using presentation compiler with project's scala-library version: 3.8.4
2026.07.30 12:11:04 INFO  no build target found for C:\Users\ankit chouhan\OneDrive\Desktop\Scala\Single_L.scala. Using presentation compiler with project's scala-library version: 3.8.4
2026.07.30 12:11:06 INFO  no build target found for C:\Users\ankit chouhan\OneDrive\Desktop\Scala\Single_L.scala. Using presentation compiler with project's scala-library version: 3.8.4
2026.07.30 12:11:07 INFO  no build target found for C:\Users\ankit chouhan\OneDrive\Desktop\Scala\Single_L.scala. Using presentation compiler with project's scala-library version: 3.8.4
2026.07.30 12:11:09 INFO  no build target found for C:\Users\ankit chouhan\OneDrive\Desktop\Scala\Single_L.scala. Using presentation compiler with project's scala-library version: 3.8.4
2026.07.30 12:11:09 INFO  no build target found for C:\Users\ankit chouhan\OneDrive\Desktop\Scala\Single_L.scala. Using presentation compiler with project's scala-library version: 3.8.4
2026.07.30 12:11:09 INFO  no build target found for C:\Users\ankit chouhan\OneDrive\Desktop\Scala\Single_L.scala. Using presentation compiler with project's scala-library version: 3.8.4
2026.07.30 12:11:09 INFO  no build target found for C:\Users\ankit chouhan\OneDrive\Desktop\Scala\Single_L.scala. Using presentation compiler with project's scala-library version: 3.8.4
2026.07.30 12:11:09 INFO  no build target found for C:\Users\ankit chouhan\OneDrive\Desktop\Scala\Single_L.scala. Using presentation compiler with project's scala-library version: 3.8.4
2026.07.30 12:11:10 INFO  no build target found for C:\Users\ankit chouhan\OneDrive\Desktop\Scala\Single_L.scala. Using presentation compiler with project's scala-library version: 3.8.4
2026.07.30 12:11:11 WARN  no build target for: C:\Users\ankit chouhan\OneDrive\Desktop\Scala\Single_L.scala
2026.07.30 12:11:11 INFO  no build target found for C:\Users\ankit chouhan\OneDrive\Desktop\Scala\Single_L.scala. Using presentation compiler with project's scala-library version: 3.8.4
2026.07.30 12:11:41 INFO  no build target found for C:\Users\ankit chouhan\OneDrive\Desktop\Scala\Single_L.scala. Using presentation compiler with project's scala-library version: 3.8.4
2026.07.30 12:11:41 INFO  no build target found for C:\Users\ankit chouhan\OneDrive\Desktop\Scala\Single_L.scala. Using presentation compiler with project's scala-library version: 3.8.4
2026.07.30 12:11:41 INFO  no build target found for C:\Users\ankit chouhan\OneDrive\Desktop\Scala\Single_L.scala. Using presentation compiler with project's scala-library version: 3.8.4
2026.07.30 12:11:41 INFO  no build target found for C:\Users\ankit chouhan\OneDrive\Desktop\Scala\Single_L.scala. Using presentation compiler with project's scala-library version: 3.8.4
2026.07.30 12:11:44 INFO  no build target found for C:\Users\ankit chouhan\OneDrive\Desktop\Scala\Single_L.scala. Using presentation compiler with project's scala-library version: 3.8.4
2026.07.30 12:11:44 INFO  no build target found for C:\Users\ankit chouhan\OneDrive\Desktop\Scala\Single_L.scala. Using presentation compiler with project's scala-library version: 3.8.4
2026.07.30 12:11:44 INFO  no build target found for C:\Users\ankit chouhan\OneDrive\Desktop\Scala\Single_L.scala. Using presentation compiler with project's scala-library version: 3.8.4
2026.07.30 12:11:44 INFO  no build target found for C:\Users\ankit chouhan\OneDrive\Desktop\Scala\Single_L.scala. Using presentation compiler with project's scala-library version: 3.8.4
2026.07.30 12:11:44 INFO  no build target found for C:\Users\ankit chouhan\OneDrive\Desktop\Scala\Single_L.scala. Using presentation compiler with project's scala-library version: 3.8.4
2026.07.30 12:11:44 INFO  no build target found for C:\Users\ankit chouhan\OneDrive\Desktop\Scala\Single_L.scala. Using presentation compiler with project's scala-library version: 3.8.4
2026.07.30 12:11:45 INFO  no build target found for C:\Users\ankit chouhan\OneDrive\Desktop\Scala\Single_L.scala. Using presentation compiler with project's scala-library version: 3.8.4
2026.07.30 12:11:45 WARN  no build target for: C:\Users\ankit chouhan\OneDrive\Desktop\Scala\Single_L.scala
2026.07.30 12:11:45 INFO  no build target found for C:\Users\ankit chouhan\OneDrive\Desktop\Scala\Single_L.scala. Using presentation compiler with project's scala-library version: 3.8.4
2026.07.30 12:11:45 INFO  no build target found for C:\Users\ankit chouhan\OneDrive\Desktop\Scala\Single_L.scala. Using presentation compiler with project's scala-library version: 3.8.4
2026.07.30 12:11:45 INFO  no build target found for C:\Users\ankit chouhan\OneDrive\Desktop\Scala\Single_L.scala. Using presentation compiler with project's scala-library version: 3.8.4
2026.07.30 12:11:45 INFO  no build target found for C:\Users\ankit chouhan\OneDrive\Desktop\Scala\Single_L.scala. Using presentation compiler with project's scala-library version: 3.8.4
2026.07.30 12:11:46 INFO  no build target found for C:\Users\ankit chouhan\OneDrive\Desktop\Scala\Single_L.scala. Using presentation compiler with project's scala-library version: 3.8.4
2026.07.30 12:11:46 INFO  no build target found for C:\Users\ankit chouhan\OneDrive\Desktop\Scala\Single_L.scala. Using presentation compiler with project's scala-library version: 3.8.4
2026.07.30 12:11:46 INFO  no build target found for C:\Users\ankit chouhan\OneDrive\Desktop\Scala\Single_L.scala. Using presentation compiler with project's scala-library version: 3.8.4
2026.07.30 12:11:47 INFO  no build target found for C:\Users\ankit chouhan\OneDrive\Desktop\Scala\Single_L.scala. Using presentation compiler with project's scala-library version: 3.8.4
2026.07.30 12:11:46 INFO  no build target found for C:\Users\ankit chouhan\OneDrive\Desktop\Scala\Single_L.scala. Using presentation compiler with project's scala-library version: 3.8.4
2026.07.30 12:11:47 INFO  no build target found for C:\Users\ankit chouhan\OneDrive\Desktop\Scala\Single_L.scala. Using presentation compiler with project's scala-library version: 3.8.4
2026.07.30 12:11:47 INFO  no build target found for C:\Users\ankit chouhan\OneDrive\Desktop\Scala\Single_L.scala. Using presentation compiler with project's scala-library version: 3.8.4
2026.07.30 12:11:48 WARN  no build target for: C:\Users\ankit chouhan\OneDrive\Desktop\Scala\Single_L.scala
2026.07.30 12:11:48 INFO  no build target found for C:\Users\ankit chouhan\OneDrive\Desktop\Scala\Single_L.scala. Using presentation compiler with project's scala-library version: 3.8.4
2026.07.30 12:11:47 INFO  no build target found for C:\Users\ankit chouhan\OneDrive\Desktop\Scala\Single_L.scala. Using presentation compiler with project's scala-library version: 3.8.4
2026.07.30 12:11:50 INFO  no build target found for C:\Users\ankit chouhan\OneDrive\Desktop\Scala\Single_L.scala. Using presentation compiler with project's scala-library version: 3.8.4
2026.07.30 12:11:51 INFO  no build target found for C:\Users\ankit chouhan\OneDrive\Desktop\Scala\Single_L.scala. Using presentation compiler with project's scala-library version: 3.8.4
2026.07.30 12:11:54 INFO  no build target found for C:\Users\ankit chouhan\OneDrive\Desktop\Scala\Single_L.scala. Using presentation compiler with project's scala-library version: 3.8.4
2026.07.30 12:11:58 INFO  no build target found for C:\Users\ankit chouhan\OneDrive\Desktop\Scala\Single_L.scala. Using presentation compiler with project's scala-library version: 3.8.4
2026.07.30 12:11:58 INFO  no build target found for C:\Users\ankit chouhan\OneDrive\Desktop\Scala\Single_L.scala. Using presentation compiler with project's scala-library version: 3.8.4
2026.07.30 12:11:58 INFO  no build target found for C:\Users\ankit chouhan\OneDrive\Desktop\Scala\Single_L.scala. Using presentation compiler with project's scala-library version: 3.8.4
2026.07.30 12:11:58 INFO  no build target found for C:\Users\ankit chouhan\OneDrive\Desktop\Scala\Single_L.scala. Using presentation compiler with project's scala-library version: 3.8.4
2026.07.30 12:11:58 INFO  no build target found for C:\Users\ankit chouhan\OneDrive\Desktop\Scala\Single_L.scala. Using presentation compiler with project's scala-library version: 3.8.4
2026.07.30 12:11:58 INFO  no build target found for C:\Users\ankit chouhan\OneDrive\Desktop\Scala\Single_L.scala. Using presentation compiler with project's scala-library version: 3.8.4
2026.07.30 12:11:59 WARN  no build target for: C:\Users\ankit chouhan\OneDrive\Desktop\Scala\Single_L.scala
2026.07.30 12:11:59 INFO  no build target found for C:\Users\ankit chouhan\OneDrive\Desktop\Scala\Single_L.scala. Using presentation compiler with project's scala-library version: 3.8.4
2026.07.30 12:11:59 INFO  no build target found for C:\Users\ankit chouhan\OneDrive\Desktop\Scala\Single_L.scala. Using presentation compiler with project's scala-library version: 3.8.4
2026.07.30 12:12:02 INFO  no build target found for C:\Users\ankit chouhan\OneDrive\Desktop\Scala\Single_L.scala. Using presentation compiler with project's scala-library version: 3.8.4
2026.07.30 12:12:02 INFO  no build target found for C:\Users\ankit chouhan\OneDrive\Desktop\Scala\Single_L.scala. Using presentation compiler with project's scala-library version: 3.8.4
2026.07.30 12:12:02 INFO  no build target found for C:\Users\ankit chouhan\OneDrive\Desktop\Scala\Single_L.scala. Using presentation compiler with project's scala-library version: 3.8.4
2026.07.30 12:12:02 INFO  no build target found for C:\Users\ankit chouhan\OneDrive\Desktop\Scala\Single_L.scala. Using presentation compiler with project's scala-library version: 3.8.4
2026.07.30 12:12:02 INFO  no build target found for C:\Users\ankit chouhan\OneDrive\Desktop\Scala\Single_L.scala. Using presentation compiler with project's scala-library version: 3.8.4
Jul 30, 2026 12:12:02 PM org.eclipse.lsp4j.jsonrpc.RemoteEndpoint handleCancellation
WARNING: Unmatched cancel notification for request id 155
2026.07.30 12:12:03 INFO  no build target found for C:\Users\ankit chouhan\OneDrive\Desktop\Scala\Single_L.scala. Using presentation compiler with project's scala-library version: 3.8.4
2026.07.30 12:12:03 INFO  no build target found for C:\Users\ankit chouhan\OneDrive\Desktop\Scala\Single_L.scala. Using presentation compiler with project's scala-library version: 3.8.4
2026.07.30 12:12:02 INFO  no build target found for C:\Users\ankit chouhan\OneDrive\Desktop\Scala\Single_L.scala. Using presentation compiler with project's scala-library version: 3.8.4
2026.07.30 12:12:03 INFO  no build target found for C:\Users\ankit chouhan\OneDrive\Desktop\Scala\Single_L.scala. Using presentation compiler with project's scala-library version: 3.8.4
2026.07.30 12:12:03 INFO  no build target found for C:\Users\ankit chouhan\OneDrive\Desktop\Scala\Single_L.scala. Using presentation compiler with project's scala-library version: 3.8.4
2026.07.30 12:12:03 INFO  no build target found for C:\Users\ankit chouhan\OneDrive\Desktop\Scala\Single_L.scala. Using presentation compiler with project's scala-library version: 3.8.4
2026.07.30 12:12:03 INFO  no build target found for C:\Users\ankit chouhan\OneDrive\Desktop\Scala\Single_L.scala. Using presentation compiler with project's scala-library version: 3.8.4
2026.07.30 12:12:03 INFO  no build target found for C:\Users\ankit chouhan\OneDrive\Desktop\Scala\Single_L.scala. Using presentation compiler with project's scala-library version: 3.8.4
2026.07.30 12:12:04 INFO  no build target found for C:\Users\ankit chouhan\OneDrive\Desktop\Scala\Single_L.scala. Using presentation compiler with project's scala-library version: 3.8.4
2026.07.30 12:12:05 WARN  no build target for: C:\Users\ankit chouhan\OneDrive\Desktop\Scala\Single_L.scala
2026.07.30 12:12:05 INFO  no build target found for C:\Users\ankit chouhan\OneDrive\Desktop\Scala\Single_L.scala. Using presentation compiler with project's scala-library version: 3.8.4
2026.07.30 12:12:06 INFO  no build target found for C:\Users\ankit chouhan\OneDrive\Desktop\Scala\Single_L.scala. Using presentation compiler with project's scala-library version: 3.8.4
2026.07.30 12:12:06 INFO  no build target found for C:\Users\ankit chouhan\OneDrive\Desktop\Scala\Single_L.scala. Using presentation compiler with project's scala-library version: 3.8.4
2026.07.30 12:12:06 INFO  no build target found for C:\Users\ankit chouhan\OneDrive\Desktop\Scala\Single_L.scala. Using presentation compiler with project's scala-library version: 3.8.4
2026.07.30 12:12:06 INFO  no build target found for C:\Users\ankit chouhan\OneDrive\Desktop\Scala\Single_L.scala. Using presentation compiler with project's scala-library version: 3.8.4
2026.07.30 12:12:07 WARN  no build target for: C:\Users\ankit chouhan\OneDrive\Desktop\Scala\Single_L.scala
2026.07.30 12:12:07 INFO  no build target found for C:\Users\ankit chouhan\OneDrive\Desktop\Scala\Single_L.scala. Using presentation compiler with project's scala-library version: 3.8.4
2026.07.30 12:12:09 INFO  no build target found for C:\Users\ankit chouhan\OneDrive\Desktop\Scala\Single_L.scala. Using presentation compiler with project's scala-library version: 3.8.4
2026.07.30 12:12:09 INFO  no build target found for C:\Users\ankit chouhan\OneDrive\Desktop\Scala\Single_L.scala. Using presentation compiler with project's scala-library version: 3.8.4
2026.07.30 12:12:10 INFO  no build target found for C:\Users\ankit chouhan\OneDrive\Desktop\Scala\Single_L.scala. Using presentation compiler with project's scala-library version: 3.8.4
2026.07.30 12:12:10 INFO  no build target found for C:\Users\ankit chouhan\OneDrive\Desktop\Scala\Single_L.scala. Using presentation compiler with project's scala-library version: 3.8.4
2026.07.30 12:12:10 INFO  no build target found for C:\Users\ankit chouhan\OneDrive\Desktop\Scala\Single_L.scala. Using presentation compiler with project's scala-library version: 3.8.4
2026.07.30 12:12:10 INFO  no build target found for C:\Users\ankit chouhan\OneDrive\Desktop\Scala\Single_L.scala. Using presentation compiler with project's scala-library version: 3.8.4
2026.07.30 12:12:10 WARN  no build target for: C:\Users\ankit chouhan\OneDrive\Desktop\Scala\Single_L.scala
2026.07.30 12:12:10 INFO  no build target found for C:\Users\ankit chouhan\OneDrive\Desktop\Scala\Single_L.scala. Using presentation compiler with project's scala-library version: 3.8.4
2026.07.30 12:12:11 INFO  no build target found for C:\Users\ankit chouhan\OneDrive\Desktop\Scala\Single_L.scala. Using presentation compiler with project's scala-library version: 3.8.4
2026.07.30 12:12:13 INFO  no build target found for C:\Users\ankit chouhan\OneDrive\Desktop\Scala\Single_L.scala. Using presentation compiler with project's scala-library version: 3.8.4
2026.07.30 12:12:13 INFO  no build target found for C:\Users\ankit chouhan\OneDrive\Desktop\Scala\Single_L.scala. Using presentation compiler with project's scala-library version: 3.8.4
2026.07.30 12:12:13 INFO  no build target found for C:\Users\ankit chouhan\OneDrive\Desktop\Scala\Single_L.scala. Using presentation compiler with project's scala-library version: 3.8.4
2026.07.30 12:12:13 INFO  no build target found for C:\Users\ankit chouhan\OneDrive\Desktop\Scala\Single_L.scala. Using presentation compiler with project's scala-library version: 3.8.4
2026.07.30 12:12:13 INFO  no build target found for C:\Users\ankit chouhan\OneDrive\Desktop\Scala\Single_L.scala. Using presentation compiler with project's scala-library version: 3.8.4
2026.07.30 12:12:14 WARN  no build target for: C:\Users\ankit chouhan\OneDrive\Desktop\Scala\Single_L.scala
2026.07.30 12:12:14 INFO  no build target found for C:\Users\ankit chouhan\OneDrive\Desktop\Scala\Single_L.scala. Using presentation compiler with project's scala-library version: 3.8.4
2026.07.30 12:12:14 INFO  no build target found for C:\Users\ankit chouhan\OneDrive\Desktop\Scala\Single_L.scala. Using presentation compiler with project's scala-library version: 3.8.4
2026.07.30 12:12:14 INFO  no build target found for C:\Users\ankit chouhan\OneDrive\Desktop\Scala\Single_L.scala. Using presentation compiler with project's scala-library version: 3.8.4
2026.07.30 12:12:15 INFO  no build target found for C:\Users\ankit chouhan\OneDrive\Desktop\Scala\Single_L.scala. Using presentation compiler with project's scala-library version: 3.8.4
2026.07.30 12:12:15 INFO  no build target found for C:\Users\ankit chouhan\OneDrive\Desktop\Scala\Single_L.scala. Using presentation compiler with project's scala-library version: 3.8.4
2026.07.30 12:12:14 INFO  no build target found for C:\Users\ankit chouhan\OneDrive\Desktop\Scala\Single_L.scala. Using presentation compiler with project's scala-library version: 3.8.4
2026.07.30 12:12:16 INFO  no build target found for C:\Users\ankit chouhan\OneDrive\Desktop\Scala\Single_L.scala. Using presentation compiler with project's scala-library version: 3.8.4
2026.07.30 12:12:16 WARN  no build target for: C:\Users\ankit chouhan\OneDrive\Desktop\Scala\Single_L.scala
2026.07.30 12:12:16 INFO  no build target found for C:\Users\ankit chouhan\OneDrive\Desktop\Scala\Single_L.scala. Using presentation compiler with project's scala-library version: 3.8.4
2026.07.30 12:12:16 INFO  no build target found for C:\Users\ankit chouhan\OneDrive\Desktop\Scala\Single_L.scala. Using presentation compiler with project's scala-library version: 3.8.4
2026.07.30 12:14:32 INFO  no build target found for C:\Users\ankit chouhan\OneDrive\Desktop\Scala\Single_L.scala. Using presentation compiler with project's scala-library version: 3.8.4
2026.07.30 12:14:32 INFO  no build target found for C:\Users\ankit chouhan\OneDrive\Desktop\Scala\Single_L.scala. Using presentation compiler with project's scala-library version: 3.8.4
2026.07.30 12:14:32 INFO  no build target found for C:\Users\ankit chouhan\OneDrive\Desktop\Scala\Single_L.scala. Using presentation compiler with project's scala-library version: 3.8.4
2026.07.30 12:14:33 WARN  no build target for: C:\Users\ankit chouhan\OneDrive\Desktop\Scala\Single_L.scala
2026.07.30 12:14:33 INFO  no build target found for C:\Users\ankit chouhan\OneDrive\Desktop\Scala\Single_L.scala. Using presentation compiler with project's scala-library version: 3.8.4
2026.07.30 12:17:13 INFO  no build target found for C:\Users\ankit chouhan\OneDrive\Desktop\Scala\Single_L.scala. Using presentation compiler with project's scala-library version: 3.8.4
2026.07.30 12:17:13 INFO  no build target found for C:\Users\ankit chouhan\OneDrive\Desktop\Scala\Single_L.scala. Using presentation compiler with project's scala-library version: 3.8.4
2026.07.30 12:17:20 INFO  no build target found for C:\Users\ankit chouhan\OneDrive\Desktop\Scala\Single_L.scala. Using presentation compiler with project's scala-library version: 3.8.4
2026.07.30 12:17:20 INFO  no build target found for C:\Users\ankit chouhan\OneDrive\Desktop\Scala\Single_L.scala. Using presentation compiler with project's scala-library version: 3.8.4
2026.07.30 12:17:21 INFO  no build target found for C:\Users\ankit chouhan\OneDrive\Desktop\Scala\Single_L.scala. Using presentation compiler with project's scala-library version: 3.8.4
2026.07.30 12:17:21 INFO  no build target found for C:\Users\ankit chouhan\OneDrive\Desktop\Scala\Single_L.scala. Using presentation compiler with project's scala-library version: 3.8.4
Jul 30, 2026 12:17:22 PM org.eclipse.lsp4j.jsonrpc.RemoteEndpoint handleCancellation
WARNING: Unmatched cancel notification for request id 243
2026.07.30 12:17:21 INFO  no build target found for C:\Users\ankit chouhan\OneDrive\Desktop\Scala\Single_L.scala. Using presentation compiler with project's scala-library version: 3.8.4
2026.07.30 12:17:22 INFO  no build target found for C:\Users\ankit chouhan\OneDrive\Desktop\Scala\Single_L.scala. Using presentation compiler with project's scala-library version: 3.8.4
2026.07.30 12:17:21 INFO  no build target found for C:\Users\ankit chouhan\OneDrive\Desktop\Scala\Single_L.scala. Using presentation compiler with project's scala-library version: 3.8.4
2026.07.30 12:17:22 INFO  no build target found for C:\Users\ankit chouhan\OneDrive\Desktop\Scala\Single_L.scala. Using presentation compiler with project's scala-library version: 3.8.4
2026.07.30 12:17:22 INFO  no build target found for C:\Users\ankit chouhan\OneDrive\Desktop\Scala\Single_L.scala. Using presentation compiler with project's scala-library version: 3.8.4
2026.07.30 12:17:22 INFO  no build target found for C:\Users\ankit chouhan\OneDrive\Desktop\Scala\Single_L.scala. Using presentation compiler with project's scala-library version: 3.8.4
2026.07.30 12:17:22 INFO  no build target found for C:\Users\ankit chouhan\OneDrive\Desktop\Scala\Single_L.scala. Using presentation compiler with project's scala-library version: 3.8.4
2026.07.30 12:17:23 INFO  no build target found for C:\Users\ankit chouhan\OneDrive\Desktop\Scala\Single_L.scala. Using presentation compiler with project's scala-library version: 3.8.4
2026.07.30 12:17:22 INFO  no build target found for C:\Users\ankit chouhan\OneDrive\Desktop\Scala\Single_L.scala. Using presentation compiler with project's scala-library version: 3.8.4
2026.07.30 12:17:23 INFO  no build target found for C:\Users\ankit chouhan\OneDrive\Desktop\Scala\Single_L.scala. Using presentation compiler with project's scala-library version: 3.8.4
2026.07.30 12:17:22 INFO  no build target found for C:\Users\ankit chouhan\OneDrive\Desktop\Scala\Single_L.scala. Using presentation compiler with project's scala-library version: 3.8.4
2026.07.30 12:17:24 INFO  no build target found for C:\Users\ankit chouhan\OneDrive\Desktop\Scala\Single_L.scala. Using presentation compiler with project's scala-library version: 3.8.4
2026.07.30 12:17:24 INFO  no build target found for C:\Users\ankit chouhan\OneDrive\Desktop\Scala\Single_L.scala. Using presentation compiler with project's scala-library version: 3.8.4
2026.07.30 12:17:24 INFO  no build target found for C:\Users\ankit chouhan\OneDrive\Desktop\Scala\Single_L.scala. Using presentation compiler with project's scala-library version: 3.8.4
2026.07.30 12:17:24 INFO  no build target found for C:\Users\ankit chouhan\OneDrive\Desktop\Scala\Single_L.scala. Using presentation compiler with project's scala-library version: 3.8.4
2026.07.30 12:17:24 INFO  no build target found for C:\Users\ankit chouhan\OneDrive\Desktop\Scala\Single_L.scala. Using presentation compiler with project's scala-library version: 3.8.4
2026.07.30 12:17:24 INFO  no build target found for C:\Users\ankit chouhan\OneDrive\Desktop\Scala\Single_L.scala. Using presentation compiler with project's scala-library version: 3.8.4
2026.07.30 12:17:24 INFO  no build target found for C:\Users\ankit chouhan\OneDrive\Desktop\Scala\Single_L.scala. Using presentation compiler with project's scala-library version: 3.8.4
2026.07.30 12:17:24 INFO  no build target found for C:\Users\ankit chouhan\OneDrive\Desktop\Scala\Single_L.scala. Using presentation compiler with project's scala-library version: 3.8.4
2026.07.30 12:17:25 INFO  no build target found for C:\Users\ankit chouhan\OneDrive\Desktop\Scala\Single_L.scala. Using presentation compiler with project's scala-library version: 3.8.4
2026.07.30 12:17:25 INFO  no build target found for C:\Users\ankit chouhan\OneDrive\Desktop\Scala\Single_L.scala. Using presentation compiler with project's scala-library version: 3.8.4
2026.07.30 12:17:25 INFO  no build target found for C:\Users\ankit chouhan\OneDrive\Desktop\Scala\Single_L.scala. Using presentation compiler with project's scala-library version: 3.8.4
2026.07.30 12:17:25 INFO  no build target found for C:\Users\ankit chouhan\OneDrive\Desktop\Scala\Single_L.scala. Using presentation compiler with project's scala-library version: 3.8.4
2026.07.30 12:17:25 INFO  no build target found for C:\Users\ankit chouhan\OneDrive\Desktop\Scala\Single_L.scala. Using presentation compiler with project's scala-library version: 3.8.4
2026.07.30 12:17:26 INFO  no build target found for C:\Users\ankit chouhan\OneDrive\Desktop\Scala\Single_L.scala. Using presentation compiler with project's scala-library version: 3.8.4
2026.07.30 12:17:26 INFO  no build target found for C:\Users\ankit chouhan\OneDrive\Desktop\Scala\Single_L.scala. Using presentation compiler with project's scala-library version: 3.8.4
2026.07.30 12:17:26 WARN  no build target for: C:\Users\ankit chouhan\OneDrive\Desktop\Scala\Single_L.scala
2026.07.30 12:17:26 INFO  no build target found for C:\Users\ankit chouhan\OneDrive\Desktop\Scala\Single_L.scala. Using presentation compiler with project's scala-library version: 3.8.4
2026.07.30 12:17:33 INFO  no build target found for C:\Users\ankit chouhan\OneDrive\Desktop\Scala\Single_L.scala. Using presentation compiler with project's scala-library version: 3.8.4
2026.07.30 12:17:33 INFO  no build target found for C:\Users\ankit chouhan\OneDrive\Desktop\Scala\Single_L.scala. Using presentation compiler with project's scala-library version: 3.8.4
2026.07.30 12:17:33 INFO  no build target found for C:\Users\ankit chouhan\OneDrive\Desktop\Scala\Single_L.scala. Using presentation compiler with project's scala-library version: 3.8.4
2026.07.30 12:17:33 INFO  no build target found for C:\Users\ankit chouhan\OneDrive\Desktop\Scala\Single_L.scala. Using presentation compiler with project's scala-library version: 3.8.4
2026.07.30 12:17:33 INFO  no build target found for C:\Users\ankit chouhan\OneDrive\Desktop\Scala\Single_L.scala. Using presentation compiler with project's scala-library version: 3.8.4
2026.07.30 12:17:33 INFO  no build target found for C:\Users\ankit chouhan\OneDrive\Desktop\Scala\Single_L.scala. Using presentation compiler with project's scala-library version: 3.8.4
2026.07.30 12:17:33 INFO  no build target found for C:\Users\ankit chouhan\OneDrive\Desktop\Scala\Single_L.scala. Using presentation compiler with project's scala-library version: 3.8.4
2026.07.30 12:17:34 INFO  no build target found for C:\Users\ankit chouhan\OneDrive\Desktop\Scala\Single_L.scala. Using presentation compiler with project's scala-library version: 3.8.4
2026.07.30 12:17:34 INFO  no build target found for C:\Users\ankit chouhan\OneDrive\Desktop\Scala\Single_L.scala. Using presentation compiler with project's scala-library version: 3.8.4
2026.07.30 12:17:34 WARN  no build target for: C:\Users\ankit chouhan\OneDrive\Desktop\Scala\Single_L.scala
2026.07.30 12:17:34 INFO  no build target found for C:\Users\ankit chouhan\OneDrive\Desktop\Scala\Single_L.scala. Using presentation compiler with project's scala-library version: 3.8.4
2026.07.30 12:17:35 INFO  no build target found for C:\Users\ankit chouhan\OneDrive\Desktop\Scala\Single_L.scala. Using presentation compiler with project's scala-library version: 3.8.4
2026.07.30 12:17:35 INFO  no build target found for C:\Users\ankit chouhan\OneDrive\Desktop\Scala\Single_L.scala. Using presentation compiler with project's scala-library version: 3.8.4
2026.07.30 12:17:34 INFO  no build target found for C:\Users\ankit chouhan\OneDrive\Desktop\Scala\Single_L.scala. Using presentation compiler with project's scala-library version: 3.8.4
2026.07.30 12:17:35 INFO  no build target found for C:\Users\ankit chouhan\OneDrive\Desktop\Scala\Single_L.scala. Using presentation compiler with project's scala-library version: 3.8.4
2026.07.30 12:17:35 INFO  no build target found for C:\Users\ankit chouhan\OneDrive\Desktop\Scala\Single_L.scala. Using presentation compiler with project's scala-library version: 3.8.4
2026.07.30 12:17:35 INFO  no build target found for C:\Users\ankit chouhan\OneDrive\Desktop\Scala\Single_L.scala. Using presentation compiler with project's scala-library version: 3.8.4
2026.07.30 12:17:36 INFO  no build target found for C:\Users\ankit chouhan\OneDrive\Desktop\Scala\Single_L.scala. Using presentation compiler with project's scala-library version: 3.8.4
2026.07.30 12:17:36 INFO  no build target found for C:\Users\ankit chouhan\OneDrive\Desktop\Scala\Single_L.scala. Using presentation compiler with project's scala-library version: 3.8.4
2026.07.30 12:17:36 INFO  no build target found for C:\Users\ankit chouhan\OneDrive\Desktop\Scala\Single_L.scala. Using presentation compiler with project's scala-library version: 3.8.4
2026.07.30 12:17:36 INFO  no build target found for C:\Users\ankit chouhan\OneDrive\Desktop\Scala\Single_L.scala. Using presentation compiler with project's scala-library version: 3.8.4
2026.07.30 12:17:37 WARN  no build target for: C:\Users\ankit chouhan\OneDrive\Desktop\Scala\Single_L.scala
2026.07.30 12:17:37 INFO  no build target found for C:\Users\ankit chouhan\OneDrive\Desktop\Scala\Single_L.scala. Using presentation compiler with project's scala-library version: 3.8.4
2026.07.30 12:17:37 INFO  no build target found for C:\Users\ankit chouhan\OneDrive\Desktop\Scala\Single_L.scala. Using presentation compiler with project's scala-library version: 3.8.4
2026.07.30 12:17:39 INFO  no build target found for C:\Users\ankit chouhan\OneDrive\Desktop\Scala\Single_L.scala. Using presentation compiler with project's scala-library version: 3.8.4
2026.07.30 12:17:39 INFO  no build target found for C:\Users\ankit chouhan\OneDrive\Desktop\Scala\Single_L.scala. Using presentation compiler with project's scala-library version: 3.8.4
2026.07.30 12:17:40 INFO  no build target found for C:\Users\ankit chouhan\OneDrive\Desktop\Scala\Single_L.scala. Using presentation compiler with project's scala-library version: 3.8.4
2026.07.30 12:17:39 INFO  no build target found for C:\Users\ankit chouhan\OneDrive\Desktop\Scala\Single_L.scala. Using presentation compiler with project's scala-library version: 3.8.4
2026.07.30 12:17:40 INFO  no build target found for C:\Users\ankit chouhan\OneDrive\Desktop\Scala\Single_L.scala. Using presentation compiler with project's scala-library version: 3.8.4
2026.07.30 12:17:40 INFO  no build target found for C:\Users\ankit chouhan\OneDrive\Desktop\Scala\Single_L.scala. Using presentation compiler with project's scala-library version: 3.8.4
2026.07.30 12:17:40 INFO  no build target found for C:\Users\ankit chouhan\OneDrive\Desktop\Scala\Single_L.scala. Using presentation compiler with project's scala-library version: 3.8.4
2026.07.30 12:17:40 INFO  no build target found for C:\Users\ankit chouhan\OneDrive\Desktop\Scala\Single_L.scala. Using presentation compiler with project's scala-library version: 3.8.4
2026.07.30 12:17:41 INFO  no build target found for C:\Users\ankit chouhan\OneDrive\Desktop\Scala\Single_L.scala. Using presentation compiler with project's scala-library version: 3.8.4
2026.07.30 12:17:41 INFO  no build target found for C:\Users\ankit chouhan\OneDrive\Desktop\Scala\Single_L.scala. Using presentation compiler with project's scala-library version: 3.8.4
2026.07.30 12:17:40 INFO  no build target found for C:\Users\ankit chouhan\OneDrive\Desktop\Scala\Single_L.scala. Using presentation compiler with project's scala-library version: 3.8.4
2026.07.30 12:17:40 INFO  no build target found for C:\Users\ankit chouhan\OneDrive\Desktop\Scala\Single_L.scala. Using presentation compiler with project's scala-library version: 3.8.4
2026.07.30 12:17:40 INFO  no build target found for C:\Users\ankit chouhan\OneDrive\Desktop\Scala\Single_L.scala. Using presentation compiler with project's scala-library version: 3.8.4
2026.07.30 12:17:41 INFO  no build target found for C:\Users\ankit chouhan\OneDrive\Desktop\Scala\Single_L.scala. Using presentation compiler with project's scala-library version: 3.8.4
2026.07.30 12:17:41 INFO  no build target found for C:\Users\ankit chouhan\OneDrive\Desktop\Scala\Single_L.scala. Using presentation compiler with project's scala-library version: 3.8.4
2026.07.30 12:17:41 INFO  no build target found for C:\Users\ankit chouhan\OneDrive\Desktop\Scala\Single_L.scala. Using presentation compiler with project's scala-library version: 3.8.4
2026.07.30 12:17:41 INFO  no build target found for C:\Users\ankit chouhan\OneDrive\Desktop\Scala\Single_L.scala. Using presentation compiler with project's scala-library version: 3.8.4
2026.07.30 12:17:41 INFO  no build target found for C:\Users\ankit chouhan\OneDrive\Desktop\Scala\Single_L.scala. Using presentation compiler with project's scala-library version: 3.8.4
2026.07.30 12:17:41 INFO  no build target found for C:\Users\ankit chouhan\OneDrive\Desktop\Scala\Single_L.scala. Using presentation compiler with project's scala-library version: 3.8.4
2026.07.30 12:17:42 INFO  no build target found for C:\Users\ankit chouhan\OneDrive\Desktop\Scala\Single_L.scala. Using presentation compiler with project's scala-library version: 3.8.4
2026.07.30 12:17:42 INFO  no build target found for C:\Users\ankit chouhan\OneDrive\Desktop\Scala\Single_L.scala. Using presentation compiler with project's scala-library version: 3.8.4
2026.07.30 12:17:41 INFO  no build target found for C:\Users\ankit chouhan\OneDrive\Desktop\Scala\Single_L.scala. Using presentation compiler with project's scala-library version: 3.8.4
2026.07.30 12:17:41 INFO  no build target found for C:\Users\ankit chouhan\OneDrive\Desktop\Scala\Single_L.scala. Using presentation compiler with project's scala-library version: 3.8.4
2026.07.30 12:17:41 INFO  no build target found for C:\Users\ankit chouhan\OneDrive\Desktop\Scala\Single_L.scala. Using presentation compiler with project's scala-library version: 3.8.4
2026.07.30 12:17:42 INFO  no build target found for C:\Users\ankit chouhan\OneDrive\Desktop\Scala\Single_L.scala. Using presentation compiler with project's scala-library version: 3.8.4
2026.07.30 12:17:43 INFO  no build target found for C:\Users\ankit chouhan\OneDrive\Desktop\Scala\Single_L.scala. Using presentation compiler with project's scala-library version: 3.8.4
2026.07.30 12:17:43 INFO  no build target found for C:\Users\ankit chouhan\OneDrive\Desktop\Scala\Single_L.scala. Using presentation compiler with project's scala-library version: 3.8.4
2026.07.30 12:17:43 INFO  no build target found for C:\Users\ankit chouhan\OneDrive\Desktop\Scala\Single_L.scala. Using presentation compiler with project's scala-library version: 3.8.4
2026.07.30 12:17:43 WARN  no build target for: C:\Users\ankit chouhan\OneDrive\Desktop\Scala\Single_L.scala
2026.07.30 12:17:43 INFO  no build target found for C:\Users\ankit chouhan\OneDrive\Desktop\Scala\Single_L.scala. Using presentation compiler with project's scala-library version: 3.8.4
2026.07.30 12:17:43 INFO  no build target found for C:\Users\ankit chouhan\OneDrive\Desktop\Scala\Single_L.scala. Using presentation compiler with project's scala-library version: 3.8.4
2026.07.30 12:17:46 INFO  no build target found for C:\Users\ankit chouhan\OneDrive\Desktop\Scala\Single_L.scala. Using presentation compiler with project's scala-library version: 3.8.4
2026.07.30 12:17:46 INFO  no build target found for C:\Users\ankit chouhan\OneDrive\Desktop\Scala\Single_L.scala. Using presentation compiler with project's scala-library version: 3.8.4
2026.07.30 12:17:46 INFO  no build target found for C:\Users\ankit chouhan\OneDrive\Desktop\Scala\Single_L.scala. Using presentation compiler with project's scala-library version: 3.8.4
2026.07.30 12:17:47 INFO  no build target found for C:\Users\ankit chouhan\OneDrive\Desktop\Scala\Single_L.scala. Using presentation compiler with project's scala-library version: 3.8.4
2026.07.30 12:17:47 INFO  no build target found for C:\Users\ankit chouhan\OneDrive\Desktop\Scala\Single_L.scala. Using presentation compiler with project's scala-library version: 3.8.4
2026.07.30 12:17:46 INFO  no build target found for C:\Users\ankit chouhan\OneDrive\Desktop\Scala\Single_L.scala. Using presentation compiler with project's scala-library version: 3.8.4
2026.07.30 12:17:46 INFO  no build target found for C:\Users\ankit chouhan\OneDrive\Desktop\Scala\Single_L.scala. Using presentation compiler with project's scala-library version: 3.8.4
2026.07.30 12:17:48 WARN  no build target for: C:\Users\ankit chouhan\OneDrive\Desktop\Scala\Single_L.scala
2026.07.30 12:17:48 INFO  no build target found for C:\Users\ankit chouhan\OneDrive\Desktop\Scala\Single_L.scala. Using presentation compiler with project's scala-library version: 3.8.4
2026.07.30 12:17:48 INFO  no build target found for C:\Users\ankit chouhan\OneDrive\Desktop\Scala\Single_L.scala. Using presentation compiler with project's scala-library version: 3.8.4
2026.07.30 12:17:49 INFO  no build target found for C:\Users\ankit chouhan\OneDrive\Desktop\Scala\Single_L.scala. Using presentation compiler with project's scala-library version: 3.8.4
2026.07.30 12:17:49 INFO  no build target found for C:\Users\ankit chouhan\OneDrive\Desktop\Scala\Single_L.scala. Using presentation compiler with project's scala-library version: 3.8.4
2026.07.30 12:17:49 INFO  no build target found for C:\Users\ankit chouhan\OneDrive\Desktop\Scala\Single_L.scala. Using presentation compiler with project's scala-library version: 3.8.4
2026.07.30 12:17:49 INFO  no build target found for C:\Users\ankit chouhan\OneDrive\Desktop\Scala\Single_L.scala. Using presentation compiler with project's scala-library version: 3.8.4
2026.07.30 12:17:50 INFO  no build target found for C:\Users\ankit chouhan\OneDrive\Desktop\Scala\Single_L.scala. Using presentation compiler with project's scala-library version: 3.8.4
2026.07.30 12:17:50 INFO  no build target found for C:\Users\ankit chouhan\OneDrive\Desktop\Scala\Single_L.scala. Using presentation compiler with project's scala-library version: 3.8.4
2026.07.30 12:17:50 INFO  no build target found for C:\Users\ankit chouhan\OneDrive\Desktop\Scala\Single_L.scala. Using presentation compiler with project's scala-library version: 3.8.4
2026.07.30 12:17:50 INFO  no build target found for C:\Users\ankit chouhan\OneDrive\Desktop\Scala\Single_L.scala. Using presentation compiler with project's scala-library version: 3.8.4
2026.07.30 12:17:51 INFO  no build target found for C:\Users\ankit chouhan\OneDrive\Desktop\Scala\Single_L.scala. Using presentation compiler with project's scala-library version: 3.8.4
2026.07.30 12:17:50 INFO  no build target found for C:\Users\ankit chouhan\OneDrive\Desktop\Scala\Single_L.scala. Using presentation compiler with project's scala-library version: 3.8.4
2026.07.30 12:17:50 INFO  no build target found for C:\Users\ankit chouhan\OneDrive\Desktop\Scala\Single_L.scala. Using presentation compiler with project's scala-library version: 3.8.4
2026.07.30 12:17:50 INFO  no build target found for C:\Users\ankit chouhan\OneDrive\Desktop\Scala\Single_L.scala. Using presentation compiler with project's scala-library version: 3.8.4
2026.07.30 12:17:51 INFO  no build target found for C:\Users\ankit chouhan\OneDrive\Desktop\Scala\Single_L.scala. Using presentation compiler with project's scala-library version: 3.8.4
2026.07.30 12:17:51 INFO  no build target found for C:\Users\ankit chouhan\OneDrive\Desktop\Scala\Single_L.scala. Using presentation compiler with project's scala-library version: 3.8.4
2026.07.30 12:17:51 INFO  no build target found for C:\Users\ankit chouhan\OneDrive\Desktop\Scala\Single_L.scala. Using presentation compiler with project's scala-library version: 3.8.4
2026.07.30 12:17:51 INFO  no build target found for C:\Users\ankit chouhan\OneDrive\Desktop\Scala\Single_L.scala. Using presentation compiler with project's scala-library version: 3.8.4
2026.07.30 12:17:51 INFO  no build target found for C:\Users\ankit chouhan\OneDrive\Desktop\Scala\Single_L.scala. Using presentation compiler with project's scala-library version: 3.8.4
2026.07.30 12:17:51 INFO  no build target found for C:\Users\ankit chouhan\OneDrive\Desktop\Scala\Single_L.scala. Using presentation compiler with project's scala-library version: 3.8.4
Jul 30, 2026 12:17:52 PM org.eclipse.lsp4j.jsonrpc.RemoteEndpoint handleCancellation
WARNING: Unmatched cancel notification for request id 416
2026.07.30 12:17:52 INFO  no build target found for C:\Users\ankit chouhan\OneDrive\Desktop\Scala\Single_L.scala. Using presentation compiler with project's scala-library version: 3.8.4
2026.07.30 12:17:51 INFO  no build target found for C:\Users\ankit chouhan\OneDrive\Desktop\Scala\Single_L.scala. Using presentation compiler with project's scala-library version: 3.8.4
2026.07.30 12:17:52 INFO  no build target found for C:\Users\ankit chouhan\OneDrive\Desktop\Scala\Single_L.scala. Using presentation compiler with project's scala-library version: 3.8.4
2026.07.30 12:17:53 INFO  no build target found for C:\Users\ankit chouhan\OneDrive\Desktop\Scala\Single_L.scala. Using presentation compiler with project's scala-library version: 3.8.4
Jul 30, 2026 12:17:53 PM org.eclipse.lsp4j.jsonrpc.RemoteEndpoint handleCancellation
WARNING: Unmatched cancel notification for request id 421
2026.07.30 12:17:53 INFO  no build target found for C:\Users\ankit chouhan\OneDrive\Desktop\Scala\Single_L.scala. Using presentation compiler with project's scala-library version: 3.8.4
2026.07.30 12:17:53 INFO  no build target found for C:\Users\ankit chouhan\OneDrive\Desktop\Scala\Single_L.scala. Using presentation compiler with project's scala-library version: 3.8.4
2026.07.30 12:17:53 INFO  no build target found for C:\Users\ankit chouhan\OneDrive\Desktop\Scala\Single_L.scala. Using presentation compiler with project's scala-library version: 3.8.4
2026.07.30 12:17:53 INFO  no build target found for C:\Users\ankit chouhan\OneDrive\Desktop\Scala\Single_L.scala. Using presentation compiler with project's scala-library version: 3.8.4
2026.07.30 12:17:52 INFO  no build target found for C:\Users\ankit chouhan\OneDrive\Desktop\Scala\Single_L.scala. Using presentation compiler with project's scala-library version: 3.8.4
2026.07.30 12:17:53 INFO  no build target found for C:\Users\ankit chouhan\OneDrive\Desktop\Scala\Single_L.scala. Using presentation compiler with project's scala-library version: 3.8.4
2026.07.30 12:17:54 WARN  no build target for: C:\Users\ankit chouhan\OneDrive\Desktop\Scala\Single_L.scala
2026.07.30 12:17:54 INFO  no build target found for C:\Users\ankit chouhan\OneDrive\Desktop\Scala\Single_L.scala. Using presentation compiler with project's scala-library version: 3.8.4
2026.07.30 12:17:58 INFO  no build target found for C:\Users\ankit chouhan\OneDrive\Desktop\Scala\Single_L.scala. Using presentation compiler with project's scala-library version: 3.8.4
2026.07.30 12:17:58 INFO  no build target found for C:\Users\ankit chouhan\OneDrive\Desktop\Scala\Single_L.scala. Using presentation compiler with project's scala-library version: 3.8.4
2026.07.30 12:17:58 INFO  no build target found for C:\Users\ankit chouhan\OneDrive\Desktop\Scala\Single_L.scala. Using presentation compiler with project's scala-library version: 3.8.4
2026.07.30 12:17:58 INFO  no build target found for C:\Users\ankit chouhan\OneDrive\Desktop\Scala\Single_L.scala. Using presentation compiler with project's scala-library version: 3.8.4
2026.07.30 12:17:58 INFO  no build target found for C:\Users\ankit chouhan\OneDrive\Desktop\Scala\Single_L.scala. Using presentation compiler with project's scala-library version: 3.8.4
2026.07.30 12:17:59 WARN  no build target for: C:\Users\ankit chouhan\OneDrive\Desktop\Scala\Single_L.scala
2026.07.30 12:17:59 INFO  no build target found for C:\Users\ankit chouhan\OneDrive\Desktop\Scala\Single_L.scala. Using presentation compiler with project's scala-library version: 3.8.4
2026.07.30 12:18:02 INFO  no build target found for C:\Users\ankit chouhan\OneDrive\Desktop\Scala\Single_L.scala. Using presentation compiler with project's scala-library version: 3.8.4
2026.07.30 12:18:02 INFO  no build target found for C:\Users\ankit chouhan\OneDrive\Desktop\Scala\Single_L.scala. Using presentation compiler with project's scala-library version: 3.8.4
2026.07.30 12:18:02 INFO  no build target found for C:\Users\ankit chouhan\OneDrive\Desktop\Scala\Single_L.scala. Using presentation compiler with project's scala-library version: 3.8.4
2026.07.30 12:18:02 INFO  no build target found for C:\Users\ankit chouhan\OneDrive\Desktop\Scala\Single_L.scala. Using presentation compiler with project's scala-library version: 3.8.4
2026.07.30 12:18:02 INFO  no build target found for C:\Users\ankit chouhan\OneDrive\Desktop\Scala\Single_L.scala. Using presentation compiler with project's scala-library version: 3.8.4
2026.07.30 12:18:03 WARN  no build target for: C:\Users\ankit chouhan\OneDrive\Desktop\Scala\Single_L.scala
2026.07.30 12:18:03 INFO  no build target found for C:\Users\ankit chouhan\OneDrive\Desktop\Scala\Single_L.scala. Using presentation compiler with project's scala-library version: 3.8.4
2026.07.30 12:18:08 INFO  no build target found for C:\Users\ankit chouhan\OneDrive\Desktop\Scala\Single_L.scala. Using presentation compiler with project's scala-library version: 3.8.4
2026.07.30 12:18:08 INFO  no build target found for C:\Users\ankit chouhan\OneDrive\Desktop\Scala\Single_L.scala. Using presentation compiler with project's scala-library version: 3.8.4
2026.07.30 12:18:09 INFO  no build target found for C:\Users\ankit chouhan\OneDrive\Desktop\Scala\Single_L.scala. Using presentation compiler with project's scala-library version: 3.8.4
2026.07.30 12:18:09 INFO  no build target found for C:\Users\ankit chouhan\OneDrive\Desktop\Scala\Single_L.scala. Using presentation compiler with project's scala-library version: 3.8.4
2026.07.30 12:18:08 INFO  no build target found for C:\Users\ankit chouhan\OneDrive\Desktop\Scala\Single_L.scala. Using presentation compiler with project's scala-library version: 3.8.4
2026.07.30 12:18:10 INFO  no build target found for C:\Users\ankit chouhan\OneDrive\Desktop\Scala\Single_L.scala. Using presentation compiler with project's scala-library version: 3.8.4
2026.07.30 12:18:10 INFO  no build target found for C:\Users\ankit chouhan\OneDrive\Desktop\Scala\Single_L.scala. Using presentation compiler with project's scala-library version: 3.8.4
2026.07.30 12:18:10 INFO  no build target found for C:\Users\ankit chouhan\OneDrive\Desktop\Scala\Single_L.scala. Using presentation compiler with project's scala-library version: 3.8.4
2026.07.30 12:18:11 WARN  no build target for: C:\Users\ankit chouhan\OneDrive\Desktop\Scala\Single_L.scala
2026.07.30 12:18:10 INFO  no build target found for C:\Users\ankit chouhan\OneDrive\Desktop\Scala\Single_L.scala. Using presentation compiler with project's scala-library version: 3.8.4
2026.07.30 12:18:11 INFO  no build target found for C:\Users\ankit chouhan\OneDrive\Desktop\Scala\Single_L.scala. Using presentation compiler with project's scala-library version: 3.8.4
2026.07.30 12:18:11 INFO  no build target found for C:\Users\ankit chouhan\OneDrive\Desktop\Scala\Single_L.scala. Using presentation compiler with project's scala-library version: 3.8.4
2026.07.30 12:18:11 INFO  no build target found for C:\Users\ankit chouhan\OneDrive\Desktop\Scala\Single_L.scala. Using presentation compiler with project's scala-library version: 3.8.4
2026.07.30 12:18:11 INFO  no build target found for C:\Users\ankit chouhan\OneDrive\Desktop\Scala\Single_L.scala. Using presentation compiler with project's scala-library version: 3.8.4
2026.07.30 12:18:11 INFO  no build target found for C:\Users\ankit chouhan\OneDrive\Desktop\Scala\Single_L.scala. Using presentation compiler with project's scala-library version: 3.8.4
2026.07.30 12:18:11 INFO  no build target found for C:\Users\ankit chouhan\OneDrive\Desktop\Scala\Single_L.scala. Using presentation compiler with project's scala-library version: 3.8.4
2026.07.30 12:18:12 WARN  no build target for: C:\Users\ankit chouhan\OneDrive\Desktop\Scala\Single_L.scala
2026.07.30 12:18:12 INFO  no build target found for C:\Users\ankit chouhan\OneDrive\Desktop\Scala\Single_L.scala. Using presentation compiler with project's scala-library version: 3.8.4
2026.07.30 12:18:19 INFO  no build target found for C:\Users\ankit chouhan\OneDrive\Desktop\Scala\Single_L.scala. Using presentation compiler with project's scala-library version: 3.8.4
2026.07.30 12:18:19 INFO  no build target found for C:\Users\ankit chouhan\OneDrive\Desktop\Scala\Single_L.scala. Using presentation compiler with project's scala-library version: 3.8.4
2026.07.30 12:18:19 INFO  no build target found for C:\Users\ankit chouhan\OneDrive\Desktop\Scala\Single_L.scala. Using presentation compiler with project's scala-library version: 3.8.4
2026.07.30 12:18:19 INFO  no build target found for C:\Users\ankit chouhan\OneDrive\Desktop\Scala\Single_L.scala. Using presentation compiler with project's scala-library version: 3.8.4
2026.07.30 12:18:19 INFO  no build target found for C:\Users\ankit chouhan\OneDrive\Desktop\Scala\Single_L.scala. Using presentation compiler with project's scala-library version: 3.8.4
2026.07.30 12:18:19 INFO  no build target found for C:\Users\ankit chouhan\OneDrive\Desktop\Scala\Single_L.scala. Using presentation compiler with project's scala-library version: 3.8.4
2026.07.30 12:18:19 INFO  no build target found for C:\Users\ankit chouhan\OneDrive\Desktop\Scala\Single_L.scala. Using presentation compiler with project's scala-library version: 3.8.4
2026.07.30 12:18:20 INFO  no build target found for C:\Users\ankit chouhan\OneDrive\Desktop\Scala\Single_L.scala. Using presentation compiler with project's scala-library version: 3.8.4
2026.07.30 12:18:20 INFO  no build target found for C:\Users\ankit chouhan\OneDrive\Desktop\Scala\Single_L.scala. Using presentation compiler with project's scala-library version: 3.8.4
2026.07.30 12:18:20 INFO  no build target found for C:\Users\ankit chouhan\OneDrive\Desktop\Scala\Single_L.scala. Using presentation compiler with project's scala-library version: 3.8.4
2026.07.30 12:18:20 INFO  no build target found for C:\Users\ankit chouhan\OneDrive\Desktop\Scala\Single_L.scala. Using presentation compiler with project's scala-library version: 3.8.4
2026.07.30 12:18:20 INFO  no build target found for C:\Users\ankit chouhan\OneDrive\Desktop\Scala\Single_L.scala. Using presentation compiler with project's scala-library version: 3.8.4
2026.07.30 12:18:20 INFO  no build target found for C:\Users\ankit chouhan\OneDrive\Desktop\Scala\Single_L.scala. Using presentation compiler with project's scala-library version: 3.8.4
2026.07.30 12:18:20 INFO  no build target found for C:\Users\ankit chouhan\OneDrive\Desktop\Scala\Single_L.scala. Using presentation compiler with project's scala-library version: 3.8.4
2026.07.30 12:18:20 INFO  no build target found for C:\Users\ankit chouhan\OneDrive\Desktop\Scala\Single_L.scala. Using presentation compiler with project's scala-library version: 3.8.4
2026.07.30 12:18:20 WARN  no build target for: C:\Users\ankit chouhan\OneDrive\Desktop\Scala\Single_L.scala
2026.07.30 12:18:21 INFO  no build target found for C:\Users\ankit chouhan\OneDrive\Desktop\Scala\Single_L.scala. Using presentation compiler with project's scala-library version: 3.8.4
2026.07.30 12:18:24 INFO  no build target found for C:\Users\ankit chouhan\OneDrive\Desktop\Scala\Single_L.scala. Using presentation compiler with project's scala-library version: 3.8.4
2026.07.30 12:18:24 INFO  no build target found for C:\Users\ankit chouhan\OneDrive\Desktop\Scala\Single_L.scala. Using presentation compiler with project's scala-library version: 3.8.4
2026.07.30 12:18:24 INFO  no build target found for C:\Users\ankit chouhan\OneDrive\Desktop\Scala\Single_L.scala. Using presentation compiler with project's scala-library version: 3.8.4
2026.07.30 12:18:24 INFO  no build target found for C:\Users\ankit chouhan\OneDrive\Desktop\Scala\Single_L.scala. Using presentation compiler with project's scala-library version: 3.8.4
2026.07.30 12:18:24 INFO  no build target found for C:\Users\ankit chouhan\OneDrive\Desktop\Scala\Single_L.scala. Using presentation compiler with project's scala-library version: 3.8.4
2026.07.30 12:18:24 INFO  no build target found for C:\Users\ankit chouhan\OneDrive\Desktop\Scala\Single_L.scala. Using presentation compiler with project's scala-library version: 3.8.4
2026.07.30 12:18:24 INFO  no build target found for C:\Users\ankit chouhan\OneDrive\Desktop\Scala\Single_L.scala. Using presentation compiler with project's scala-library version: 3.8.4
2026.07.30 12:18:24 INFO  no build target found for C:\Users\ankit chouhan\OneDrive\Desktop\Scala\Single_L.scala. Using presentation compiler with project's scala-library version: 3.8.4
2026.07.30 12:18:24 INFO  no build target found for C:\Users\ankit chouhan\OneDrive\Desktop\Scala\Single_L.scala. Using presentation compiler with project's scala-library version: 3.8.4
2026.07.30 12:18:25 WARN  no build target for: C:\Users\ankit chouhan\OneDrive\Desktop\Scala\Single_L.scala
2026.07.30 12:18:24 INFO  no build target found for C:\Users\ankit chouhan\OneDrive\Desktop\Scala\Single_L.scala. Using presentation compiler with project's scala-library version: 3.8.4
2026.07.30 12:18:26 INFO  no build target found for C:\Users\ankit chouhan\OneDrive\Desktop\Scala\Single_L.scala. Using presentation compiler with project's scala-library version: 3.8.4
2026.07.30 12:18:26 INFO  no build target found for C:\Users\ankit chouhan\OneDrive\Desktop\Scala\Single_L.scala. Using presentation compiler with project's scala-library version: 3.8.4
2026.07.30 12:18:26 INFO  no build target found for C:\Users\ankit chouhan\OneDrive\Desktop\Scala\Single_L.scala. Using presentation compiler with project's scala-library version: 3.8.4
2026.07.30 12:18:26 INFO  no build target found for C:\Users\ankit chouhan\OneDrive\Desktop\Scala\Single_L.scala. Using presentation compiler with project's scala-library version: 3.8.4
2026.07.30 12:18:26 INFO  no build target found for C:\Users\ankit chouhan\OneDrive\Desktop\Scala\Single_L.scala. Using presentation compiler with project's scala-library version: 3.8.4
2026.07.30 12:18:26 INFO  no build target found for C:\Users\ankit chouhan\OneDrive\Desktop\Scala\Single_L.scala. Using presentation compiler with project's scala-library version: 3.8.4
2026.07.30 12:18:27 INFO  no build target found for C:\Users\ankit chouhan\OneDrive\Desktop\Scala\Single_L.scala. Using presentation compiler with project's scala-library version: 3.8.4
2026.07.30 12:18:27 INFO  no build target found for C:\Users\ankit chouhan\OneDrive\Desktop\Scala\Single_L.scala. Using presentation compiler with project's scala-library version: 3.8.4
2026.07.30 12:18:27 INFO  no build target found for C:\Users\ankit chouhan\OneDrive\Desktop\Scala\Single_L.scala. Using presentation compiler with project's scala-library version: 3.8.4
2026.07.30 12:18:28 WARN  no build target for: C:\Users\ankit chouhan\OneDrive\Desktop\Scala\Single_L.scala
2026.07.30 12:18:28 INFO  no build target found for C:\Users\ankit chouhan\OneDrive\Desktop\Scala\Single_L.scala. Using presentation compiler with project's scala-library version: 3.8.4
2026.07.30 12:18:37 INFO  no build target found for C:\Users\ankit chouhan\OneDrive\Desktop\Scala\Single_L.scala. Using presentation compiler with project's scala-library version: 3.8.4
2026.07.30 12:18:37 INFO  no build target found for C:\Users\ankit chouhan\OneDrive\Desktop\Scala\Single_L.scala. Using presentation compiler with project's scala-library version: 3.8.4
2026.07.30 12:18:37 INFO  no build target found for C:\Users\ankit chouhan\OneDrive\Desktop\Scala\Single_L.scala. Using presentation compiler with project's scala-library version: 3.8.4
2026.07.30 12:18:37 INFO  no build target found for C:\Users\ankit chouhan\OneDrive\Desktop\Scala\Single_L.scala. Using presentation compiler with project's scala-library version: 3.8.4
2026.07.30 12:18:37 WARN  no build target for: C:\Users\ankit chouhan\OneDrive\Desktop\Scala\Single_L.scala
2026.07.30 12:18:38 INFO  no build target found for C:\Users\ankit chouhan\OneDrive\Desktop\Scala\Single_L.scala. Using presentation compiler with project's scala-library version: 3.8.4
2026.07.30 12:18:38 INFO  no build target found for C:\Users\ankit chouhan\OneDrive\Desktop\Scala\Single_L.scala. Using presentation compiler with project's scala-library version: 3.8.4
2026.07.30 12:18:38 INFO  no build target found for C:\Users\ankit chouhan\OneDrive\Desktop\Scala\Single_L.scala. Using presentation compiler with project's scala-library version: 3.8.4
2026.07.30 12:18:38 INFO  no build target found for C:\Users\ankit chouhan\OneDrive\Desktop\Scala\Single_L.scala. Using presentation compiler with project's scala-library version: 3.8.4
2026.07.30 12:18:38 INFO  no build target found for C:\Users\ankit chouhan\OneDrive\Desktop\Scala\Single_L.scala. Using presentation compiler with project's scala-library version: 3.8.4
2026.07.30 12:18:38 INFO  no build target found for C:\Users\ankit chouhan\OneDrive\Desktop\Scala\Single_L.scala. Using presentation compiler with project's scala-library version: 3.8.4
Jul 30, 2026 12:18:38 PM org.eclipse.lsp4j.jsonrpc.RemoteEndpoint handleCancellation
WARNING: Unmatched cancel notification for request id 564
2026.07.30 12:18:38 INFO  no build target found for C:\Users\ankit chouhan\OneDrive\Desktop\Scala\Single_L.scala. Using presentation compiler with project's scala-library version: 3.8.4
2026.07.30 12:18:38 INFO  no build target found for C:\Users\ankit chouhan\OneDrive\Desktop\Scala\Single_L.scala. Using presentation compiler with project's scala-library version: 3.8.4
2026.07.30 12:18:38 INFO  no build target found for C:\Users\ankit chouhan\OneDrive\Desktop\Scala\Single_L.scala. Using presentation compiler with project's scala-library version: 3.8.4
Jul 30, 2026 12:18:39 PM org.eclipse.lsp4j.jsonrpc.RemoteEndpoint handleCancellation
WARNING: Unmatched cancel notification for request id 565
2026.07.30 12:18:38 INFO  no build target found for C:\Users\ankit chouhan\OneDrive\Desktop\Scala\Single_L.scala. Using presentation compiler with project's scala-library version: 3.8.4
2026.07.30 12:18:39 INFO  no build target found for C:\Users\ankit chouhan\OneDrive\Desktop\Scala\Single_L.scala. Using presentation compiler with project's scala-library version: 3.8.4
2026.07.30 12:18:39 INFO  no build target found for C:\Users\ankit chouhan\OneDrive\Desktop\Scala\Single_L.scala. Using presentation compiler with project's scala-library version: 3.8.4
2026.07.30 12:18:39 INFO  no build target found for C:\Users\ankit chouhan\OneDrive\Desktop\Scala\Single_L.scala. Using presentation compiler with project's scala-library version: 3.8.4
2026.07.30 12:18:39 INFO  no build target found for C:\Users\ankit chouhan\OneDrive\Desktop\Scala\Single_L.scala. Using presentation compiler with project's scala-library version: 3.8.4
2026.07.30 12:18:39 INFO  no build target found for C:\Users\ankit chouhan\OneDrive\Desktop\Scala\Single_L.scala. Using presentation compiler with project's scala-library version: 3.8.4
2026.07.30 12:18:40 WARN  no build target for: C:\Users\ankit chouhan\OneDrive\Desktop\Scala\Single_L.scala
2026.07.30 12:18:39 INFO  no build target found for C:\Users\ankit chouhan\OneDrive\Desktop\Scala\Single_L.scala. Using presentation compiler with project's scala-library version: 3.8.4
2026.07.30 12:18:42 INFO  no build target found for C:\Users\ankit chouhan\OneDrive\Desktop\Scala\Single_L.scala. Using presentation compiler with project's scala-library version: 3.8.4
2026.07.30 12:18:42 INFO  no build target found for C:\Users\ankit chouhan\OneDrive\Desktop\Scala\Single_L.scala. Using presentation compiler with project's scala-library version: 3.8.4
2026.07.30 12:18:42 INFO  no build target found for C:\Users\ankit chouhan\OneDrive\Desktop\Scala\Single_L.scala. Using presentation compiler with project's scala-library version: 3.8.4
2026.07.30 12:18:42 INFO  no build target found for C:\Users\ankit chouhan\OneDrive\Desktop\Scala\Single_L.scala. Using presentation compiler with project's scala-library version: 3.8.4
2026.07.30 12:18:42 INFO  no build target found for C:\Users\ankit chouhan\OneDrive\Desktop\Scala\Single_L.scala. Using presentation compiler with project's scala-library version: 3.8.4
2026.07.30 12:18:42 INFO  no build target found for C:\Users\ankit chouhan\OneDrive\Desktop\Scala\Single_L.scala. Using presentation compiler with project's scala-library version: 3.8.4
2026.07.30 12:18:43 INFO  no build target found for C:\Users\ankit chouhan\OneDrive\Desktop\Scala\Single_L.scala. Using presentation compiler with project's scala-library version: 3.8.4
2026.07.30 12:18:42 INFO  no build target found for C:\Users\ankit chouhan\OneDrive\Desktop\Scala\Single_L.scala. Using presentation compiler with project's scala-library version: 3.8.4
2026.07.30 12:18:43 INFO  no build target found for C:\Users\ankit chouhan\OneDrive\Desktop\Scala\Single_L.scala. Using presentation compiler with project's scala-library version: 3.8.4
2026.07.30 12:18:43 INFO  no build target found for C:\Users\ankit chouhan\OneDrive\Desktop\Scala\Single_L.scala. Using presentation compiler with project's scala-library version: 3.8.4
2026.07.30 12:18:43 INFO  no build target found for C:\Users\ankit chouhan\OneDrive\Desktop\Scala\Single_L.scala. Using presentation compiler with project's scala-library version: 3.8.4
2026.07.30 12:18:43 INFO  no build target found for C:\Users\ankit chouhan\OneDrive\Desktop\Scala\Single_L.scala. Using presentation compiler with project's scala-library version: 3.8.4
2026.07.30 12:18:43 INFO  no build target found for C:\Users\ankit chouhan\OneDrive\Desktop\Scala\Single_L.scala. Using presentation compiler with project's scala-library version: 3.8.4
2026.07.30 12:18:43 INFO  no build target found for C:\Users\ankit chouhan\OneDrive\Desktop\Scala\Single_L.scala. Using presentation compiler with project's scala-library version: 3.8.4
2026.07.30 12:18:43 INFO  no build target found for C:\Users\ankit chouhan\OneDrive\Desktop\Scala\Single_L.scala. Using presentation compiler with project's scala-library version: 3.8.4
2026.07.30 12:18:43 INFO  no build target found for C:\Users\ankit chouhan\OneDrive\Desktop\Scala\Single_L.scala. Using presentation compiler with project's scala-library version: 3.8.4
2026.07.30 12:18:43 INFO  no build target found for C:\Users\ankit chouhan\OneDrive\Desktop\Scala\Single_L.scala. Using presentation compiler with project's scala-library version: 3.8.4
2026.07.30 12:18:44 INFO  no build target found for C:\Users\ankit chouhan\OneDrive\Desktop\Scala\Single_L.scala. Using presentation compiler with project's scala-library version: 3.8.4
2026.07.30 12:18:44 INFO  no build target found for C:\Users\ankit chouhan\OneDrive\Desktop\Scala\Single_L.scala. Using presentation compiler with project's scala-library version: 3.8.4
2026.07.30 12:18:44 INFO  no build target found for C:\Users\ankit chouhan\OneDrive\Desktop\Scala\Single_L.scala. Using presentation compiler with project's scala-library version: 3.8.4
2026.07.30 12:18:45 WARN  no build target for: C:\Users\ankit chouhan\OneDrive\Desktop\Scala\Single_L.scala
2026.07.30 12:18:45 INFO  no build target found for C:\Users\ankit chouhan\OneDrive\Desktop\Scala\Single_L.scala. Using presentation compiler with project's scala-library version: 3.8.4
2026.07.30 12:18:48 INFO  no build target found for C:\Users\ankit chouhan\OneDrive\Desktop\Scala\Single_L.scala. Using presentation compiler with project's scala-library version: 3.8.4
2026.07.30 12:18:48 INFO  no build target found for C:\Users\ankit chouhan\OneDrive\Desktop\Scala\Single_L.scala. Using presentation compiler with project's scala-library version: 3.8.4
2026.07.30 12:18:48 INFO  no build target found for C:\Users\ankit chouhan\OneDrive\Desktop\Scala\Single_L.scala. Using presentation compiler with project's scala-library version: 3.8.4
2026.07.30 12:18:48 INFO  no build target found for C:\Users\ankit chouhan\OneDrive\Desktop\Scala\Single_L.scala. Using presentation compiler with project's scala-library version: 3.8.4
2026.07.30 12:18:48 INFO  no build target found for C:\Users\ankit chouhan\OneDrive\Desktop\Scala\Single_L.scala. Using presentation compiler with project's scala-library version: 3.8.4
2026.07.30 12:18:48 INFO  no build target found for C:\Users\ankit chouhan\OneDrive\Desktop\Scala\Single_L.scala. Using presentation compiler with project's scala-library version: 3.8.4
2026.07.30 12:18:49 INFO  no build target found for C:\Users\ankit chouhan\OneDrive\Desktop\Scala\Single_L.scala. Using presentation compiler with project's scala-library version: 3.8.4
2026.07.30 12:18:49 INFO  no build target found for C:\Users\ankit chouhan\OneDrive\Desktop\Scala\Single_L.scala. Using presentation compiler with project's scala-library version: 3.8.4
2026.07.30 12:18:49 INFO  no build target found for C:\Users\ankit chouhan\OneDrive\Desktop\Scala\Single_L.scala. Using presentation compiler with project's scala-library version: 3.8.4
2026.07.30 12:18:49 INFO  no build target found for C:\Users\ankit chouhan\OneDrive\Desktop\Scala\Single_L.scala. Using presentation compiler with project's scala-library version: 3.8.4
2026.07.30 12:18:49 INFO  no build target found for C:\Users\ankit chouhan\OneDrive\Desktop\Scala\Single_L.scala. Using presentation compiler with project's scala-library version: 3.8.4
2026.07.30 12:18:48 INFO  no build target found for C:\Users\ankit chouhan\OneDrive\Desktop\Scala\Single_L.scala. Using presentation compiler with project's scala-library version: 3.8.4
2026.07.30 12:18:49 INFO  no build target found for C:\Users\ankit chouhan\OneDrive\Desktop\Scala\Single_L.scala. Using presentation compiler with project's scala-library version: 3.8.4
2026.07.30 12:18:49 INFO  no build target found for C:\Users\ankit chouhan\OneDrive\Desktop\Scala\Single_L.scala. Using presentation compiler with project's scala-library version: 3.8.4
2026.07.30 12:18:49 INFO  no build target found for C:\Users\ankit chouhan\OneDrive\Desktop\Scala\Single_L.scala. Using presentation compiler with project's scala-library version: 3.8.4
2026.07.30 12:18:50 INFO  no build target found for C:\Users\ankit chouhan\OneDrive\Desktop\Scala\Single_L.scala. Using presentation compiler with project's scala-library version: 3.8.4
2026.07.30 12:18:50 INFO  no build target found for C:\Users\ankit chouhan\OneDrive\Desktop\Scala\Single_L.scala. Using presentation compiler with project's scala-library version: 3.8.4
2026.07.30 12:18:50 INFO  no build target found for C:\Users\ankit chouhan\OneDrive\Desktop\Scala\Single_L.scala. Using presentation compiler with project's scala-library version: 3.8.4
2026.07.30 12:18:50 INFO  no build target found for C:\Users\ankit chouhan\OneDrive\Desktop\Scala\Single_L.scala. Using presentation compiler with project's scala-library version: 3.8.4
2026.07.30 12:18:50 INFO  no build target found for C:\Users\ankit chouhan\OneDrive\Desktop\Scala\Single_L.scala. Using presentation compiler with project's scala-library version: 3.8.4
2026.07.30 12:18:50 WARN  no build target for: C:\Users\ankit chouhan\OneDrive\Desktop\Scala\Single_L.scala
2026.07.30 12:18:51 INFO  no build target found for C:\Users\ankit chouhan\OneDrive\Desktop\Scala\Single_L.scala. Using presentation compiler with project's scala-library version: 3.8.4
2026.07.30 12:19:04 INFO  no build target found for C:\Users\ankit chouhan\OneDrive\Desktop\Scala\Single_L.scala. Using presentation compiler with project's scala-library version: 3.8.4
2026.07.30 12:19:04 INFO  no build target found for C:\Users\ankit chouhan\OneDrive\Desktop\Scala\Single_L.scala. Using presentation compiler with project's scala-library version: 3.8.4
2026.07.30 12:19:04 INFO  no build target found for C:\Users\ankit chouhan\OneDrive\Desktop\Scala\Single_L.scala. Using presentation compiler with project's scala-library version: 3.8.4
2026.07.30 12:19:05 INFO  no build target found for C:\Users\ankit chouhan\OneDrive\Desktop\Scala\Single_L.scala. Using presentation compiler with project's scala-library version: 3.8.4
2026.07.30 12:19:05 INFO  no build target found for C:\Users\ankit chouhan\OneDrive\Desktop\Scala\Single_L.scala. Using presentation compiler with project's scala-library version: 3.8.4
2026.07.30 12:19:05 INFO  no build target found for C:\Users\ankit chouhan\OneDrive\Desktop\Scala\Single_L.scala. Using presentation compiler with project's scala-library version: 3.8.4
2026.07.30 12:19:07 INFO  no build target found for C:\Users\ankit chouhan\OneDrive\Desktop\Scala\Single_L.scala. Using presentation compiler with project's scala-library version: 3.8.4
2026.07.30 12:19:07 INFO  no build target found for C:\Users\ankit chouhan\OneDrive\Desktop\Scala\Single_L.scala. Using presentation compiler with project's scala-library version: 3.8.4
2026.07.30 12:19:08 INFO  no build target found for C:\Users\ankit chouhan\OneDrive\Desktop\Scala\Single_L.scala. Using presentation compiler with project's scala-library version: 3.8.4
2026.07.30 12:19:08 INFO  no build target found for C:\Users\ankit chouhan\OneDrive\Desktop\Scala\Single_L.scala. Using presentation compiler with project's scala-library version: 3.8.4
2026.07.30 12:19:08 INFO  no build target found for C:\Users\ankit chouhan\OneDrive\Desktop\Scala\Single_L.scala. Using presentation compiler with project's scala-library version: 3.8.4
2026.07.30 12:19:08 INFO  no build target found for C:\Users\ankit chouhan\OneDrive\Desktop\Scala\Single_L.scala. Using presentation compiler with project's scala-library version: 3.8.4
2026.07.30 12:19:08 INFO  no build target found for C:\Users\ankit chouhan\OneDrive\Desktop\Scala\Single_L.scala. Using presentation compiler with project's scala-library version: 3.8.4
2026.07.30 12:19:08 INFO  no build target found for C:\Users\ankit chouhan\OneDrive\Desktop\Scala\Single_L.scala. Using presentation compiler with project's scala-library version: 3.8.4
2026.07.30 12:19:08 INFO  no build target found for C:\Users\ankit chouhan\OneDrive\Desktop\Scala\Single_L.scala. Using presentation compiler with project's scala-library version: 3.8.4
Jul 30, 2026 12:19:08 PM org.eclipse.lsp4j.jsonrpc.RemoteEndpoint handleCancellation
WARNING: Unmatched cancel notification for request id 658
2026.07.30 12:19:08 INFO  no build target found for C:\Users\ankit chouhan\OneDrive\Desktop\Scala\Single_L.scala. Using presentation compiler with project's scala-library version: 3.8.4
2026.07.30 12:19:08 INFO  no build target found for C:\Users\ankit chouhan\OneDrive\Desktop\Scala\Single_L.scala. Using presentation compiler with project's scala-library version: 3.8.4
2026.07.30 12:19:08 INFO  no build target found for C:\Users\ankit chouhan\OneDrive\Desktop\Scala\Single_L.scala. Using presentation compiler with project's scala-library version: 3.8.4
2026.07.30 12:19:09 INFO  no build target found for C:\Users\ankit chouhan\OneDrive\Desktop\Scala\Single_L.scala. Using presentation compiler with project's scala-library version: 3.8.4
2026.07.30 12:19:09 INFO  no build target found for C:\Users\ankit chouhan\OneDrive\Desktop\Scala\Single_L.scala. Using presentation compiler with project's scala-library version: 3.8.4
2026.07.30 12:19:09 INFO  no build target found for C:\Users\ankit chouhan\OneDrive\Desktop\Scala\Single_L.scala. Using presentation compiler with project's scala-library version: 3.8.4
2026.07.30 12:19:09 INFO  no build target found for C:\Users\ankit chouhan\OneDrive\Desktop\Scala\Single_L.scala. Using presentation compiler with project's scala-library version: 3.8.4
2026.07.30 12:19:09 INFO  no build target found for C:\Users\ankit chouhan\OneDrive\Desktop\Scala\Single_L.scala. Using presentation compiler with project's scala-library version: 3.8.4
2026.07.30 12:19:10 WARN  no build target for: C:\Users\ankit chouhan\OneDrive\Desktop\Scala\Single_L.scala
2026.07.30 12:19:10 INFO  no build target found for C:\Users\ankit chouhan\OneDrive\Desktop\Scala\Single_L.scala. Using presentation compiler with project's scala-library version: 3.8.4
2026.07.30 12:19:11 INFO  no build target found for C:\Users\ankit chouhan\OneDrive\Desktop\Scala\Single_L.scala. Using presentation compiler with project's scala-library version: 3.8.4
2026.07.30 12:19:12 INFO  no build target found for C:\Users\ankit chouhan\OneDrive\Desktop\Scala\Single_L.scala. Using presentation compiler with project's scala-library version: 3.8.4
2026.07.30 12:19:12 INFO  no build target found for C:\Users\ankit chouhan\OneDrive\Desktop\Scala\Single_L.scala. Using presentation compiler with project's scala-library version: 3.8.4
2026.07.30 12:19:11 INFO  no build target found for C:\Users\ankit chouhan\OneDrive\Desktop\Scala\Single_L.scala. Using presentation compiler with project's scala-library version: 3.8.4
2026.07.30 12:19:11 INFO  no build target found for C:\Users\ankit chouhan\OneDrive\Desktop\Scala\Single_L.scala. Using presentation compiler with project's scala-library version: 3.8.4
2026.07.30 12:19:12 INFO  no build target found for C:\Users\ankit chouhan\OneDrive\Desktop\Scala\Single_L.scala. Using presentation compiler with project's scala-library version: 3.8.4
2026.07.30 12:19:12 INFO  no build target found for C:\Users\ankit chouhan\OneDrive\Desktop\Scala\Single_L.scala. Using presentation compiler with project's scala-library version: 3.8.4
2026.07.30 12:19:11 INFO  no build target found for C:\Users\ankit chouhan\OneDrive\Desktop\Scala\Single_L.scala. Using presentation compiler with project's scala-library version: 3.8.4
2026.07.30 12:19:11 INFO  no build target found for C:\Users\ankit chouhan\OneDrive\Desktop\Scala\Single_L.scala. Using presentation compiler with project's scala-library version: 3.8.4
2026.07.30 12:19:13 INFO  no build target found for C:\Users\ankit chouhan\OneDrive\Desktop\Scala\Single_L.scala. Using presentation compiler with project's scala-library version: 3.8.4
2026.07.30 12:19:13 INFO  no build target found for C:\Users\ankit chouhan\OneDrive\Desktop\Scala\Single_L.scala. Using presentation compiler with project's scala-library version: 3.8.4
2026.07.30 12:19:13 INFO  no build target found for C:\Users\ankit chouhan\OneDrive\Desktop\Scala\Single_L.scala. Using presentation compiler with project's scala-library version: 3.8.4
2026.07.30 12:19:13 INFO  no build target found for C:\Users\ankit chouhan\OneDrive\Desktop\Scala\Single_L.scala. Using presentation compiler with project's scala-library version: 3.8.4
2026.07.30 12:19:13 INFO  no build target found for C:\Users\ankit chouhan\OneDrive\Desktop\Scala\Single_L.scala. Using presentation compiler with project's scala-library version: 3.8.4
2026.07.30 12:19:13 INFO  no build target found for C:\Users\ankit chouhan\OneDrive\Desktop\Scala\Single_L.scala. Using presentation compiler with project's scala-library version: 3.8.4
2026.07.30 12:19:13 INFO  no build target found for C:\Users\ankit chouhan\OneDrive\Desktop\Scala\Single_L.scala. Using presentation compiler with project's scala-library version: 3.8.4
2026.07.30 12:19:13 INFO  no build target found for C:\Users\ankit chouhan\OneDrive\Desktop\Scala\Single_L.scala. Using presentation compiler with project's scala-library version: 3.8.4
2026.07.30 12:19:13 INFO  no build target found for C:\Users\ankit chouhan\OneDrive\Desktop\Scala\Single_L.scala. Using presentation compiler with project's scala-library version: 3.8.4
2026.07.30 12:19:14 INFO  no build target found for C:\Users\ankit chouhan\OneDrive\Desktop\Scala\Single_L.scala. Using presentation compiler with project's scala-library version: 3.8.4
2026.07.30 12:19:13 INFO  no build target found for C:\Users\ankit chouhan\OneDrive\Desktop\Scala\Single_L.scala. Using presentation compiler with project's scala-library version: 3.8.4
2026.07.30 12:19:14 INFO  no build target found for C:\Users\ankit chouhan\OneDrive\Desktop\Scala\Single_L.scala. Using presentation compiler with project's scala-library version: 3.8.4
2026.07.30 12:19:14 INFO  no build target found for C:\Users\ankit chouhan\OneDrive\Desktop\Scala\Single_L.scala. Using presentation compiler with project's scala-library version: 3.8.4
2026.07.30 12:19:14 INFO  no build target found for C:\Users\ankit chouhan\OneDrive\Desktop\Scala\Single_L.scala. Using presentation compiler with project's scala-library version: 3.8.4
2026.07.30 12:19:14 INFO  no build target found for C:\Users\ankit chouhan\OneDrive\Desktop\Scala\Single_L.scala. Using presentation compiler with project's scala-library version: 3.8.4
2026.07.30 12:19:14 INFO  no build target found for C:\Users\ankit chouhan\OneDrive\Desktop\Scala\Single_L.scala. Using presentation compiler with project's scala-library version: 3.8.4
2026.07.30 12:19:14 INFO  no build target found for C:\Users\ankit chouhan\OneDrive\Desktop\Scala\Single_L.scala. Using presentation compiler with project's scala-library version: 3.8.4
2026.07.30 12:19:14 INFO  no build target found for C:\Users\ankit chouhan\OneDrive\Desktop\Scala\Single_L.scala. Using presentation compiler with project's scala-library version: 3.8.4
2026.07.30 12:19:14 INFO  no build target found for C:\Users\ankit chouhan\OneDrive\Desktop\Scala\Single_L.scala. Using presentation compiler with project's scala-library version: 3.8.4
2026.07.30 12:19:15 INFO  no build target found for C:\Users\ankit chouhan\OneDrive\Desktop\Scala\Single_L.scala. Using presentation compiler with project's scala-library version: 3.8.4
2026.07.30 12:19:15 INFO  no build target found for C:\Users\ankit chouhan\OneDrive\Desktop\Scala\Single_L.scala. Using presentation compiler with project's scala-library version: 3.8.4
2026.07.30 12:19:15 INFO  no build target found for C:\Users\ankit chouhan\OneDrive\Desktop\Scala\Single_L.scala. Using presentation compiler with project's scala-library version: 3.8.4
2026.07.30 12:19:15 INFO  no build target found for C:\Users\ankit chouhan\OneDrive\Desktop\Scala\Single_L.scala. Using presentation compiler with project's scala-library version: 3.8.4
2026.07.30 12:19:15 INFO  no build target found for C:\Users\ankit chouhan\OneDrive\Desktop\Scala\Single_L.scala. Using presentation compiler with project's scala-library version: 3.8.4
2026.07.30 12:19:15 INFO  no build target found for C:\Users\ankit chouhan\OneDrive\Desktop\Scala\Single_L.scala. Using presentation compiler with project's scala-library version: 3.8.4
2026.07.30 12:19:15 INFO  no build target found for C:\Users\ankit chouhan\OneDrive\Desktop\Scala\Single_L.scala. Using presentation compiler with project's scala-library version: 3.8.4
2026.07.30 12:19:15 INFO  no build target found for C:\Users\ankit chouhan\OneDrive\Desktop\Scala\Single_L.scala. Using presentation compiler with project's scala-library version: 3.8.4
2026.07.30 12:19:16 INFO  no build target found for C:\Users\ankit chouhan\OneDrive\Desktop\Scala\Single_L.scala. Using presentation compiler with project's scala-library version: 3.8.4
2026.07.30 12:19:16 INFO  no build target found for C:\Users\ankit chouhan\OneDrive\Desktop\Scala\Single_L.scala. Using presentation compiler with project's scala-library version: 3.8.4
2026.07.30 12:19:16 INFO  no build target found for C:\Users\ankit chouhan\OneDrive\Desktop\Scala\Single_L.scala. Using presentation compiler with project's scala-library version: 3.8.4
2026.07.30 12:19:16 INFO  no build target found for C:\Users\ankit chouhan\OneDrive\Desktop\Scala\Single_L.scala. Using presentation compiler with project's scala-library version: 3.8.4
2026.07.30 12:19:16 INFO  no build target found for C:\Users\ankit chouhan\OneDrive\Desktop\Scala\Single_L.scala. Using presentation compiler with project's scala-library version: 3.8.4
2026.07.30 12:19:17 INFO  no build target found for C:\Users\ankit chouhan\OneDrive\Desktop\Scala\Single_L.scala. Using presentation compiler with project's scala-library version: 3.8.4
2026.07.30 12:19:16 INFO  no build target found for C:\Users\ankit chouhan\OneDrive\Desktop\Scala\Single_L.scala. Using presentation compiler with project's scala-library version: 3.8.4
2026.07.30 12:19:17 INFO  no build target found for C:\Users\ankit chouhan\OneDrive\Desktop\Scala\Single_L.scala. Using presentation compiler with project's scala-library version: 3.8.4
2026.07.30 12:19:17 INFO  no build target found for C:\Users\ankit chouhan\OneDrive\Desktop\Scala\Single_L.scala. Using presentation compiler with project's scala-library version: 3.8.4
2026.07.30 12:19:17 INFO  no build target found for C:\Users\ankit chouhan\OneDrive\Desktop\Scala\Single_L.scala. Using presentation compiler with project's scala-library version: 3.8.4
2026.07.30 12:19:18 WARN  no build target for: C:\Users\ankit chouhan\OneDrive\Desktop\Scala\Single_L.scala
2026.07.30 12:19:18 INFO  no build target found for C:\Users\ankit chouhan\OneDrive\Desktop\Scala\Single_L.scala. Using presentation compiler with project's scala-library version: 3.8.4
2026.07.30 12:19:19 INFO  no build target found for C:\Users\ankit chouhan\OneDrive\Desktop\Scala\Single_L.scala. Using presentation compiler with project's scala-library version: 3.8.4
2026.07.30 12:19:19 INFO  no build target found for C:\Users\ankit chouhan\OneDrive\Desktop\Scala\Single_L.scala. Using presentation compiler with project's scala-library version: 3.8.4
2026.07.30 12:19:19 INFO  no build target found for C:\Users\ankit chouhan\OneDrive\Desktop\Scala\Single_L.scala. Using presentation compiler with project's scala-library version: 3.8.4
2026.07.30 12:19:19 INFO  no build target found for C:\Users\ankit chouhan\OneDrive\Desktop\Scala\Single_L.scala. Using presentation compiler with project's scala-library version: 3.8.4
2026.07.30 12:19:20 INFO  no build target found for C:\Users\ankit chouhan\OneDrive\Desktop\Scala\Single_L.scala. Using presentation compiler with project's scala-library version: 3.8.4
2026.07.30 12:19:20 INFO  no build target found for C:\Users\ankit chouhan\OneDrive\Desktop\Scala\Single_L.scala. Using presentation compiler with project's scala-library version: 3.8.4
2026.07.30 12:19:20 INFO  no build target found for C:\Users\ankit chouhan\OneDrive\Desktop\Scala\Single_L.scala. Using presentation compiler with project's scala-library version: 3.8.4
2026.07.30 12:19:20 INFO  no build target found for C:\Users\ankit chouhan\OneDrive\Desktop\Scala\Single_L.scala. Using presentation compiler with project's scala-library version: 3.8.4
2026.07.30 12:19:20 INFO  no build target found for C:\Users\ankit chouhan\OneDrive\Desktop\Scala\Single_L.scala. Using presentation compiler with project's scala-library version: 3.8.4
2026.07.30 12:19:20 INFO  no build target found for C:\Users\ankit chouhan\OneDrive\Desktop\Scala\Single_L.scala. Using presentation compiler with project's scala-library version: 3.8.4
2026.07.30 12:19:20 INFO  no build target found for C:\Users\ankit chouhan\OneDrive\Desktop\Scala\Single_L.scala. Using presentation compiler with project's scala-library version: 3.8.4
2026.07.30 12:19:20 INFO  no build target found for C:\Users\ankit chouhan\OneDrive\Desktop\Scala\Single_L.scala. Using presentation compiler with project's scala-library version: 3.8.4
2026.07.30 12:19:21 INFO  no build target found for C:\Users\ankit chouhan\OneDrive\Desktop\Scala\Single_L.scala. Using presentation compiler with project's scala-library version: 3.8.4
2026.07.30 12:19:20 INFO  no build target found for C:\Users\ankit chouhan\OneDrive\Desktop\Scala\Single_L.scala. Using presentation compiler with project's scala-library version: 3.8.4
2026.07.30 12:19:21 INFO  no build target found for C:\Users\ankit chouhan\OneDrive\Desktop\Scala\Single_L.scala. Using presentation compiler with project's scala-library version: 3.8.4
Jul 30, 2026 12:19:21 PM org.eclipse.lsp4j.jsonrpc.RemoteEndpoint handleCancellation
WARNING: Unmatched cancel notification for request id 775
2026.07.30 12:19:21 INFO  no build target found for C:\Users\ankit chouhan\OneDrive\Desktop\Scala\Single_L.scala. Using presentation compiler with project's scala-library version: 3.8.4
2026.07.30 12:19:21 INFO  no build target found for C:\Users\ankit chouhan\OneDrive\Desktop\Scala\Single_L.scala. Using presentation compiler with project's scala-library version: 3.8.4
2026.07.30 12:19:21 INFO  no build target found for C:\Users\ankit chouhan\OneDrive\Desktop\Scala\Single_L.scala. Using presentation compiler with project's scala-library version: 3.8.4
2026.07.30 12:19:21 INFO  no build target found for C:\Users\ankit chouhan\OneDrive\Desktop\Scala\Single_L.scala. Using presentation compiler with project's scala-library version: 3.8.4
2026.07.30 12:19:21 INFO  no build target found for C:\Users\ankit chouhan\OneDrive\Desktop\Scala\Single_L.scala. Using presentation compiler with project's scala-library version: 3.8.4
2026.07.30 12:19:21 INFO  no build target found for C:\Users\ankit chouhan\OneDrive\Desktop\Scala\Single_L.scala. Using presentation compiler with project's scala-library version: 3.8.4
2026.07.30 12:19:21 INFO  no build target found for C:\Users\ankit chouhan\OneDrive\Desktop\Scala\Single_L.scala. Using presentation compiler with project's scala-library version: 3.8.4
2026.07.30 12:19:22 INFO  no build target found for C:\Users\ankit chouhan\OneDrive\Desktop\Scala\Single_L.scala. Using presentation compiler with project's scala-library version: 3.8.4
2026.07.30 12:19:22 INFO  no build target found for C:\Users\ankit chouhan\OneDrive\Desktop\Scala\Single_L.scala. Using presentation compiler with project's scala-library version: 3.8.4
2026.07.30 12:19:22 INFO  no build target found for C:\Users\ankit chouhan\OneDrive\Desktop\Scala\Single_L.scala. Using presentation compiler with project's scala-library version: 3.8.4
2026.07.30 12:19:23 INFO  no build target found for C:\Users\ankit chouhan\OneDrive\Desktop\Scala\Single_L.scala. Using presentation compiler with project's scala-library version: 3.8.4
2026.07.30 12:19:23 WARN  no build target for: C:\Users\ankit chouhan\OneDrive\Desktop\Scala\Single_L.scala
2026.07.30 12:19:23 INFO  no build target found for C:\Users\ankit chouhan\OneDrive\Desktop\Scala\Single_L.scala. Using presentation compiler with project's scala-library version: 3.8.4
2026.07.30 12:19:24 INFO  no build target found for C:\Users\ankit chouhan\OneDrive\Desktop\Scala\Single_L.scala. Using presentation compiler with project's scala-library version: 3.8.4
2026.07.30 12:19:24 INFO  no build target found for C:\Users\ankit chouhan\OneDrive\Desktop\Scala\Single_L.scala. Using presentation compiler with project's scala-library version: 3.8.4
2026.07.30 12:19:24 INFO  no build target found for C:\Users\ankit chouhan\OneDrive\Desktop\Scala\Single_L.scala. Using presentation compiler with project's scala-library version: 3.8.4
2026.07.30 12:19:24 INFO  no build target found for C:\Users\ankit chouhan\OneDrive\Desktop\Scala\Single_L.scala. Using presentation compiler with project's scala-library version: 3.8.4
2026.07.30 12:19:24 INFO  no build target found for C:\Users\ankit chouhan\OneDrive\Desktop\Scala\Single_L.scala. Using presentation compiler with project's scala-library version: 3.8.4
2026.07.30 12:19:24 INFO  no build target found for C:\Users\ankit chouhan\OneDrive\Desktop\Scala\Single_L.scala. Using presentation compiler with project's scala-library version: 3.8.4
2026.07.30 12:19:25 INFO  no build target found for C:\Users\ankit chouhan\OneDrive\Desktop\Scala\Single_L.scala. Using presentation compiler with project's scala-library version: 3.8.4
2026.07.30 12:19:25 INFO  no build target found for C:\Users\ankit chouhan\OneDrive\Desktop\Scala\Single_L.scala. Using presentation compiler with project's scala-library version: 3.8.4
2026.07.30 12:19:24 INFO  no build target found for C:\Users\ankit chouhan\OneDrive\Desktop\Scala\Single_L.scala. Using presentation compiler with project's scala-library version: 3.8.4
2026.07.30 12:19:25 INFO  no build target found for C:\Users\ankit chouhan\OneDrive\Desktop\Scala\Single_L.scala. Using presentation compiler with project's scala-library version: 3.8.4
2026.07.30 12:19:25 INFO  no build target found for C:\Users\ankit chouhan\OneDrive\Desktop\Scala\Single_L.scala. Using presentation compiler with project's scala-library version: 3.8.4
2026.07.30 12:19:25 INFO  no build target found for C:\Users\ankit chouhan\OneDrive\Desktop\Scala\Single_L.scala. Using presentation compiler with project's scala-library version: 3.8.4
2026.07.30 12:19:25 INFO  no build target found for C:\Users\ankit chouhan\OneDrive\Desktop\Scala\Single_L.scala. Using presentation compiler with project's scala-library version: 3.8.4
2026.07.30 12:19:25 INFO  no build target found for C:\Users\ankit chouhan\OneDrive\Desktop\Scala\Single_L.scala. Using presentation compiler with project's scala-library version: 3.8.4
2026.07.30 12:19:26 INFO  no build target found for C:\Users\ankit chouhan\OneDrive\Desktop\Scala\Single_L.scala. Using presentation compiler with project's scala-library version: 3.8.4
2026.07.30 12:19:25 INFO  no build target found for C:\Users\ankit chouhan\OneDrive\Desktop\Scala\Single_L.scala. Using presentation compiler with project's scala-library version: 3.8.4
2026.07.30 12:19:26 INFO  no build target found for C:\Users\ankit chouhan\OneDrive\Desktop\Scala\Single_L.scala. Using presentation compiler with project's scala-library version: 3.8.4
2026.07.30 12:19:26 WARN  no build target for: C:\Users\ankit chouhan\OneDrive\Desktop\Scala\Single_L.scala
2026.07.30 12:19:26 INFO  no build target found for C:\Users\ankit chouhan\OneDrive\Desktop\Scala\Single_L.scala. Using presentation compiler with project's scala-library version: 3.8.4
2026.07.30 12:19:26 INFO  no build target found for C:\Users\ankit chouhan\OneDrive\Desktop\Scala\Single_L.scala. Using presentation compiler with project's scala-library version: 3.8.4
2026.07.30 12:19:26 INFO  no build target found for C:\Users\ankit chouhan\OneDrive\Desktop\Scala\Single_L.scala. Using presentation compiler with project's scala-library version: 3.8.4
2026.07.30 12:19:27 INFO  no build target found for C:\Users\ankit chouhan\OneDrive\Desktop\Scala\Single_L.scala. Using presentation compiler with project's scala-library version: 3.8.4
2026.07.30 12:19:27 INFO  no build target found for C:\Users\ankit chouhan\OneDrive\Desktop\Scala\Single_L.scala. Using presentation compiler with project's scala-library version: 3.8.4
2026.07.30 12:19:27 INFO  no build target found for C:\Users\ankit chouhan\OneDrive\Desktop\Scala\Single_L.scala. Using presentation compiler with project's scala-library version: 3.8.4
2026.07.30 12:19:28 INFO  no build target found for C:\Users\ankit chouhan\OneDrive\Desktop\Scala\Single_L.scala. Using presentation compiler with project's scala-library version: 3.8.4
2026.07.30 12:19:27 INFO  no build target found for C:\Users\ankit chouhan\OneDrive\Desktop\Scala\Single_L.scala. Using presentation compiler with project's scala-library version: 3.8.4
2026.07.30 12:19:28 INFO  no build target found for C:\Users\ankit chouhan\OneDrive\Desktop\Scala\Single_L.scala. Using presentation compiler with project's scala-library version: 3.8.4
2026.07.30 12:19:27 INFO  no build target found for C:\Users\ankit chouhan\OneDrive\Desktop\Scala\Single_L.scala. Using presentation compiler with project's scala-library version: 3.8.4
2026.07.30 12:19:27 INFO  no build target found for C:\Users\ankit chouhan\OneDrive\Desktop\Scala\Single_L.scala. Using presentation compiler with project's scala-library version: 3.8.4
2026.07.30 12:19:27 INFO  no build target found for C:\Users\ankit chouhan\OneDrive\Desktop\Scala\Single_L.scala. Using presentation compiler with project's scala-library version: 3.8.4
2026.07.30 12:19:28 INFO  no build target found for C:\Users\ankit chouhan\OneDrive\Desktop\Scala\Single_L.scala. Using presentation compiler with project's scala-library version: 3.8.4
2026.07.30 12:19:27 INFO  no build target found for C:\Users\ankit chouhan\OneDrive\Desktop\Scala\Single_L.scala. Using presentation compiler with project's scala-library version: 3.8.4
2026.07.30 12:19:27 INFO  no build target found for C:\Users\ankit chouhan\OneDrive\Desktop\Scala\Single_L.scala. Using presentation compiler with project's scala-library version: 3.8.4
2026.07.30 12:19:28 INFO  no build target found for C:\Users\ankit chouhan\OneDrive\Desktop\Scala\Single_L.scala. Using presentation compiler with project's scala-library version: 3.8.4
2026.07.30 12:19:28 INFO  no build target found for C:\Users\ankit chouhan\OneDrive\Desktop\Scala\Single_L.scala. Using presentation compiler with project's scala-library version: 3.8.4
2026.07.30 12:19:29 INFO  no build target found for C:\Users\ankit chouhan\OneDrive\Desktop\Scala\Single_L.scala. Using presentation compiler with project's scala-library version: 3.8.4
2026.07.30 12:19:28 INFO  no build target found for C:\Users\ankit chouhan\OneDrive\Desktop\Scala\Single_L.scala. Using presentation compiler with project's scala-library version: 3.8.4
2026.07.30 12:19:28 INFO  no build target found for C:\Users\ankit chouhan\OneDrive\Desktop\Scala\Single_L.scala. Using presentation compiler with project's scala-library version: 3.8.4
2026.07.30 12:19:29 INFO  no build target found for C:\Users\ankit chouhan\OneDrive\Desktop\Scala\Single_L.scala. Using presentation compiler with project's scala-library version: 3.8.4
2026.07.30 12:19:28 INFO  no build target found for C:\Users\ankit chouhan\OneDrive\Desktop\Scala\Single_L.scala. Using presentation compiler with project's scala-library version: 3.8.4
2026.07.30 12:19:28 INFO  no build target found for C:\Users\ankit chouhan\OneDrive\Desktop\Scala\Single_L.scala. Using presentation compiler with project's scala-library version: 3.8.4
2026.07.30 12:19:30 INFO  no build target found for C:\Users\ankit chouhan\OneDrive\Desktop\Scala\Single_L.scala. Using presentation compiler with project's scala-library version: 3.8.4
2026.07.30 12:19:30 INFO  no build target found for C:\Users\ankit chouhan\OneDrive\Desktop\Scala\Single_L.scala. Using presentation compiler with project's scala-library version: 3.8.4
2026.07.30 12:19:29 INFO  no build target found for C:\Users\ankit chouhan\OneDrive\Desktop\Scala\Single_L.scala. Using presentation compiler with project's scala-library version: 3.8.4
2026.07.30 12:19:30 INFO  no build target found for C:\Users\ankit chouhan\OneDrive\Desktop\Scala\Single_L.scala. Using presentation compiler with project's scala-library version: 3.8.4
2026.07.30 12:19:30 INFO  no build target found for C:\Users\ankit chouhan\OneDrive\Desktop\Scala\Single_L.scala. Using presentation compiler with project's scala-library version: 3.8.4
2026.07.30 12:19:30 INFO  no build target found for C:\Users\ankit chouhan\OneDrive\Desktop\Scala\Single_L.scala. Using presentation compiler with project's scala-library version: 3.8.4
2026.07.30 12:19:30 INFO  no build target found for C:\Users\ankit chouhan\OneDrive\Desktop\Scala\Single_L.scala. Using presentation compiler with project's scala-library version: 3.8.4
2026.07.30 12:19:30 INFO  no build target found for C:\Users\ankit chouhan\OneDrive\Desktop\Scala\Single_L.scala. Using presentation compiler with project's scala-library version: 3.8.4
2026.07.30 12:19:31 INFO  no build target found for C:\Users\ankit chouhan\OneDrive\Desktop\Scala\Single_L.scala. Using presentation compiler with project's scala-library version: 3.8.4
2026.07.30 12:19:31 INFO  no build target found for C:\Users\ankit chouhan\OneDrive\Desktop\Scala\Single_L.scala. Using presentation compiler with project's scala-library version: 3.8.4
2026.07.30 12:19:30 INFO  no build target found for C:\Users\ankit chouhan\OneDrive\Desktop\Scala\Single_L.scala. Using presentation compiler with project's scala-library version: 3.8.4
2026.07.30 12:19:31 INFO  no build target found for C:\Users\ankit chouhan\OneDrive\Desktop\Scala\Single_L.scala. Using presentation compiler with project's scala-library version: 3.8.4
Jul 30, 2026 12:19:31 PM org.eclipse.lsp4j.jsonrpc.RemoteEndpoint handleCancellation
WARNING: Unmatched cancel notification for request id 876
Jul 30, 2026 12:19:31 PM org.eclipse.lsp4j.jsonrpc.RemoteEndpoint handleCancellation
WARNING: Unmatched cancel notification for request id 878
2026.07.30 12:19:31 INFO  no build target found for C:\Users\ankit chouhan\OneDrive\Desktop\Scala\Single_L.scala. Using presentation compiler with project's scala-library version: 3.8.4
2026.07.30 12:19:31 INFO  no build target found for C:\Users\ankit chouhan\OneDrive\Desktop\Scala\Single_L.scala. Using presentation compiler with project's scala-library version: 3.8.4
2026.07.30 12:19:31 INFO  no build target found for C:\Users\ankit chouhan\OneDrive\Desktop\Scala\Single_L.scala. Using presentation compiler with project's scala-library version: 3.8.4
2026.07.30 12:19:31 INFO  no build target found for C:\Users\ankit chouhan\OneDrive\Desktop\Scala\Single_L.scala. Using presentation compiler with project's scala-library version: 3.8.4
2026.07.30 12:19:31 INFO  no build target found for C:\Users\ankit chouhan\OneDrive\Desktop\Scala\Single_L.scala. Using presentation compiler with project's scala-library version: 3.8.4
2026.07.30 12:19:31 INFO  no build target found for C:\Users\ankit chouhan\OneDrive\Desktop\Scala\Single_L.scala. Using presentation compiler with project's scala-library version: 3.8.4
2026.07.30 12:19:31 INFO  no build target found for C:\Users\ankit chouhan\OneDrive\Desktop\Scala\Single_L.scala. Using presentation compiler with project's scala-library version: 3.8.4
2026.07.30 12:19:31 INFO  no build target found for C:\Users\ankit chouhan\OneDrive\Desktop\Scala\Single_L.scala. Using presentation compiler with project's scala-library version: 3.8.4
2026.07.30 12:19:31 INFO  no build target found for C:\Users\ankit chouhan\OneDrive\Desktop\Scala\Single_L.scala. Using presentation compiler with project's scala-library version: 3.8.4
2026.07.30 12:19:32 WARN  no build target for: C:\Users\ankit chouhan\OneDrive\Desktop\Scala\Single_L.scala
2026.07.30 12:19:32 INFO  no build target found for C:\Users\ankit chouhan\OneDrive\Desktop\Scala\Single_L.scala. Using presentation compiler with project's scala-library version: 3.8.4
2026.07.30 12:19:38 INFO  no build target found for C:\Users\ankit chouhan\OneDrive\Desktop\Scala\Single_L.scala. Using presentation compiler with project's scala-library version: 3.8.4
2026.07.30 12:19:38 INFO  no build target found for C:\Users\ankit chouhan\OneDrive\Desktop\Scala\Single_L.scala. Using presentation compiler with project's scala-library version: 3.8.4
2026.07.30 12:19:38 INFO  no build target found for C:\Users\ankit chouhan\OneDrive\Desktop\Scala\Single_L.scala. Using presentation compiler with project's scala-library version: 3.8.4
2026.07.30 12:19:38 INFO  no build target found for C:\Users\ankit chouhan\OneDrive\Desktop\Scala\Single_L.scala. Using presentation compiler with project's scala-library version: 3.8.4
2026.07.30 12:19:38 INFO  no build target found for C:\Users\ankit chouhan\OneDrive\Desktop\Scala\Single_L.scala. Using presentation compiler with project's scala-library version: 3.8.4
2026.07.30 12:19:39 INFO  no build target found for C:\Users\ankit chouhan\OneDrive\Desktop\Scala\Single_L.scala. Using presentation compiler with project's scala-library version: 3.8.4
2026.07.30 12:19:39 INFO  no build target found for C:\Users\ankit chouhan\OneDrive\Desktop\Scala\Single_L.scala. Using presentation compiler with project's scala-library version: 3.8.4
2026.07.30 12:19:39 INFO  no build target found for C:\Users\ankit chouhan\OneDrive\Desktop\Scala\Single_L.scala. Using presentation compiler with project's scala-library version: 3.8.4
2026.07.30 12:19:39 INFO  no build target found for C:\Users\ankit chouhan\OneDrive\Desktop\Scala\Single_L.scala. Using presentation compiler with project's scala-library version: 3.8.4
2026.07.30 12:19:39 INFO  no build target found for C:\Users\ankit chouhan\OneDrive\Desktop\Scala\Single_L.scala. Using presentation compiler with project's scala-library version: 3.8.4
2026.07.30 12:19:39 INFO  no build target found for C:\Users\ankit chouhan\OneDrive\Desktop\Scala\Single_L.scala. Using presentation compiler with project's scala-library version: 3.8.4
2026.07.30 12:19:39 INFO  no build target found for C:\Users\ankit chouhan\OneDrive\Desktop\Scala\Single_L.scala. Using presentation compiler with project's scala-library version: 3.8.4
2026.07.30 12:19:40 INFO  no build target found for C:\Users\ankit chouhan\OneDrive\Desktop\Scala\Single_L.scala. Using presentation compiler with project's scala-library version: 3.8.4
2026.07.30 12:19:40 INFO  no build target found for C:\Users\ankit chouhan\OneDrive\Desktop\Scala\Single_L.scala. Using presentation compiler with project's scala-library version: 3.8.4
2026.07.30 12:19:40 INFO  no build target found for C:\Users\ankit chouhan\OneDrive\Desktop\Scala\Single_L.scala. Using presentation compiler with project's scala-library version: 3.8.4
2026.07.30 12:19:41 INFO  no build target found for C:\Users\ankit chouhan\OneDrive\Desktop\Scala\Single_L.scala. Using presentation compiler with project's scala-library version: 3.8.4
2026.07.30 12:19:41 INFO  no build target found for C:\Users\ankit chouhan\OneDrive\Desktop\Scala\Single_L.scala. Using presentation compiler with project's scala-library version: 3.8.4
2026.07.30 12:19:40 INFO  no build target found for C:\Users\ankit chouhan\OneDrive\Desktop\Scala\Single_L.scala. Using presentation compiler with project's scala-library version: 3.8.4
2026.07.30 12:19:40 INFO  no build target found for C:\Users\ankit chouhan\OneDrive\Desktop\Scala\Single_L.scala. Using presentation compiler with project's scala-library version: 3.8.4
2026.07.30 12:19:42 WARN  no build target for: C:\Users\ankit chouhan\OneDrive\Desktop\Scala\Single_L.scala
2026.07.30 12:19:42 INFO  no build target found for C:\Users\ankit chouhan\OneDrive\Desktop\Scala\Single_L.scala. Using presentation compiler with project's scala-library version: 3.8.4
2026.07.30 12:19:42 INFO  no build target found for C:\Users\ankit chouhan\OneDrive\Desktop\Scala\Single_L.scala. Using presentation compiler with project's scala-library version: 3.8.4
2026.07.30 12:19:45 INFO  no build target found for C:\Users\ankit chouhan\OneDrive\Desktop\Scala\Single_L.scala. Using presentation compiler with project's scala-library version: 3.8.4
2026.07.30 12:19:45 INFO  no build target found for C:\Users\ankit chouhan\OneDrive\Desktop\Scala\Single_L.scala. Using presentation compiler with project's scala-library version: 3.8.4
2026.07.30 12:19:45 INFO  no build target found for C:\Users\ankit chouhan\OneDrive\Desktop\Scala\Single_L.scala. Using presentation compiler with project's scala-library version: 3.8.4
2026.07.30 12:19:46 WARN  no build target for: C:\Users\ankit chouhan\OneDrive\Desktop\Scala\Single_L.scala
2026.07.30 12:19:46 INFO  no build target found for C:\Users\ankit chouhan\OneDrive\Desktop\Scala\Single_L.scala. Using presentation compiler with project's scala-library version: 3.8.4
2026.07.30 12:19:49 INFO  no build target found for C:\Users\ankit chouhan\OneDrive\Desktop\Scala\Single_L.scala. Using presentation compiler with project's scala-library version: 3.8.4
2026.07.30 12:19:49 INFO  no build target found for C:\Users\ankit chouhan\OneDrive\Desktop\Scala\Single_L.scala. Using presentation compiler with project's scala-library version: 3.8.4
2026.07.30 12:19:49 INFO  no build target found for C:\Users\ankit chouhan\OneDrive\Desktop\Scala\Single_L.scala. Using presentation compiler with project's scala-library version: 3.8.4
2026.07.30 12:19:49 INFO  no build target found for C:\Users\ankit chouhan\OneDrive\Desktop\Scala\Single_L.scala. Using presentation compiler with project's scala-library version: 3.8.4
2026.07.30 12:19:49 INFO  no build target found for C:\Users\ankit chouhan\OneDrive\Desktop\Scala\Single_L.scala. Using presentation compiler with project's scala-library version: 3.8.4
2026.07.30 12:19:50 WARN  no build target for: C:\Users\ankit chouhan\OneDrive\Desktop\Scala\Single_L.scala
2026.07.30 12:19:50 INFO  no build target found for C:\Users\ankit chouhan\OneDrive\Desktop\Scala\Single_L.scala. Using presentation compiler with project's scala-library version: 3.8.4
2026.07.30 12:19:50 INFO  no build target found for C:\Users\ankit chouhan\OneDrive\Desktop\Scala\Single_L.scala. Using presentation compiler with project's scala-library version: 3.8.4
2026.07.30 12:19:50 INFO  no build target found for C:\Users\ankit chouhan\OneDrive\Desktop\Scala\Single_L.scala. Using presentation compiler with project's scala-library version: 3.8.4
2026.07.30 12:19:50 INFO  no build target found for C:\Users\ankit chouhan\OneDrive\Desktop\Scala\Single_L.scala. Using presentation compiler with project's scala-library version: 3.8.4
2026.07.30 12:19:50 INFO  no build target found for C:\Users\ankit chouhan\OneDrive\Desktop\Scala\Single_L.scala. Using presentation compiler with project's scala-library version: 3.8.4
2026.07.30 12:19:51 INFO  no build target found for C:\Users\ankit chouhan\OneDrive\Desktop\Scala\Single_L.scala. Using presentation compiler with project's scala-library version: 3.8.4
2026.07.30 12:19:50 INFO  no build target found for C:\Users\ankit chouhan\OneDrive\Desktop\Scala\Single_L.scala. Using presentation compiler with project's scala-library version: 3.8.4
2026.07.30 12:19:50 INFO  no build target found for C:\Users\ankit chouhan\OneDrive\Desktop\Scala\Single_L.scala. Using presentation compiler with project's scala-library version: 3.8.4
2026.07.30 12:19:50 INFO  no build target found for C:\Users\ankit chouhan\OneDrive\Desktop\Scala\Single_L.scala. Using presentation compiler with project's scala-library version: 3.8.4
2026.07.30 12:19:51 INFO  no build target found for C:\Users\ankit chouhan\OneDrive\Desktop\Scala\Single_L.scala. Using presentation compiler with project's scala-library version: 3.8.4
2026.07.30 12:19:50 INFO  no build target found for C:\Users\ankit chouhan\OneDrive\Desktop\Scala\Single_L.scala. Using presentation compiler with project's scala-library version: 3.8.4
2026.07.30 12:19:50 INFO  no build target found for C:\Users\ankit chouhan\OneDrive\Desktop\Scala\Single_L.scala. Using presentation compiler with project's scala-library version: 3.8.4
2026.07.30 12:19:51 INFO  no build target found for C:\Users\ankit chouhan\OneDrive\Desktop\Scala\Single_L.scala. Using presentation compiler with project's scala-library version: 3.8.4
2026.07.30 12:19:51 INFO  no build target found for C:\Users\ankit chouhan\OneDrive\Desktop\Scala\Single_L.scala. Using presentation compiler with project's scala-library version: 3.8.4
2026.07.30 12:19:51 INFO  no build target found for C:\Users\ankit chouhan\OneDrive\Desktop\Scala\Single_L.scala. Using presentation compiler with project's scala-library version: 3.8.4
2026.07.30 12:19:51 INFO  no build target found for C:\Users\ankit chouhan\OneDrive\Desktop\Scala\Single_L.scala. Using presentation compiler with project's scala-library version: 3.8.4
2026.07.30 12:19:51 INFO  no build target found for C:\Users\ankit chouhan\OneDrive\Desktop\Scala\Single_L.scala. Using presentation compiler with project's scala-library version: 3.8.4
Jul 30, 2026 12:19:52 PM org.eclipse.lsp4j.jsonrpc.RemoteEndpoint handleCancellation
WARNING: Unmatched cancel notification for request id 974
2026.07.30 12:19:51 INFO  no build target found for C:\Users\ankit chouhan\OneDrive\Desktop\Scala\Single_L.scala. Using presentation compiler with project's scala-library version: 3.8.4
2026.07.30 12:19:51 INFO  no build target found for C:\Users\ankit chouhan\OneDrive\Desktop\Scala\Single_L.scala. Using presentation compiler with project's scala-library version: 3.8.4
2026.07.30 12:19:52 INFO  no build target found for C:\Users\ankit chouhan\OneDrive\Desktop\Scala\Single_L.scala. Using presentation compiler with project's scala-library version: 3.8.4
2026.07.30 12:19:52 INFO  no build target found for C:\Users\ankit chouhan\OneDrive\Desktop\Scala\Single_L.scala. Using presentation compiler with project's scala-library version: 3.8.4
2026.07.30 12:19:51 INFO  no build target found for C:\Users\ankit chouhan\OneDrive\Desktop\Scala\Single_L.scala. Using presentation compiler with project's scala-library version: 3.8.4
2026.07.30 12:19:52 INFO  no build target found for C:\Users\ankit chouhan\OneDrive\Desktop\Scala\Single_L.scala. Using presentation compiler with project's scala-library version: 3.8.4
2026.07.30 12:19:52 WARN  no build target for: C:\Users\ankit chouhan\OneDrive\Desktop\Scala\Single_L.scala
2026.07.30 12:19:52 INFO  no build target found for C:\Users\ankit chouhan\OneDrive\Desktop\Scala\Single_L.scala. Using presentation compiler with project's scala-library version: 3.8.4
2026.07.30 12:19:52 INFO  no build target found for C:\Users\ankit chouhan\OneDrive\Desktop\Scala\Single_L.scala. Using presentation compiler with project's scala-library version: 3.8.4
2026.07.30 12:19:54 INFO  no build target found for C:\Users\ankit chouhan\OneDrive\Desktop\Scala\Single_L.scala. Using presentation compiler with project's scala-library version: 3.8.4
2026.07.30 12:19:54 INFO  no build target found for C:\Users\ankit chouhan\OneDrive\Desktop\Scala\Single_L.scala. Using presentation compiler with project's scala-library version: 3.8.4
2026.07.30 12:19:54 INFO  no build target found for C:\Users\ankit chouhan\OneDrive\Desktop\Scala\Single_L.scala. Using presentation compiler with project's scala-library version: 3.8.4
2026.07.30 12:19:54 INFO  no build target found for C:\Users\ankit chouhan\OneDrive\Desktop\Scala\Single_L.scala. Using presentation compiler with project's scala-library version: 3.8.4
2026.07.30 12:19:54 INFO  no build target found for C:\Users\ankit chouhan\OneDrive\Desktop\Scala\Single_L.scala. Using presentation compiler with project's scala-library version: 3.8.4
2026.07.30 12:19:54 INFO  no build target found for C:\Users\ankit chouhan\OneDrive\Desktop\Scala\Single_L.scala. Using presentation compiler with project's scala-library version: 3.8.4
2026.07.30 12:19:54 INFO  no build target found for C:\Users\ankit chouhan\OneDrive\Desktop\Scala\Single_L.scala. Using presentation compiler with project's scala-library version: 3.8.4
2026.07.30 12:19:54 INFO  no build target found for C:\Users\ankit chouhan\OneDrive\Desktop\Scala\Single_L.scala. Using presentation compiler with project's scala-library version: 3.8.4
2026.07.30 12:19:55 WARN  no build target for: C:\Users\ankit chouhan\OneDrive\Desktop\Scala\Single_L.scala
2026.07.30 12:19:55 INFO  no build target found for C:\Users\ankit chouhan\OneDrive\Desktop\Scala\Single_L.scala. Using presentation compiler with project's scala-library version: 3.8.4
2026.07.30 12:19:55 INFO  no build target found for C:\Users\ankit chouhan\OneDrive\Desktop\Scala\Single_L.scala. Using presentation compiler with project's scala-library version: 3.8.4
2026.07.30 12:19:55 INFO  no build target found for C:\Users\ankit chouhan\OneDrive\Desktop\Scala\Single_L.scala. Using presentation compiler with project's scala-library version: 3.8.4
2026.07.30 12:19:55 INFO  no build target found for C:\Users\ankit chouhan\OneDrive\Desktop\Scala\Single_L.scala. Using presentation compiler with project's scala-library version: 3.8.4
2026.07.30 12:19:55 INFO  no build target found for C:\Users\ankit chouhan\OneDrive\Desktop\Scala\Single_L.scala. Using presentation compiler with project's scala-library version: 3.8.4
2026.07.30 12:19:56 INFO  no build target found for C:\Users\ankit chouhan\OneDrive\Desktop\Scala\Single_L.scala. Using presentation compiler with project's scala-library version: 3.8.4
2026.07.30 12:19:56 INFO  no build target found for C:\Users\ankit chouhan\OneDrive\Desktop\Scala\Single_L.scala. Using presentation compiler with project's scala-library version: 3.8.4
2026.07.30 12:19:55 INFO  no build target found for C:\Users\ankit chouhan\OneDrive\Desktop\Scala\Single_L.scala. Using presentation compiler with project's scala-library version: 3.8.4
2026.07.30 12:19:56 INFO  no build target found for C:\Users\ankit chouhan\OneDrive\Desktop\Scala\Single_L.scala. Using presentation compiler with project's scala-library version: 3.8.4
2026.07.30 12:19:57 WARN  no build target for: C:\Users\ankit chouhan\OneDrive\Desktop\Scala\Single_L.scala
2026.07.30 12:19:57 INFO  no build target found for C:\Users\ankit chouhan\OneDrive\Desktop\Scala\Single_L.scala. Using presentation compiler with project's scala-library version: 3.8.4
2026.07.30 12:19:56 INFO  no build target found for C:\Users\ankit chouhan\OneDrive\Desktop\Scala\Single_L.scala. Using presentation compiler with project's scala-library version: 3.8.4
2026.07.30 12:20:03 INFO  no build target found for C:\Users\ankit chouhan\OneDrive\Desktop\Scala\Single_L.scala. Using presentation compiler with project's scala-library version: 3.8.4
2026.07.30 12:20:03 INFO  no build target found for C:\Users\ankit chouhan\OneDrive\Desktop\Scala\Single_L.scala. Using presentation compiler with project's scala-library version: 3.8.4
2026.07.30 12:20:03 INFO  no build target found for C:\Users\ankit chouhan\OneDrive\Desktop\Scala\Single_L.scala. Using presentation compiler with project's scala-library version: 3.8.4
2026.07.30 12:20:03 INFO  no build target found for C:\Users\ankit chouhan\OneDrive\Desktop\Scala\Single_L.scala. Using presentation compiler with project's scala-library version: 3.8.4
2026.07.30 12:20:03 INFO  no build target found for C:\Users\ankit chouhan\OneDrive\Desktop\Scala\Single_L.scala. Using presentation compiler with project's scala-library version: 3.8.4
2026.07.30 12:20:03 INFO  no build target found for C:\Users\ankit chouhan\OneDrive\Desktop\Scala\Single_L.scala. Using presentation compiler with project's scala-library version: 3.8.4
2026.07.30 12:20:03 INFO  no build target found for C:\Users\ankit chouhan\OneDrive\Desktop\Scala\Single_L.scala. Using presentation compiler with project's scala-library version: 3.8.4
2026.07.30 12:20:03 INFO  no build target found for C:\Users\ankit chouhan\OneDrive\Desktop\Scala\Single_L.scala. Using presentation compiler with project's scala-library version: 3.8.4
2026.07.30 12:20:04 INFO  no build target found for C:\Users\ankit chouhan\OneDrive\Desktop\Scala\Single_L.scala. Using presentation compiler with project's scala-library version: 3.8.4
2026.07.30 12:20:04 INFO  no build target found for C:\Users\ankit chouhan\OneDrive\Desktop\Scala\Single_L.scala. Using presentation compiler with project's scala-library version: 3.8.4
2026.07.30 12:20:04 INFO  no build target found for C:\Users\ankit chouhan\OneDrive\Desktop\Scala\Single_L.scala. Using presentation compiler with project's scala-library version: 3.8.4
2026.07.30 12:20:04 INFO  no build target found for C:\Users\ankit chouhan\OneDrive\Desktop\Scala\Single_L.scala. Using presentation compiler with project's scala-library version: 3.8.4
Jul 30, 2026 12:20:04 PM org.eclipse.lsp4j.jsonrpc.RemoteEndpoint handleCancellation
WARNING: Unmatched cancel notification for request id 1036
2026.07.30 12:20:04 INFO  no build target found for C:\Users\ankit chouhan\OneDrive\Desktop\Scala\Single_L.scala. Using presentation compiler with project's scala-library version: 3.8.4
2026.07.30 12:20:04 INFO  no build target found for C:\Users\ankit chouhan\OneDrive\Desktop\Scala\Single_L.scala. Using presentation compiler with project's scala-library version: 3.8.4
2026.07.30 12:20:04 INFO  no build target found for C:\Users\ankit chouhan\OneDrive\Desktop\Scala\Single_L.scala. Using presentation compiler with project's scala-library version: 3.8.4
2026.07.30 12:20:04 INFO  no build target found for C:\Users\ankit chouhan\OneDrive\Desktop\Scala\Single_L.scala. Using presentation compiler with project's scala-library version: 3.8.4
2026.07.30 12:20:05 INFO  no build target found for C:\Users\ankit chouhan\OneDrive\Desktop\Scala\Single_L.scala. Using presentation compiler with project's scala-library version: 3.8.4
2026.07.30 12:20:05 INFO  no build target found for C:\Users\ankit chouhan\OneDrive\Desktop\Scala\Single_L.scala. Using presentation compiler with project's scala-library version: 3.8.4
2026.07.30 12:20:05 WARN  no build target for: C:\Users\ankit chouhan\OneDrive\Desktop\Scala\Single_L.scala
2026.07.30 12:20:05 INFO  no build target found for C:\Users\ankit chouhan\OneDrive\Desktop\Scala\Single_L.scala. Using presentation compiler with project's scala-library version: 3.8.4
2026.07.30 12:20:05 INFO  no build target found for C:\Users\ankit chouhan\OneDrive\Desktop\Scala\Single_L.scala. Using presentation compiler with project's scala-library version: 3.8.4
2026.07.30 12:20:06 INFO  no build target found for C:\Users\ankit chouhan\OneDrive\Desktop\Scala\Single_L.scala. Using presentation compiler with project's scala-library version: 3.8.4
2026.07.30 12:20:05 INFO  no build target found for C:\Users\ankit chouhan\OneDrive\Desktop\Scala\Single_L.scala. Using presentation compiler with project's scala-library version: 3.8.4
2026.07.30 12:20:05 INFO  no build target found for C:\Users\ankit chouhan\OneDrive\Desktop\Scala\Single_L.scala. Using presentation compiler with project's scala-library version: 3.8.4
2026.07.30 12:20:06 INFO  no build target found for C:\Users\ankit chouhan\OneDrive\Desktop\Scala\Single_L.scala. Using presentation compiler with project's scala-library version: 3.8.4
2026.07.30 12:20:06 INFO  no build target found for C:\Users\ankit chouhan\OneDrive\Desktop\Scala\Single_L.scala. Using presentation compiler with project's scala-library version: 3.8.4
2026.07.30 12:20:06 INFO  no build target found for C:\Users\ankit chouhan\OneDrive\Desktop\Scala\Single_L.scala. Using presentation compiler with project's scala-library version: 3.8.4
2026.07.30 12:20:06 INFO  no build target found for C:\Users\ankit chouhan\OneDrive\Desktop\Scala\Single_L.scala. Using presentation compiler with project's scala-library version: 3.8.4
2026.07.30 12:20:06 INFO  no build target found for C:\Users\ankit chouhan\OneDrive\Desktop\Scala\Single_L.scala. Using presentation compiler with project's scala-library version: 3.8.4
2026.07.30 12:20:07 INFO  no build target found for C:\Users\ankit chouhan\OneDrive\Desktop\Scala\Single_L.scala. Using presentation compiler with project's scala-library version: 3.8.4
2026.07.30 12:20:06 INFO  no build target found for C:\Users\ankit chouhan\OneDrive\Desktop\Scala\Single_L.scala. Using presentation compiler with project's scala-library version: 3.8.4
2026.07.30 12:20:06 INFO  no build target found for C:\Users\ankit chouhan\OneDrive\Desktop\Scala\Single_L.scala. Using presentation compiler with project's scala-library version: 3.8.4
2026.07.30 12:20:07 INFO  no build target found for C:\Users\ankit chouhan\OneDrive\Desktop\Scala\Single_L.scala. Using presentation compiler with project's scala-library version: 3.8.4
2026.07.30 12:20:07 INFO  no build target found for C:\Users\ankit chouhan\OneDrive\Desktop\Scala\Single_L.scala. Using presentation compiler with project's scala-library version: 3.8.4
2026.07.30 12:20:08 INFO  no build target found for C:\Users\ankit chouhan\OneDrive\Desktop\Scala\Single_L.scala. Using presentation compiler with project's scala-library version: 3.8.4
2026.07.30 12:20:08 INFO  no build target found for C:\Users\ankit chouhan\OneDrive\Desktop\Scala\Single_L.scala. Using presentation compiler with project's scala-library version: 3.8.4
2026.07.30 12:20:08 INFO  no build target found for C:\Users\ankit chouhan\OneDrive\Desktop\Scala\Single_L.scala. Using presentation compiler with project's scala-library version: 3.8.4
2026.07.30 12:20:08 INFO  no build target found for C:\Users\ankit chouhan\OneDrive\Desktop\Scala\Single_L.scala. Using presentation compiler with project's scala-library version: 3.8.4
2026.07.30 12:20:08 INFO  no build target found for C:\Users\ankit chouhan\OneDrive\Desktop\Scala\Single_L.scala. Using presentation compiler with project's scala-library version: 3.8.4
2026.07.30 12:20:09 INFO  no build target found for C:\Users\ankit chouhan\OneDrive\Desktop\Scala\Single_L.scala. Using presentation compiler with project's scala-library version: 3.8.4
2026.07.30 12:20:09 INFO  no build target found for C:\Users\ankit chouhan\OneDrive\Desktop\Scala\Single_L.scala. Using presentation compiler with project's scala-library version: 3.8.4
2026.07.30 12:20:09 WARN  no build target for: C:\Users\ankit chouhan\OneDrive\Desktop\Scala\Single_L.scala
2026.07.30 12:20:09 INFO  no build target found for C:\Users\ankit chouhan\OneDrive\Desktop\Scala\Single_L.scala. Using presentation compiler with project's scala-library version: 3.8.4
2026.07.30 12:20:17 INFO  no build target found for C:\Users\ankit chouhan\OneDrive\Desktop\Scala\Single_L.scala. Using presentation compiler with project's scala-library version: 3.8.4
2026.07.30 12:20:17 INFO  no build target found for C:\Users\ankit chouhan\OneDrive\Desktop\Scala\Single_L.scala. Using presentation compiler with project's scala-library version: 3.8.4
2026.07.30 12:20:17 INFO  no build target found for C:\Users\ankit chouhan\OneDrive\Desktop\Scala\Single_L.scala. Using presentation compiler with project's scala-library version: 3.8.4
2026.07.30 12:20:17 INFO  no build target found for C:\Users\ankit chouhan\OneDrive\Desktop\Scala\Single_L.scala. Using presentation compiler with project's scala-library version: 3.8.4
Jul 30, 2026 12:20:17 PM org.eclipse.lsp4j.jsonrpc.RemoteEndpoint handleCancellation
WARNING: Unmatched cancel notification for request id 1098
2026.07.30 12:20:17 INFO  no build target found for C:\Users\ankit chouhan\OneDrive\Desktop\Scala\Single_L.scala. Using presentation compiler with project's scala-library version: 3.8.4
2026.07.30 12:20:17 INFO  no build target found for C:\Users\ankit chouhan\OneDrive\Desktop\Scala\Single_L.scala. Using presentation compiler with project's scala-library version: 3.8.4
2026.07.30 12:20:17 INFO  no build target found for C:\Users\ankit chouhan\OneDrive\Desktop\Scala\Single_L.scala. Using presentation compiler with project's scala-library version: 3.8.4
2026.07.30 12:20:17 INFO  no build target found for C:\Users\ankit chouhan\OneDrive\Desktop\Scala\Single_L.scala. Using presentation compiler with project's scala-library version: 3.8.4
2026.07.30 12:20:17 INFO  no build target found for C:\Users\ankit chouhan\OneDrive\Desktop\Scala\Single_L.scala. Using presentation compiler with project's scala-library version: 3.8.4
2026.07.30 12:20:18 INFO  no build target found for C:\Users\ankit chouhan\OneDrive\Desktop\Scala\Single_L.scala. Using presentation compiler with project's scala-library version: 3.8.4
2026.07.30 12:20:18 INFO  no build target found for C:\Users\ankit chouhan\OneDrive\Desktop\Scala\Single_L.scala. Using presentation compiler with project's scala-library version: 3.8.4
2026.07.30 12:20:18 INFO  no build target found for C:\Users\ankit chouhan\OneDrive\Desktop\Scala\Single_L.scala. Using presentation compiler with project's scala-library version: 3.8.4
2026.07.30 12:20:18 INFO  no build target found for C:\Users\ankit chouhan\OneDrive\Desktop\Scala\Single_L.scala. Using presentation compiler with project's scala-library version: 3.8.4
2026.07.30 12:20:18 INFO  no build target found for C:\Users\ankit chouhan\OneDrive\Desktop\Scala\Single_L.scala. Using presentation compiler with project's scala-library version: 3.8.4
2026.07.30 12:20:18 INFO  no build target found for C:\Users\ankit chouhan\OneDrive\Desktop\Scala\Single_L.scala. Using presentation compiler with project's scala-library version: 3.8.4
2026.07.30 12:20:18 INFO  no build target found for C:\Users\ankit chouhan\OneDrive\Desktop\Scala\Single_L.scala. Using presentation compiler with project's scala-library version: 3.8.4
2026.07.30 12:20:19 INFO  no build target found for C:\Users\ankit chouhan\OneDrive\Desktop\Scala\Single_L.scala. Using presentation compiler with project's scala-library version: 3.8.4
2026.07.30 12:20:19 INFO  no build target found for C:\Users\ankit chouhan\OneDrive\Desktop\Scala\Single_L.scala. Using presentation compiler with project's scala-library version: 3.8.4
2026.07.30 12:20:19 INFO  no build target found for C:\Users\ankit chouhan\OneDrive\Desktop\Scala\Single_L.scala. Using presentation compiler with project's scala-library version: 3.8.4
2026.07.30 12:20:19 INFO  no build target found for C:\Users\ankit chouhan\OneDrive\Desktop\Scala\Single_L.scala. Using presentation compiler with project's scala-library version: 3.8.4
2026.07.30 12:20:19 INFO  no build target found for C:\Users\ankit chouhan\OneDrive\Desktop\Scala\Single_L.scala. Using presentation compiler with project's scala-library version: 3.8.4
2026.07.30 12:20:19 INFO  no build target found for C:\Users\ankit chouhan\OneDrive\Desktop\Scala\Single_L.scala. Using presentation compiler with project's scala-library version: 3.8.4
2026.07.30 12:20:20 INFO  no build target found for C:\Users\ankit chouhan\OneDrive\Desktop\Scala\Single_L.scala. Using presentation compiler with project's scala-library version: 3.8.4
2026.07.30 12:20:20 INFO  no build target found for C:\Users\ankit chouhan\OneDrive\Desktop\Scala\Single_L.scala. Using presentation compiler with project's scala-library version: 3.8.4
2026.07.30 12:20:21 INFO  no build target found for C:\Users\ankit chouhan\OneDrive\Desktop\Scala\Single_L.scala. Using presentation compiler with project's scala-library version: 3.8.4
2026.07.30 12:20:21 INFO  no build target found for C:\Users\ankit chouhan\OneDrive\Desktop\Scala\Single_L.scala. Using presentation compiler with project's scala-library version: 3.8.4
2026.07.30 12:20:21 WARN  no build target for: C:\Users\ankit chouhan\OneDrive\Desktop\Scala\Single_L.scala
2026.07.30 12:20:21 INFO  no build target found for C:\Users\ankit chouhan\OneDrive\Desktop\Scala\Single_L.scala. Using presentation compiler with project's scala-library version: 3.8.4
2026.07.30 12:20:21 INFO  no build target found for C:\Users\ankit chouhan\OneDrive\Desktop\Scala\Single_L.scala. Using presentation compiler with project's scala-library version: 3.8.4
2026.07.30 12:20:21 INFO  no build target found for C:\Users\ankit chouhan\OneDrive\Desktop\Scala\Single_L.scala. Using presentation compiler with project's scala-library version: 3.8.4
2026.07.30 12:20:21 INFO  no build target found for C:\Users\ankit chouhan\OneDrive\Desktop\Scala\Single_L.scala. Using presentation compiler with project's scala-library version: 3.8.4
2026.07.30 12:20:21 INFO  no build target found for C:\Users\ankit chouhan\OneDrive\Desktop\Scala\Single_L.scala. Using presentation compiler with project's scala-library version: 3.8.4
2026.07.30 12:20:22 INFO  no build target found for C:\Users\ankit chouhan\OneDrive\Desktop\Scala\Single_L.scala. Using presentation compiler with project's scala-library version: 3.8.4
2026.07.30 12:20:22 INFO  no build target found for C:\Users\ankit chouhan\OneDrive\Desktop\Scala\Single_L.scala. Using presentation compiler with project's scala-library version: 3.8.4
2026.07.30 12:20:22 INFO  no build target found for C:\Users\ankit chouhan\OneDrive\Desktop\Scala\Single_L.scala. Using presentation compiler with project's scala-library version: 3.8.4
2026.07.30 12:20:22 INFO  no build target found for C:\Users\ankit chouhan\OneDrive\Desktop\Scala\Single_L.scala. Using presentation compiler with project's scala-library version: 3.8.4
2026.07.30 12:20:22 INFO  no build target found for C:\Users\ankit chouhan\OneDrive\Desktop\Scala\Single_L.scala. Using presentation compiler with project's scala-library version: 3.8.4
2026.07.30 12:20:22 INFO  no build target found for C:\Users\ankit chouhan\OneDrive\Desktop\Scala\Single_L.scala. Using presentation compiler with project's scala-library version: 3.8.4
2026.07.30 12:20:22 INFO  no build target found for C:\Users\ankit chouhan\OneDrive\Desktop\Scala\Single_L.scala. Using presentation compiler with project's scala-library version: 3.8.4
2026.07.30 12:20:23 INFO  no build target found for C:\Users\ankit chouhan\OneDrive\Desktop\Scala\Single_L.scala. Using presentation compiler with project's scala-library version: 3.8.4
2026.07.30 12:20:22 INFO  no build target found for C:\Users\ankit chouhan\OneDrive\Desktop\Scala\Single_L.scala. Using presentation compiler with project's scala-library version: 3.8.4
2026.07.30 12:20:23 INFO  no build target found for C:\Users\ankit chouhan\OneDrive\Desktop\Scala\Single_L.scala. Using presentation compiler with project's scala-library version: 3.8.4
2026.07.30 12:20:23 INFO  no build target found for C:\Users\ankit chouhan\OneDrive\Desktop\Scala\Single_L.scala. Using presentation compiler with project's scala-library version: 3.8.4
2026.07.30 12:20:23 INFO  no build target found for C:\Users\ankit chouhan\OneDrive\Desktop\Scala\Single_L.scala. Using presentation compiler with project's scala-library version: 3.8.4
2026.07.30 12:20:23 INFO  no build target found for C:\Users\ankit chouhan\OneDrive\Desktop\Scala\Single_L.scala. Using presentation compiler with project's scala-library version: 3.8.4
2026.07.30 12:20:23 INFO  no build target found for C:\Users\ankit chouhan\OneDrive\Desktop\Scala\Single_L.scala. Using presentation compiler with project's scala-library version: 3.8.4
2026.07.30 12:20:23 INFO  no build target found for C:\Users\ankit chouhan\OneDrive\Desktop\Scala\Single_L.scala. Using presentation compiler with project's scala-library version: 3.8.4
2026.07.30 12:20:23 INFO  no build target found for C:\Users\ankit chouhan\OneDrive\Desktop\Scala\Single_L.scala. Using presentation compiler with project's scala-library version: 3.8.4
2026.07.30 12:20:23 INFO  no build target found for C:\Users\ankit chouhan\OneDrive\Desktop\Scala\Single_L.scala. Using presentation compiler with project's scala-library version: 3.8.4
2026.07.30 12:20:22 INFO  no build target found for C:\Users\ankit chouhan\OneDrive\Desktop\Scala\Single_L.scala. Using presentation compiler with project's scala-library version: 3.8.4
2026.07.30 12:20:23 INFO  no build target found for C:\Users\ankit chouhan\OneDrive\Desktop\Scala\Single_L.scala. Using presentation compiler with project's scala-library version: 3.8.4
2026.07.30 12:20:24 WARN  High memory usage detected: 90% (1856 MB / 2048 MB)
2026.07.30 12:20:24 WARN  no build target for: C:\Users\ankit chouhan\OneDrive\Desktop\Scala\Single_L.scala
2026.07.30 12:20:24 INFO  no build target found for C:\Users\ankit chouhan\OneDrive\Desktop\Scala\Single_L.scala. Using presentation compiler with project's scala-library version: 3.8.4
2026.07.30 12:20:25 INFO  no build target found for C:\Users\ankit chouhan\OneDrive\Desktop\Scala\Single_L.scala. Using presentation compiler with project's scala-library version: 3.8.4
2026.07.30 12:20:25 INFO  no build target found for C:\Users\ankit chouhan\OneDrive\Desktop\Scala\Single_L.scala. Using presentation compiler with project's scala-library version: 3.8.4
2026.07.30 12:20:25 INFO  no build target found for C:\Users\ankit chouhan\OneDrive\Desktop\Scala\Single_L.scala. Using presentation compiler with project's scala-library version: 3.8.4
Jul 30, 2026 12:20:25 PM org.eclipse.lsp4j.jsonrpc.RemoteEndpoint handleCancellation
WARNING: Unmatched cancel notification for request id 1180
2026.07.30 12:20:25 INFO  no build target found for C:\Users\ankit chouhan\OneDrive\Desktop\Scala\Single_L.scala. Using presentation compiler with project's scala-library version: 3.8.4
2026.07.30 12:20:24 INFO  no build target found for C:\Users\ankit chouhan\OneDrive\Desktop\Scala\Single_L.scala. Using presentation compiler with project's scala-library version: 3.8.4
2026.07.30 12:20:25 INFO  no build target found for C:\Users\ankit chouhan\OneDrive\Desktop\Scala\Single_L.scala. Using presentation compiler with project's scala-library version: 3.8.4
2026.07.30 12:20:25 INFO  no build target found for C:\Users\ankit chouhan\OneDrive\Desktop\Scala\Single_L.scala. Using presentation compiler with project's scala-library version: 3.8.4
2026.07.30 12:20:25 INFO  no build target found for C:\Users\ankit chouhan\OneDrive\Desktop\Scala\Single_L.scala. Using presentation compiler with project's scala-library version: 3.8.4
2026.07.30 12:20:25 INFO  no build target found for C:\Users\ankit chouhan\OneDrive\Desktop\Scala\Single_L.scala. Using presentation compiler with project's scala-library version: 3.8.4
2026.07.30 12:20:25 INFO  no build target found for C:\Users\ankit chouhan\OneDrive\Desktop\Scala\Single_L.scala. Using presentation compiler with project's scala-library version: 3.8.4
2026.07.30 12:20:25 INFO  no build target found for C:\Users\ankit chouhan\OneDrive\Desktop\Scala\Single_L.scala. Using presentation compiler with project's scala-library version: 3.8.4
2026.07.30 12:20:25 INFO  no build target found for C:\Users\ankit chouhan\OneDrive\Desktop\Scala\Single_L.scala. Using presentation compiler with project's scala-library version: 3.8.4
2026.07.30 12:20:25 INFO  no build target found for C:\Users\ankit chouhan\OneDrive\Desktop\Scala\Single_L.scala. Using presentation compiler with project's scala-library version: 3.8.4
2026.07.30 12:20:25 INFO  no build target found for C:\Users\ankit chouhan\OneDrive\Desktop\Scala\Single_L.scala. Using presentation compiler with project's scala-library version: 3.8.4
2026.07.30 12:20:26 INFO  no build target found for C:\Users\ankit chouhan\OneDrive\Desktop\Scala\Single_L.scala. Using presentation compiler with project's scala-library version: 3.8.4
2026.07.30 12:20:26 INFO  no build target found for C:\Users\ankit chouhan\OneDrive\Desktop\Scala\Single_L.scala. Using presentation compiler with project's scala-library version: 3.8.4
2026.07.30 12:20:26 INFO  no build target found for C:\Users\ankit chouhan\OneDrive\Desktop\Scala\Single_L.scala. Using presentation compiler with project's scala-library version: 3.8.4
2026.07.30 12:20:26 WARN  no build target for: C:\Users\ankit chouhan\OneDrive\Desktop\Scala\Single_L.scala
2026.07.30 12:20:26 INFO  no build target found for C:\Users\ankit chouhan\OneDrive\Desktop\Scala\Single_L.scala. Using presentation compiler with project's scala-library version: 3.8.4
2026.07.30 12:20:26 INFO  no build target found for C:\Users\ankit chouhan\OneDrive\Desktop\Scala\Single_L.scala. Using presentation compiler with project's scala-library version: 3.8.4
2026.07.30 12:20:26 INFO  no build target found for C:\Users\ankit chouhan\OneDrive\Desktop\Scala\Single_L.scala. Using presentation compiler with project's scala-library version: 3.8.4
2026.07.30 12:20:27 INFO  no build target found for C:\Users\ankit chouhan\OneDrive\Desktop\Scala\Single_L.scala. Using presentation compiler with project's scala-library version: 3.8.4
2026.07.30 12:20:27 INFO  no build target found for C:\Users\ankit chouhan\OneDrive\Desktop\Scala\Single_L.scala. Using presentation compiler with project's scala-library version: 3.8.4
2026.07.30 12:20:27 INFO  no build target found for C:\Users\ankit chouhan\OneDrive\Desktop\Scala\Single_L.scala. Using presentation compiler with project's scala-library version: 3.8.4
2026.07.30 12:20:27 INFO  no build target found for C:\Users\ankit chouhan\OneDrive\Desktop\Scala\Single_L.scala. Using presentation compiler with project's scala-library version: 3.8.4
2026.07.30 12:20:27 INFO  no build target found for C:\Users\ankit chouhan\OneDrive\Desktop\Scala\Single_L.scala. Using presentation compiler with project's scala-library version: 3.8.4
2026.07.30 12:20:27 INFO  no build target found for C:\Users\ankit chouhan\OneDrive\Desktop\Scala\Single_L.scala. Using presentation compiler with project's scala-library version: 3.8.4
2026.07.30 12:20:27 INFO  no build target found for C:\Users\ankit chouhan\OneDrive\Desktop\Scala\Single_L.scala. Using presentation compiler with project's scala-library version: 3.8.4
2026.07.30 12:20:27 INFO  no build target found for C:\Users\ankit chouhan\OneDrive\Desktop\Scala\Single_L.scala. Using presentation compiler with project's scala-library version: 3.8.4
2026.07.30 12:20:27 INFO  no build target found for C:\Users\ankit chouhan\OneDrive\Desktop\Scala\Single_L.scala. Using presentation compiler with project's scala-library version: 3.8.4
2026.07.30 12:20:27 INFO  no build target found for C:\Users\ankit chouhan\OneDrive\Desktop\Scala\Single_L.scala. Using presentation compiler with project's scala-library version: 3.8.4
2026.07.30 12:20:27 INFO  no build target found for C:\Users\ankit chouhan\OneDrive\Desktop\Scala\Single_L.scala. Using presentation compiler with project's scala-library version: 3.8.4
2026.07.30 12:20:28 INFO  no build target found for C:\Users\ankit chouhan\OneDrive\Desktop\Scala\Single_L.scala. Using presentation compiler with project's scala-library version: 3.8.4
2026.07.30 12:20:27 INFO  no build target found for C:\Users\ankit chouhan\OneDrive\Desktop\Scala\Single_L.scala. Using presentation compiler with project's scala-library version: 3.8.4
2026.07.30 12:20:28 INFO  no build target found for C:\Users\ankit chouhan\OneDrive\Desktop\Scala\Single_L.scala. Using presentation compiler with project's scala-library version: 3.8.4
2026.07.30 12:20:28 INFO  no build target found for C:\Users\ankit chouhan\OneDrive\Desktop\Scala\Single_L.scala. Using presentation compiler with project's scala-library version: 3.8.4
2026.07.30 12:20:28 INFO  no build target found for C:\Users\ankit chouhan\OneDrive\Desktop\Scala\Single_L.scala. Using presentation compiler with project's scala-library version: 3.8.4
2026.07.30 12:20:28 INFO  no build target found for C:\Users\ankit chouhan\OneDrive\Desktop\Scala\Single_L.scala. Using presentation compiler with project's scala-library version: 3.8.4
2026.07.30 12:20:28 INFO  no build target found for C:\Users\ankit chouhan\OneDrive\Desktop\Scala\Single_L.scala. Using presentation compiler with project's scala-library version: 3.8.4
2026.07.30 12:20:28 INFO  no build target found for C:\Users\ankit chouhan\OneDrive\Desktop\Scala\Single_L.scala. Using presentation compiler with project's scala-library version: 3.8.4
2026.07.30 12:20:29 WARN  no build target for: C:\Users\ankit chouhan\OneDrive\Desktop\Scala\Single_L.scala
2026.07.30 12:20:29 INFO  no build target found for C:\Users\ankit chouhan\OneDrive\Desktop\Scala\Single_L.scala. Using presentation compiler with project's scala-library version: 3.8.4
2026.07.30 12:20:29 INFO  no build target found for C:\Users\ankit chouhan\OneDrive\Desktop\Scala\Single_L.scala. Using presentation compiler with project's scala-library version: 3.8.4
2026.07.30 12:20:29 INFO  no build target found for C:\Users\ankit chouhan\OneDrive\Desktop\Scala\Single_L.scala. Using presentation compiler with project's scala-library version: 3.8.4
2026.07.30 12:20:29 INFO  no build target found for C:\Users\ankit chouhan\OneDrive\Desktop\Scala\Single_L.scala. Using presentation compiler with project's scala-library version: 3.8.4
Jul 30, 2026 12:20:29 PM org.eclipse.lsp4j.jsonrpc.RemoteEndpoint handleCancellation
WARNING: Unmatched cancel notification for request id 1236
2026.07.30 12:20:29 INFO  no build target found for C:\Users\ankit chouhan\OneDrive\Desktop\Scala\Single_L.scala. Using presentation compiler with project's scala-library version: 3.8.4
2026.07.30 12:20:29 INFO  no build target found for C:\Users\ankit chouhan\OneDrive\Desktop\Scala\Single_L.scala. Using presentation compiler with project's scala-library version: 3.8.4
2026.07.30 12:20:29 INFO  no build target found for C:\Users\ankit chouhan\OneDrive\Desktop\Scala\Single_L.scala. Using presentation compiler with project's scala-library version: 3.8.4
2026.07.30 12:20:29 INFO  no build target found for C:\Users\ankit chouhan\OneDrive\Desktop\Scala\Single_L.scala. Using presentation compiler with project's scala-library version: 3.8.4
2026.07.30 12:20:29 INFO  no build target found for C:\Users\ankit chouhan\OneDrive\Desktop\Scala\Single_L.scala. Using presentation compiler with project's scala-library version: 3.8.4
2026.07.30 12:20:29 INFO  no build target found for C:\Users\ankit chouhan\OneDrive\Desktop\Scala\Single_L.scala. Using presentation compiler with project's scala-library version: 3.8.4
2026.07.30 12:20:29 INFO  no build target found for C:\Users\ankit chouhan\OneDrive\Desktop\Scala\Single_L.scala. Using presentation compiler with project's scala-library version: 3.8.4
2026.07.30 12:20:29 INFO  no build target found for C:\Users\ankit chouhan\OneDrive\Desktop\Scala\Single_L.scala. Using presentation compiler with project's scala-library version: 3.8.4
2026.07.30 12:20:30 INFO  no build target found for C:\Users\ankit chouhan\OneDrive\Desktop\Scala\Single_L.scala. Using presentation compiler with project's scala-library version: 3.8.4
2026.07.30 12:20:29 INFO  no build target found for C:\Users\ankit chouhan\OneDrive\Desktop\Scala\Single_L.scala. Using presentation compiler with project's scala-library version: 3.8.4
Jul 30, 2026 12:20:30 PM org.eclipse.lsp4j.jsonrpc.RemoteEndpoint handleCancellation
WARNING: Unmatched cancel notification for request id 1243
2026.07.30 12:20:29 INFO  no build target found for C:\Users\ankit chouhan\OneDrive\Desktop\Scala\Single_L.scala. Using presentation compiler with project's scala-library version: 3.8.4
2026.07.30 12:20:30 INFO  no build target found for C:\Users\ankit chouhan\OneDrive\Desktop\Scala\Single_L.scala. Using presentation compiler with project's scala-library version: 3.8.4
2026.07.30 12:20:31 WARN  no build target for: C:\Users\ankit chouhan\OneDrive\Desktop\Scala\Single_L.scala
2026.07.30 12:20:31 INFO  no build target found for C:\Users\ankit chouhan\OneDrive\Desktop\Scala\Single_L.scala. Using presentation compiler with project's scala-library version: 3.8.4
2026.07.30 12:20:31 INFO  no build target found for C:\Users\ankit chouhan\OneDrive\Desktop\Scala\Single_L.scala. Using presentation compiler with project's scala-library version: 3.8.4
2026.07.30 12:20:31 INFO  no build target found for C:\Users\ankit chouhan\OneDrive\Desktop\Scala\Single_L.scala. Using presentation compiler with project's scala-library version: 3.8.4
2026.07.30 12:20:31 INFO  no build target found for C:\Users\ankit chouhan\OneDrive\Desktop\Scala\Single_L.scala. Using presentation compiler with project's scala-library version: 3.8.4
2026.07.30 12:20:31 INFO  no build target found for C:\Users\ankit chouhan\OneDrive\Desktop\Scala\Single_L.scala. Using presentation compiler with project's scala-library version: 3.8.4
2026.07.30 12:20:31 INFO  no build target found for C:\Users\ankit chouhan\OneDrive\Desktop\Scala\Single_L.scala. Using presentation compiler with project's scala-library version: 3.8.4
2026.07.30 12:20:32 WARN  no build target for: C:\Users\ankit chouhan\OneDrive\Desktop\Scala\Single_L.scala
2026.07.30 12:20:31 INFO  no build target found for C:\Users\ankit chouhan\OneDrive\Desktop\Scala\Single_L.scala. Using presentation compiler with project's scala-library version: 3.8.4
2026.07.30 12:20:35 INFO  no build target found for C:\Users\ankit chouhan\OneDrive\Desktop\Scala\Single_L.scala. Using presentation compiler with project's scala-library version: 3.8.4
2026.07.30 12:20:35 INFO  no build target found for C:\Users\ankit chouhan\OneDrive\Desktop\Scala\Single_L.scala. Using presentation compiler with project's scala-library version: 3.8.4
2026.07.30 12:20:35 INFO  no build target found for C:\Users\ankit chouhan\OneDrive\Desktop\Scala\Single_L.scala. Using presentation compiler with project's scala-library version: 3.8.4
2026.07.30 12:20:35 INFO  no build target found for C:\Users\ankit chouhan\OneDrive\Desktop\Scala\Single_L.scala. Using presentation compiler with project's scala-library version: 3.8.4
2026.07.30 12:20:35 INFO  no build target found for C:\Users\ankit chouhan\OneDrive\Desktop\Scala\Single_L.scala. Using presentation compiler with project's scala-library version: 3.8.4
2026.07.30 12:20:36 WARN  no build target for: C:\Users\ankit chouhan\OneDrive\Desktop\Scala\Single_L.scala
2026.07.30 12:20:36 INFO  no build target found for C:\Users\ankit chouhan\OneDrive\Desktop\Scala\Single_L.scala. Using presentation compiler with project's scala-library version: 3.8.4
2026.07.30 12:20:36 INFO  no build target found for C:\Users\ankit chouhan\OneDrive\Desktop\Scala\Single_L.scala. Using presentation compiler with project's scala-library version: 3.8.4
2026.07.30 12:20:36 INFO  no build target found for C:\Users\ankit chouhan\OneDrive\Desktop\Scala\Single_L.scala. Using presentation compiler with project's scala-library version: 3.8.4
2026.07.30 12:20:36 INFO  no build target found for C:\Users\ankit chouhan\OneDrive\Desktop\Scala\Single_L.scala. Using presentation compiler with project's scala-library version: 3.8.4
2026.07.30 12:20:36 INFO  no build target found for C:\Users\ankit chouhan\OneDrive\Desktop\Scala\Single_L.scala. Using presentation compiler with project's scala-library version: 3.8.4
2026.07.30 12:20:37 INFO  no build target found for C:\Users\ankit chouhan\OneDrive\Desktop\Scala\Single_L.scala. Using presentation compiler with project's scala-library version: 3.8.4
2026.07.30 12:20:36 INFO  no build target found for C:\Users\ankit chouhan\OneDrive\Desktop\Scala\Single_L.scala. Using presentation compiler with project's scala-library version: 3.8.4
Jul 30, 2026 12:20:37 PM org.eclipse.lsp4j.jsonrpc.RemoteEndpoint handleCancellation
WARNING: Unmatched cancel notification for request id 1281
2026.07.30 12:20:36 INFO  no build target found for C:\Users\ankit chouhan\OneDrive\Desktop\Scala\Single_L.scala. Using presentation compiler with project's scala-library version: 3.8.4
2026.07.30 12:20:37 INFO  no build target found for C:\Users\ankit chouhan\OneDrive\Desktop\Scala\Single_L.scala. Using presentation compiler with project's scala-library version: 3.8.4
2026.07.30 12:20:36 INFO  no build target found for C:\Users\ankit chouhan\OneDrive\Desktop\Scala\Single_L.scala. Using presentation compiler with project's scala-library version: 3.8.4
2026.07.30 12:20:36 INFO  no build target found for C:\Users\ankit chouhan\OneDrive\Desktop\Scala\Single_L.scala. Using presentation compiler with project's scala-library version: 3.8.4
2026.07.30 12:20:37 INFO  no build target found for C:\Users\ankit chouhan\OneDrive\Desktop\Scala\Single_L.scala. Using presentation compiler with project's scala-library version: 3.8.4
2026.07.30 12:20:36 INFO  no build target found for C:\Users\ankit chouhan\OneDrive\Desktop\Scala\Single_L.scala. Using presentation compiler with project's scala-library version: 3.8.4
2026.07.30 12:20:36 INFO  no build target found for C:\Users\ankit chouhan\OneDrive\Desktop\Scala\Single_L.scala. Using presentation compiler with project's scala-library version: 3.8.4
2026.07.30 12:20:36 INFO  no build target found for C:\Users\ankit chouhan\OneDrive\Desktop\Scala\Single_L.scala. Using presentation compiler with project's scala-library version: 3.8.4
2026.07.30 12:20:36 INFO  no build target found for C:\Users\ankit chouhan\OneDrive\Desktop\Scala\Single_L.scala. Using presentation compiler with project's scala-library version: 3.8.4
2026.07.30 12:20:37 INFO  no build target found for C:\Users\ankit chouhan\OneDrive\Desktop\Scala\Single_L.scala. Using presentation compiler with project's scala-library version: 3.8.4
2026.07.30 12:20:38 INFO  no build target found for C:\Users\ankit chouhan\OneDrive\Desktop\Scala\Single_L.scala. Using presentation compiler with project's scala-library version: 3.8.4
2026.07.30 12:20:38 INFO  no build target found for C:\Users\ankit chouhan\OneDrive\Desktop\Scala\Single_L.scala. Using presentation compiler with project's scala-library version: 3.8.4
2026.07.30 12:20:38 INFO  no build target found for C:\Users\ankit chouhan\OneDrive\Desktop\Scala\Single_L.scala. Using presentation compiler with project's scala-library version: 3.8.4
2026.07.30 12:20:38 INFO  no build target found for C:\Users\ankit chouhan\OneDrive\Desktop\Scala\Single_L.scala. Using presentation compiler with project's scala-library version: 3.8.4
2026.07.30 12:20:38 INFO  no build target found for C:\Users\ankit chouhan\OneDrive\Desktop\Scala\Single_L.scala. Using presentation compiler with project's scala-library version: 3.8.4
2026.07.30 12:20:38 INFO  no build target found for C:\Users\ankit chouhan\OneDrive\Desktop\Scala\Single_L.scala. Using presentation compiler with project's scala-library version: 3.8.4
2026.07.30 12:20:38 INFO  no build target found for C:\Users\ankit chouhan\OneDrive\Desktop\Scala\Single_L.scala. Using presentation compiler with project's scala-library version: 3.8.4
2026.07.30 12:20:38 INFO  no build target found for C:\Users\ankit chouhan\OneDrive\Desktop\Scala\Single_L.scala. Using presentation compiler with project's scala-library version: 3.8.4
2026.07.30 12:20:37 INFO  no build target found for C:\Users\ankit chouhan\OneDrive\Desktop\Scala\Single_L.scala. Using presentation compiler with project's scala-library version: 3.8.4
2026.07.30 12:20:38 INFO  no build target found for C:\Users\ankit chouhan\OneDrive\Desktop\Scala\Single_L.scala. Using presentation compiler with project's scala-library version: 3.8.4
2026.07.30 12:20:38 INFO  no build target found for C:\Users\ankit chouhan\OneDrive\Desktop\Scala\Single_L.scala. Using presentation compiler with project's scala-library version: 3.8.4
2026.07.30 12:20:38 INFO  no build target found for C:\Users\ankit chouhan\OneDrive\Desktop\Scala\Single_L.scala. Using presentation compiler with project's scala-library version: 3.8.4
2026.07.30 12:20:39 INFO  no build target found for C:\Users\ankit chouhan\OneDrive\Desktop\Scala\Single_L.scala. Using presentation compiler with project's scala-library version: 3.8.4
2026.07.30 12:20:39 INFO  no build target found for C:\Users\ankit chouhan\OneDrive\Desktop\Scala\Single_L.scala. Using presentation compiler with project's scala-library version: 3.8.4
2026.07.30 12:20:39 INFO  no build target found for C:\Users\ankit chouhan\OneDrive\Desktop\Scala\Single_L.scala. Using presentation compiler with project's scala-library version: 3.8.4
2026.07.30 12:20:39 WARN  no build target for: C:\Users\ankit chouhan\OneDrive\Desktop\Scala\Single_L.scala
2026.07.30 12:20:39 INFO  no build target found for C:\Users\ankit chouhan\OneDrive\Desktop\Scala\Single_L.scala. Using presentation compiler with project's scala-library version: 3.8.4
2026.07.30 12:20:46 INFO  no build target found for C:\Users\ankit chouhan\OneDrive\Desktop\Scala\Single_L.scala. Using presentation compiler with project's scala-library version: 3.8.4
2026.07.30 12:20:46 INFO  no build target found for C:\Users\ankit chouhan\OneDrive\Desktop\Scala\Single_L.scala. Using presentation compiler with project's scala-library version: 3.8.4
2026.07.30 12:20:46 INFO  no build target found for C:\Users\ankit chouhan\OneDrive\Desktop\Scala\Single_L.scala. Using presentation compiler with project's scala-library version: 3.8.4
2026.07.30 12:20:47 INFO  no build target found for C:\Users\ankit chouhan\OneDrive\Desktop\Scala\Single_L.scala. Using presentation compiler with project's scala-library version: 3.8.4
2026.07.30 12:20:47 INFO  no build target found for C:\Users\ankit chouhan\OneDrive\Desktop\Scala\Single_L.scala. Using presentation compiler with project's scala-library version: 3.8.4
2026.07.30 12:20:49 INFO  no build target found for C:\Users\ankit chouhan\OneDrive\Desktop\Scala\Single_L.scala. Using presentation compiler with project's scala-library version: 3.8.4
2026.07.30 12:20:49 INFO  no build target found for C:\Users\ankit chouhan\OneDrive\Desktop\Scala\Single_L.scala. Using presentation compiler with project's scala-library version: 3.8.4
2026.07.30 12:20:49 INFO  no build target found for C:\Users\ankit chouhan\OneDrive\Desktop\Scala\Single_L.scala. Using presentation compiler with project's scala-library version: 3.8.4
2026.07.30 12:20:50 WARN  no build target for: C:\Users\ankit chouhan\OneDrive\Desktop\Scala\Single_L.scala
2026.07.30 12:20:50 INFO  no build target found for C:\Users\ankit chouhan\OneDrive\Desktop\Scala\Single_L.scala. Using presentation compiler with project's scala-library version: 3.8.4
2026.07.30 12:20:55 INFO  no build target found for C:\Users\ankit chouhan\OneDrive\Desktop\Scala\Single_L.scala. Using presentation compiler with project's scala-library version: 3.8.4
2026.07.30 12:20:55 INFO  no build target found for C:\Users\ankit chouhan\OneDrive\Desktop\Scala\Single_L.scala. Using presentation compiler with project's scala-library version: 3.8.4
2026.07.30 12:20:55 INFO  no build target found for C:\Users\ankit chouhan\OneDrive\Desktop\Scala\Single_L.scala. Using presentation compiler with project's scala-library version: 3.8.4
2026.07.30 12:20:55 INFO  no build target found for C:\Users\ankit chouhan\OneDrive\Desktop\Scala\Single_L.scala. Using presentation compiler with project's scala-library version: 3.8.4
2026.07.30 12:20:55 INFO  no build target found for C:\Users\ankit chouhan\OneDrive\Desktop\Scala\Single_L.scala. Using presentation compiler with project's scala-library version: 3.8.4
2026.07.30 12:20:56 WARN  no build target for: C:\Users\ankit chouhan\OneDrive\Desktop\Scala\Single_L.scala
2026.07.30 12:20:56 INFO  no build target found for C:\Users\ankit chouhan\OneDrive\Desktop\Scala\Single_L.scala. Using presentation compiler with project's scala-library version: 3.8.4
2026.07.30 12:20:56 INFO  no build target found for C:\Users\ankit chouhan\OneDrive\Desktop\Scala\Single_L.scala. Using presentation compiler with project's scala-library version: 3.8.4
2026.07.30 12:21:02 INFO  no build target found for C:\Users\ankit chouhan\OneDrive\Desktop\Scala\Single_L.scala. Using presentation compiler with project's scala-library version: 3.8.4
2026.07.30 12:21:02 INFO  no build target found for C:\Users\ankit chouhan\OneDrive\Desktop\Scala\Single_L.scala. Using presentation compiler with project's scala-library version: 3.8.4
2026.07.30 12:21:02 INFO  no build target found for C:\Users\ankit chouhan\OneDrive\Desktop\Scala\Single_L.scala. Using presentation compiler with project's scala-library version: 3.8.4
2026.07.30 12:21:03 INFO  no build target found for C:\Users\ankit chouhan\OneDrive\Desktop\Scala\Single_L.scala. Using presentation compiler with project's scala-library version: 3.8.4
2026.07.30 12:21:02 INFO  no build target found for C:\Users\ankit chouhan\OneDrive\Desktop\Scala\Single_L.scala. Using presentation compiler with project's scala-library version: 3.8.4
2026.07.30 12:21:02 INFO  no build target found for C:\Users\ankit chouhan\OneDrive\Desktop\Scala\Single_L.scala. Using presentation compiler with project's scala-library version: 3.8.4
2026.07.30 12:21:02 INFO  no build target found for C:\Users\ankit chouhan\OneDrive\Desktop\Scala\Single_L.scala. Using presentation compiler with project's scala-library version: 3.8.4
2026.07.30 12:21:03 INFO  no build target found for C:\Users\ankit chouhan\OneDrive\Desktop\Scala\Single_L.scala. Using presentation compiler with project's scala-library version: 3.8.4
2026.07.30 12:21:02 INFO  no build target found for C:\Users\ankit chouhan\OneDrive\Desktop\Scala\Single_L.scala. Using presentation compiler with project's scala-library version: 3.8.4
2026.07.30 12:21:02 INFO  no build target found for C:\Users\ankit chouhan\OneDrive\Desktop\Scala\Single_L.scala. Using presentation compiler with project's scala-library version: 3.8.4
2026.07.30 12:21:03 INFO  no build target found for C:\Users\ankit chouhan\OneDrive\Desktop\Scala\Single_L.scala. Using presentation compiler with project's scala-library version: 3.8.4
2026.07.30 12:21:02 INFO  no build target found for C:\Users\ankit chouhan\OneDrive\Desktop\Scala\Single_L.scala. Using presentation compiler with project's scala-library version: 3.8.4
2026.07.30 12:21:02 INFO  no build target found for C:\Users\ankit chouhan\OneDrive\Desktop\Scala\Single_L.scala. Using presentation compiler with project's scala-library version: 3.8.4
2026.07.30 12:21:04 INFO  no build target found for C:\Users\ankit chouhan\OneDrive\Desktop\Scala\Single_L.scala. Using presentation compiler with project's scala-library version: 3.8.4
2026.07.30 12:21:04 INFO  no build target found for C:\Users\ankit chouhan\OneDrive\Desktop\Scala\Single_L.scala. Using presentation compiler with project's scala-library version: 3.8.4
2026.07.30 12:21:04 INFO  no build target found for C:\Users\ankit chouhan\OneDrive\Desktop\Scala\Single_L.scala. Using presentation compiler with project's scala-library version: 3.8.4
2026.07.30 12:21:04 INFO  no build target found for C:\Users\ankit chouhan\OneDrive\Desktop\Scala\Single_L.scala. Using presentation compiler with project's scala-library version: 3.8.4
2026.07.30 12:21:04 INFO  no build target found for C:\Users\ankit chouhan\OneDrive\Desktop\Scala\Single_L.scala. Using presentation compiler with project's scala-library version: 3.8.4
2026.07.30 12:21:04 INFO  no build target found for C:\Users\ankit chouhan\OneDrive\Desktop\Scala\Single_L.scala. Using presentation compiler with project's scala-library version: 3.8.4
2026.07.30 12:21:03 INFO  no build target found for C:\Users\ankit chouhan\OneDrive\Desktop\Scala\Single_L.scala. Using presentation compiler with project's scala-library version: 3.8.4
2026.07.30 12:21:04 INFO  no build target found for C:\Users\ankit chouhan\OneDrive\Desktop\Scala\Single_L.scala. Using presentation compiler with project's scala-library version: 3.8.4
2026.07.30 12:21:04 INFO  no build target found for C:\Users\ankit chouhan\OneDrive\Desktop\Scala\Single_L.scala. Using presentation compiler with project's scala-library version: 3.8.4
2026.07.30 12:21:05 INFO  no build target found for C:\Users\ankit chouhan\OneDrive\Desktop\Scala\Single_L.scala. Using presentation compiler with project's scala-library version: 3.8.4
2026.07.30 12:21:05 INFO  no build target found for C:\Users\ankit chouhan\OneDrive\Desktop\Scala\Single_L.scala. Using presentation compiler with project's scala-library version: 3.8.4
2026.07.30 12:21:05 INFO  no build target found for C:\Users\ankit chouhan\OneDrive\Desktop\Scala\Single_L.scala. Using presentation compiler with project's scala-library version: 3.8.4
2026.07.30 12:21:05 INFO  no build target found for C:\Users\ankit chouhan\OneDrive\Desktop\Scala\Single_L.scala. Using presentation compiler with project's scala-library version: 3.8.4
2026.07.30 12:21:05 INFO  no build target found for C:\Users\ankit chouhan\OneDrive\Desktop\Scala\Single_L.scala. Using presentation compiler with project's scala-library version: 3.8.4
2026.07.30 12:21:05 INFO  no build target found for C:\Users\ankit chouhan\OneDrive\Desktop\Scala\Single_L.scala. Using presentation compiler with project's scala-library version: 3.8.4
2026.07.30 12:21:05 INFO  no build target found for C:\Users\ankit chouhan\OneDrive\Desktop\Scala\Single_L.scala. Using presentation compiler with project's scala-library version: 3.8.4
2026.07.30 12:21:05 INFO  no build target found for C:\Users\ankit chouhan\OneDrive\Desktop\Scala\Single_L.scala. Using presentation compiler with project's scala-library version: 3.8.4
2026.07.30 12:21:05 INFO  no build target found for C:\Users\ankit chouhan\OneDrive\Desktop\Scala\Single_L.scala. Using presentation compiler with project's scala-library version: 3.8.4
2026.07.30 12:21:05 INFO  no build target found for C:\Users\ankit chouhan\OneDrive\Desktop\Scala\Single_L.scala. Using presentation compiler with project's scala-library version: 3.8.4
2026.07.30 12:21:04 INFO  no build target found for C:\Users\ankit chouhan\OneDrive\Desktop\Scala\Single_L.scala. Using presentation compiler with project's scala-library version: 3.8.4
2026.07.30 12:21:05 INFO  no build target found for C:\Users\ankit chouhan\OneDrive\Desktop\Scala\Single_L.scala. Using presentation compiler with project's scala-library version: 3.8.4
2026.07.30 12:21:05 INFO  no build target found for C:\Users\ankit chouhan\OneDrive\Desktop\Scala\Single_L.scala. Using presentation compiler with project's scala-library version: 3.8.4
2026.07.30 12:21:06 INFO  no build target found for C:\Users\ankit chouhan\OneDrive\Desktop\Scala\Single_L.scala. Using presentation compiler with project's scala-library version: 3.8.4
2026.07.30 12:21:06 INFO  no build target found for C:\Users\ankit chouhan\OneDrive\Desktop\Scala\Single_L.scala. Using presentation compiler with project's scala-library version: 3.8.4
2026.07.30 12:21:05 INFO  no build target found for C:\Users\ankit chouhan\OneDrive\Desktop\Scala\Single_L.scala. Using presentation compiler with project's scala-library version: 3.8.4
2026.07.30 12:21:06 INFO  no build target found for C:\Users\ankit chouhan\OneDrive\Desktop\Scala\Single_L.scala. Using presentation compiler with project's scala-library version: 3.8.4
2026.07.30 12:21:06 INFO  no build target found for C:\Users\ankit chouhan\OneDrive\Desktop\Scala\Single_L.scala. Using presentation compiler with project's scala-library version: 3.8.4
2026.07.30 12:21:06 INFO  no build target found for C:\Users\ankit chouhan\OneDrive\Desktop\Scala\Single_L.scala. Using presentation compiler with project's scala-library version: 3.8.4
2026.07.30 12:21:06 INFO  no build target found for C:\Users\ankit chouhan\OneDrive\Desktop\Scala\Single_L.scala. Using presentation compiler with project's scala-library version: 3.8.4
2026.07.30 12:21:07 INFO  no build target found for C:\Users\ankit chouhan\OneDrive\Desktop\Scala\Single_L.scala. Using presentation compiler with project's scala-library version: 3.8.4
2026.07.30 12:21:07 INFO  no build target found for C:\Users\ankit chouhan\OneDrive\Desktop\Scala\Single_L.scala. Using presentation compiler with project's scala-library version: 3.8.4
2026.07.30 12:21:07 INFO  no build target found for C:\Users\ankit chouhan\OneDrive\Desktop\Scala\Single_L.scala. Using presentation compiler with project's scala-library version: 3.8.4
2026.07.30 12:21:07 INFO  no build target found for C:\Users\ankit chouhan\OneDrive\Desktop\Scala\Single_L.scala. Using presentation compiler with project's scala-library version: 3.8.4
2026.07.30 12:21:07 INFO  no build target found for C:\Users\ankit chouhan\OneDrive\Desktop\Scala\Single_L.scala. Using presentation compiler with project's scala-library version: 3.8.4
2026.07.30 12:21:07 INFO  no build target found for C:\Users\ankit chouhan\OneDrive\Desktop\Scala\Single_L.scala. Using presentation compiler with project's scala-library version: 3.8.4
2026.07.30 12:21:07 INFO  no build target found for C:\Users\ankit chouhan\OneDrive\Desktop\Scala\Single_L.scala. Using presentation compiler with project's scala-library version: 3.8.4
2026.07.30 12:21:08 WARN  no build target for: C:\Users\ankit chouhan\OneDrive\Desktop\Scala\Single_L.scala
2026.07.30 12:21:08 INFO  no build target found for C:\Users\ankit chouhan\OneDrive\Desktop\Scala\Single_L.scala. Using presentation compiler with project's scala-library version: 3.8.4
2026.07.30 12:21:08 INFO  no build target found for C:\Users\ankit chouhan\OneDrive\Desktop\Scala\Single_L.scala. Using presentation compiler with project's scala-library version: 3.8.4
2026.07.30 12:21:08 INFO  no build target found for C:\Users\ankit chouhan\OneDrive\Desktop\Scala\Single_L.scala. Using presentation compiler with project's scala-library version: 3.8.4
2026.07.30 12:21:08 INFO  no build target found for C:\Users\ankit chouhan\OneDrive\Desktop\Scala\Single_L.scala. Using presentation compiler with project's scala-library version: 3.8.4
2026.07.30 12:21:08 INFO  no build target found for C:\Users\ankit chouhan\OneDrive\Desktop\Scala\Single_L.scala. Using presentation compiler with project's scala-library version: 3.8.4
2026.07.30 12:21:08 INFO  no build target found for C:\Users\ankit chouhan\OneDrive\Desktop\Scala\Single_L.scala. Using presentation compiler with project's scala-library version: 3.8.4
2026.07.30 12:21:08 INFO  no build target found for C:\Users\ankit chouhan\OneDrive\Desktop\Scala\Single_L.scala. Using presentation compiler with project's scala-library version: 3.8.4
2026.07.30 12:21:08 INFO  no build target found for C:\Users\ankit chouhan\OneDrive\Desktop\Scala\Single_L.scala. Using presentation compiler with project's scala-library version: 3.8.4
2026.07.30 12:21:08 INFO  no build target found for C:\Users\ankit chouhan\OneDrive\Desktop\Scala\Single_L.scala. Using presentation compiler with project's scala-library version: 3.8.4
2026.07.30 12:21:08 INFO  no build target found for C:\Users\ankit chouhan\OneDrive\Desktop\Scala\Single_L.scala. Using presentation compiler with project's scala-library version: 3.8.4
2026.07.30 12:21:09 INFO  no build target found for C:\Users\ankit chouhan\OneDrive\Desktop\Scala\Single_L.scala. Using presentation compiler with project's scala-library version: 3.8.4
2026.07.30 12:21:09 INFO  no build target found for C:\Users\ankit chouhan\OneDrive\Desktop\Scala\Single_L.scala. Using presentation compiler with project's scala-library version: 3.8.4
2026.07.30 12:21:09 INFO  no build target found for C:\Users\ankit chouhan\OneDrive\Desktop\Scala\Single_L.scala. Using presentation compiler with project's scala-library version: 3.8.4
2026.07.30 12:21:09 INFO  no build target found for C:\Users\ankit chouhan\OneDrive\Desktop\Scala\Single_L.scala. Using presentation compiler with project's scala-library version: 3.8.4
2026.07.30 12:21:10 WARN  no build target for: C:\Users\ankit chouhan\OneDrive\Desktop\Scala\Single_L.scala
2026.07.30 12:21:10 INFO  no build target found for C:\Users\ankit chouhan\OneDrive\Desktop\Scala\Single_L.scala. Using presentation compiler with project's scala-library version: 3.8.4
2026.07.30 12:21:10 INFO  no build target found for C:\Users\ankit chouhan\OneDrive\Desktop\Scala\Single_L.scala. Using presentation compiler with project's scala-library version: 3.8.4
2026.07.30 12:21:16 INFO  no build target found for C:\Users\ankit chouhan\OneDrive\Desktop\Scala\Single_L.scala. Using presentation compiler with project's scala-library version: 3.8.4
2026.07.30 12:21:16 INFO  no build target found for C:\Users\ankit chouhan\OneDrive\Desktop\Scala\Single_L.scala. Using presentation compiler with project's scala-library version: 3.8.4
2026.07.30 12:21:16 INFO  no build target found for C:\Users\ankit chouhan\OneDrive\Desktop\Scala\Single_L.scala. Using presentation compiler with project's scala-library version: 3.8.4
2026.07.30 12:21:16 INFO  no build target found for C:\Users\ankit chouhan\OneDrive\Desktop\Scala\Single_L.scala. Using presentation compiler with project's scala-library version: 3.8.4
2026.07.30 12:21:16 INFO  no build target found for C:\Users\ankit chouhan\OneDrive\Desktop\Scala\Single_L.scala. Using presentation compiler with project's scala-library version: 3.8.4
2026.07.30 12:21:16 INFO  no build target found for C:\Users\ankit chouhan\OneDrive\Desktop\Scala\Single_L.scala. Using presentation compiler with project's scala-library version: 3.8.4
2026.07.30 12:21:16 INFO  no build target found for C:\Users\ankit chouhan\OneDrive\Desktop\Scala\Single_L.scala. Using presentation compiler with project's scala-library version: 3.8.4
2026.07.30 12:21:16 INFO  no build target found for C:\Users\ankit chouhan\OneDrive\Desktop\Scala\Single_L.scala. Using presentation compiler with project's scala-library version: 3.8.4
2026.07.30 12:21:16 INFO  no build target found for C:\Users\ankit chouhan\OneDrive\Desktop\Scala\Single_L.scala. Using presentation compiler with project's scala-library version: 3.8.4
2026.07.30 12:21:16 INFO  no build target found for C:\Users\ankit chouhan\OneDrive\Desktop\Scala\Single_L.scala. Using presentation compiler with project's scala-library version: 3.8.4
2026.07.30 12:21:17 INFO  no build target found for C:\Users\ankit chouhan\OneDrive\Desktop\Scala\Single_L.scala. Using presentation compiler with project's scala-library version: 3.8.4
2026.07.30 12:21:17 INFO  no build target found for C:\Users\ankit chouhan\OneDrive\Desktop\Scala\Single_L.scala. Using presentation compiler with project's scala-library version: 3.8.4
2026.07.30 12:21:18 INFO  no build target found for C:\Users\ankit chouhan\OneDrive\Desktop\Scala\Single_L.scala. Using presentation compiler with project's scala-library version: 3.8.4
2026.07.30 12:21:18 INFO  no build target found for C:\Users\ankit chouhan\OneDrive\Desktop\Scala\Single_L.scala. Using presentation compiler with project's scala-library version: 3.8.4
2026.07.30 12:21:18 INFO  no build target found for C:\Users\ankit chouhan\OneDrive\Desktop\Scala\Single_L.scala. Using presentation compiler with project's scala-library version: 3.8.4
2026.07.30 12:21:18 INFO  no build target found for C:\Users\ankit chouhan\OneDrive\Desktop\Scala\Single_L.scala. Using presentation compiler with project's scala-library version: 3.8.4
2026.07.30 12:21:18 INFO  no build target found for C:\Users\ankit chouhan\OneDrive\Desktop\Scala\Single_L.scala. Using presentation compiler with project's scala-library version: 3.8.4
2026.07.30 12:21:19 WARN  no build target for: C:\Users\ankit chouhan\OneDrive\Desktop\Scala\Single_L.scala
2026.07.30 12:21:19 INFO  no build target found for C:\Users\ankit chouhan\OneDrive\Desktop\Scala\Single_L.scala. Using presentation compiler with project's scala-library version: 3.8.4
2026.07.30 12:21:19 INFO  no build target found for C:\Users\ankit chouhan\OneDrive\Desktop\Scala\Single_L.scala. Using presentation compiler with project's scala-library version: 3.8.4
2026.07.30 12:21:22 INFO  no build target found for C:\Users\ankit chouhan\OneDrive\Desktop\Scala\Single_L.scala. Using presentation compiler with project's scala-library version: 3.8.4
2026.07.30 12:21:22 INFO  no build target found for C:\Users\ankit chouhan\OneDrive\Desktop\Scala\Single_L.scala. Using presentation compiler with project's scala-library version: 3.8.4
2026.07.30 12:21:22 INFO  no build target found for C:\Users\ankit chouhan\OneDrive\Desktop\Scala\Single_L.scala. Using presentation compiler with project's scala-library version: 3.8.4
2026.07.30 12:21:22 INFO  no build target found for C:\Users\ankit chouhan\OneDrive\Desktop\Scala\Single_L.scala. Using presentation compiler with project's scala-library version: 3.8.4
2026.07.30 12:21:22 INFO  no build target found for C:\Users\ankit chouhan\OneDrive\Desktop\Scala\Single_L.scala. Using presentation compiler with project's scala-library version: 3.8.4
2026.07.30 12:21:23 INFO  no build target found for C:\Users\ankit chouhan\OneDrive\Desktop\Scala\Single_L.scala. Using presentation compiler with project's scala-library version: 3.8.4
2026.07.30 12:21:23 INFO  no build target found for C:\Users\ankit chouhan\OneDrive\Desktop\Scala\Single_L.scala. Using presentation compiler with project's scala-library version: 3.8.4
2026.07.30 12:21:23 INFO  no build target found for C:\Users\ankit chouhan\OneDrive\Desktop\Scala\Single_L.scala. Using presentation compiler with project's scala-library version: 3.8.4
2026.07.30 12:21:23 INFO  no build target found for C:\Users\ankit chouhan\OneDrive\Desktop\Scala\Single_L.scala. Using presentation compiler with project's scala-library version: 3.8.4
2026.07.30 12:21:23 INFO  no build target found for C:\Users\ankit chouhan\OneDrive\Desktop\Scala\Single_L.scala. Using presentation compiler with project's scala-library version: 3.8.4
2026.07.30 12:21:23 INFO  no build target found for C:\Users\ankit chouhan\OneDrive\Desktop\Scala\Single_L.scala. Using presentation compiler with project's scala-library version: 3.8.4
2026.07.30 12:21:23 INFO  no build target found for C:\Users\ankit chouhan\OneDrive\Desktop\Scala\Single_L.scala. Using presentation compiler with project's scala-library version: 3.8.4
2026.07.30 12:21:23 INFO  no build target found for C:\Users\ankit chouhan\OneDrive\Desktop\Scala\Single_L.scala. Using presentation compiler with project's scala-library version: 3.8.4
2026.07.30 12:21:23 INFO  no build target found for C:\Users\ankit chouhan\OneDrive\Desktop\Scala\Single_L.scala. Using presentation compiler with project's scala-library version: 3.8.4
2026.07.30 12:21:23 INFO  no build target found for C:\Users\ankit chouhan\OneDrive\Desktop\Scala\Single_L.scala. Using presentation compiler with project's scala-library version: 3.8.4
2026.07.30 12:21:23 INFO  no build target found for C:\Users\ankit chouhan\OneDrive\Desktop\Scala\Single_L.scala. Using presentation compiler with project's scala-library version: 3.8.4
2026.07.30 12:21:24 INFO  no build target found for C:\Users\ankit chouhan\OneDrive\Desktop\Scala\Single_L.scala. Using presentation compiler with project's scala-library version: 3.8.4
2026.07.30 12:21:24 INFO  no build target found for C:\Users\ankit chouhan\OneDrive\Desktop\Scala\Single_L.scala. Using presentation compiler with project's scala-library version: 3.8.4
2026.07.30 12:21:25 WARN  no build target for: C:\Users\ankit chouhan\OneDrive\Desktop\Scala\Single_L.scala
2026.07.30 12:21:25 INFO  no build target found for C:\Users\ankit chouhan\OneDrive\Desktop\Scala\Single_L.scala. Using presentation compiler with project's scala-library version: 3.8.4
2026.07.30 12:21:26 INFO  no build target found for C:\Users\ankit chouhan\OneDrive\Desktop\Scala\Single_L.scala. Using presentation compiler with project's scala-library version: 3.8.4
2026.07.30 12:21:26 INFO  no build target found for C:\Users\ankit chouhan\OneDrive\Desktop\Scala\Single_L.scala. Using presentation compiler with project's scala-library version: 3.8.4
2026.07.30 12:21:26 INFO  no build target found for C:\Users\ankit chouhan\OneDrive\Desktop\Scala\Single_L.scala. Using presentation compiler with project's scala-library version: 3.8.4
2026.07.30 12:21:26 INFO  no build target found for C:\Users\ankit chouhan\OneDrive\Desktop\Scala\Single_L.scala. Using presentation compiler with project's scala-library version: 3.8.4
2026.07.30 12:21:26 INFO  no build target found for C:\Users\ankit chouhan\OneDrive\Desktop\Scala\Single_L.scala. Using presentation compiler with project's scala-library version: 3.8.4
2026.07.30 12:21:26 INFO  no build target found for C:\Users\ankit chouhan\OneDrive\Desktop\Scala\Single_L.scala. Using presentation compiler with project's scala-library version: 3.8.4
2026.07.30 12:21:26 INFO  no build target found for C:\Users\ankit chouhan\OneDrive\Desktop\Scala\Single_L.scala. Using presentation compiler with project's scala-library version: 3.8.4
2026.07.30 12:21:26 INFO  no build target found for C:\Users\ankit chouhan\OneDrive\Desktop\Scala\Single_L.scala. Using presentation compiler with project's scala-library version: 3.8.4
2026.07.30 12:21:26 INFO  no build target found for C:\Users\ankit chouhan\OneDrive\Desktop\Scala\Single_L.scala. Using presentation compiler with project's scala-library version: 3.8.4
2026.07.30 12:21:28 WARN  no build target for: C:\Users\ankit chouhan\OneDrive\Desktop\Scala\Single_L.scala
2026.07.30 12:21:28 INFO  no build target found for C:\Users\ankit chouhan\OneDrive\Desktop\Scala\Single_L.scala. Using presentation compiler with project's scala-library version: 3.8.4
2026.07.30 12:21:36 INFO  no build target found for C:\Users\ankit chouhan\OneDrive\Desktop\Scala\Single_L.scala. Using presentation compiler with project's scala-library version: 3.8.4
2026.07.30 12:21:36 INFO  no build target found for C:\Users\ankit chouhan\OneDrive\Desktop\Scala\Single_L.scala. Using presentation compiler with project's scala-library version: 3.8.4
2026.07.30 12:21:36 INFO  no build target found for C:\Users\ankit chouhan\OneDrive\Desktop\Scala\Single_L.scala. Using presentation compiler with project's scala-library version: 3.8.4
2026.07.30 12:21:36 INFO  no build target found for C:\Users\ankit chouhan\OneDrive\Desktop\Scala\Single_L.scala. Using presentation compiler with project's scala-library version: 3.8.4
2026.07.30 12:21:36 INFO  no build target found for C:\Users\ankit chouhan\OneDrive\Desktop\Scala\Single_L.scala. Using presentation compiler with project's scala-library version: 3.8.4
2026.07.30 12:21:36 INFO  no build target found for C:\Users\ankit chouhan\OneDrive\Desktop\Scala\Single_L.scala. Using presentation compiler with project's scala-library version: 3.8.4
2026.07.30 12:21:36 INFO  no build target found for C:\Users\ankit chouhan\OneDrive\Desktop\Scala\Single_L.scala. Using presentation compiler with project's scala-library version: 3.8.4
2026.07.30 12:21:36 INFO  no build target found for C:\Users\ankit chouhan\OneDrive\Desktop\Scala\Single_L.scala. Using presentation compiler with project's scala-library version: 3.8.4
2026.07.30 12:21:37 INFO  no build target found for C:\Users\ankit chouhan\OneDrive\Desktop\Scala\Single_L.scala. Using presentation compiler with project's scala-library version: 3.8.4
2026.07.30 12:21:36 INFO  no build target found for C:\Users\ankit chouhan\OneDrive\Desktop\Scala\Single_L.scala. Using presentation compiler with project's scala-library version: 3.8.4
2026.07.30 12:21:36 INFO  no build target found for C:\Users\ankit chouhan\OneDrive\Desktop\Scala\Single_L.scala. Using presentation compiler with project's scala-library version: 3.8.4
2026.07.30 12:21:37 INFO  no build target found for C:\Users\ankit chouhan\OneDrive\Desktop\Scala\Single_L.scala. Using presentation compiler with project's scala-library version: 3.8.4
2026.07.30 12:21:37 INFO  no build target found for C:\Users\ankit chouhan\OneDrive\Desktop\Scala\Single_L.scala. Using presentation compiler with project's scala-library version: 3.8.4
2026.07.30 12:21:38 WARN  no build target for: C:\Users\ankit chouhan\OneDrive\Desktop\Scala\Single_L.scala
2026.07.30 12:21:38 INFO  no build target found for C:\Users\ankit chouhan\OneDrive\Desktop\Scala\Single_L.scala. Using presentation compiler with project's scala-library version: 3.8.4
2026.07.30 12:21:37 INFO  no build target found for C:\Users\ankit chouhan\OneDrive\Desktop\Scala\Single_L.scala. Using presentation compiler with project's scala-library version: 3.8.4
2026.07.30 12:21:39 INFO  no build target found for C:\Users\ankit chouhan\OneDrive\Desktop\Scala\Single_L.scala. Using presentation compiler with project's scala-library version: 3.8.4
2026.07.30 12:21:39 INFO  no build target found for C:\Users\ankit chouhan\OneDrive\Desktop\Scala\Single_L.scala. Using presentation compiler with project's scala-library version: 3.8.4
2026.07.30 12:21:39 INFO  no build target found for C:\Users\ankit chouhan\OneDrive\Desktop\Scala\Single_L.scala. Using presentation compiler with project's scala-library version: 3.8.4
2026.07.30 12:21:40 WARN  no build target for: C:\Users\ankit chouhan\OneDrive\Desktop\Scala\Single_L.scala
2026.07.30 12:21:40 INFO  no build target found for C:\Users\ankit chouhan\OneDrive\Desktop\Scala\Single_L.scala. Using presentation compiler with project's scala-library version: 3.8.4
2026.07.30 12:21:41 INFO  no build target found for C:\Users\ankit chouhan\OneDrive\Desktop\Scala\Single_L.scala. Using presentation compiler with project's scala-library version: 3.8.4
2026.07.30 12:21:41 INFO  no build target found for C:\Users\ankit chouhan\OneDrive\Desktop\Scala\Single_L.scala. Using presentation compiler with project's scala-library version: 3.8.4
2026.07.30 12:21:41 INFO  no build target found for C:\Users\ankit chouhan\OneDrive\Desktop\Scala\Single_L.scala. Using presentation compiler with project's scala-library version: 3.8.4
2026.07.30 12:21:41 INFO  no build target found for C:\Users\ankit chouhan\OneDrive\Desktop\Scala\Single_L.scala. Using presentation compiler with project's scala-library version: 3.8.4
2026.07.30 12:21:42 WARN  no build target for: C:\Users\ankit chouhan\OneDrive\Desktop\Scala\Single_L.scala
2026.07.30 12:21:42 INFO  no build target found for C:\Users\ankit chouhan\OneDrive\Desktop\Scala\Single_L.scala. Using presentation compiler with project's scala-library version: 3.8.4
2026.07.30 12:21:42 INFO  no build target found for C:\Users\ankit chouhan\OneDrive\Desktop\Scala\Single_L.scala. Using presentation compiler with project's scala-library version: 3.8.4
2026.07.30 12:21:57 INFO  no build target found for C:\Users\ankit chouhan\OneDrive\Desktop\Scala\Single_L.scala. Using presentation compiler with project's scala-library version: 3.8.4
2026.07.30 12:21:57 INFO  no build target found for C:\Users\ankit chouhan\OneDrive\Desktop\Scala\Single_L.scala. Using presentation compiler with project's scala-library version: 3.8.4
2026.07.30 12:21:57 INFO  no build target found for C:\Users\ankit chouhan\OneDrive\Desktop\Scala\Single_L.scala. Using presentation compiler with project's scala-library version: 3.8.4
2026.07.30 12:21:57 INFO  no build target found for C:\Users\ankit chouhan\OneDrive\Desktop\Scala\Single_L.scala. Using presentation compiler with project's scala-library version: 3.8.4
2026.07.30 12:21:57 INFO  no build target found for C:\Users\ankit chouhan\OneDrive\Desktop\Scala\Single_L.scala. Using presentation compiler with project's scala-library version: 3.8.4
2026.07.30 12:21:58 INFO  no build target found for C:\Users\ankit chouhan\OneDrive\Desktop\Scala\Single_L.scala. Using presentation compiler with project's scala-library version: 3.8.4
2026.07.30 12:21:57 INFO  no build target found for C:\Users\ankit chouhan\OneDrive\Desktop\Scala\Single_L.scala. Using presentation compiler with project's scala-library version: 3.8.4
2026.07.30 12:21:58 INFO  no build target found for C:\Users\ankit chouhan\OneDrive\Desktop\Scala\Single_L.scala. Using presentation compiler with project's scala-library version: 3.8.4
2026.07.30 12:21:58 INFO  no build target found for C:\Users\ankit chouhan\OneDrive\Desktop\Scala\Single_L.scala. Using presentation compiler with project's scala-library version: 3.8.4
Jul 30, 2026 12:21:58 PM org.eclipse.lsp4j.jsonrpc.RemoteEndpoint handleCancellation
WARNING: Unmatched cancel notification for request id 1572
2026.07.30 12:21:58 INFO  no build target found for C:\Users\ankit chouhan\OneDrive\Desktop\Scala\Single_L.scala. Using presentation compiler with project's scala-library version: 3.8.4
2026.07.30 12:21:58 INFO  no build target found for C:\Users\ankit chouhan\OneDrive\Desktop\Scala\Single_L.scala. Using presentation compiler with project's scala-library version: 3.8.4
2026.07.30 12:21:58 INFO  no build target found for C:\Users\ankit chouhan\OneDrive\Desktop\Scala\Single_L.scala. Using presentation compiler with project's scala-library version: 3.8.4
2026.07.30 12:21:58 INFO  no build target found for C:\Users\ankit chouhan\OneDrive\Desktop\Scala\Single_L.scala. Using presentation compiler with project's scala-library version: 3.8.4
2026.07.30 12:21:58 INFO  no build target found for C:\Users\ankit chouhan\OneDrive\Desktop\Scala\Single_L.scala. Using presentation compiler with project's scala-library version: 3.8.4
2026.07.30 12:21:58 INFO  no build target found for C:\Users\ankit chouhan\OneDrive\Desktop\Scala\Single_L.scala. Using presentation compiler with project's scala-library version: 3.8.4
2026.07.30 12:21:58 INFO  no build target found for C:\Users\ankit chouhan\OneDrive\Desktop\Scala\Single_L.scala. Using presentation compiler with project's scala-library version: 3.8.4
2026.07.30 12:21:59 INFO  no build target found for C:\Users\ankit chouhan\OneDrive\Desktop\Scala\Single_L.scala. Using presentation compiler with project's scala-library version: 3.8.4
2026.07.30 12:21:59 INFO  no build target found for C:\Users\ankit chouhan\OneDrive\Desktop\Scala\Single_L.scala. Using presentation compiler with project's scala-library version: 3.8.4
2026.07.30 12:21:59 INFO  no build target found for C:\Users\ankit chouhan\OneDrive\Desktop\Scala\Single_L.scala. Using presentation compiler with project's scala-library version: 3.8.4
2026.07.30 12:21:59 INFO  no build target found for C:\Users\ankit chouhan\OneDrive\Desktop\Scala\Single_L.scala. Using presentation compiler with project's scala-library version: 3.8.4
2026.07.30 12:21:59 INFO  no build target found for C:\Users\ankit chouhan\OneDrive\Desktop\Scala\Single_L.scala. Using presentation compiler with project's scala-library version: 3.8.4
2026.07.30 12:21:59 INFO  no build target found for C:\Users\ankit chouhan\OneDrive\Desktop\Scala\Single_L.scala. Using presentation compiler with project's scala-library version: 3.8.4
2026.07.30 12:22:00 INFO  no build target found for C:\Users\ankit chouhan\OneDrive\Desktop\Scala\Single_L.scala. Using presentation compiler with project's scala-library version: 3.8.4
2026.07.30 12:22:00 INFO  no build target found for C:\Users\ankit chouhan\OneDrive\Desktop\Scala\Single_L.scala. Using presentation compiler with project's scala-library version: 3.8.4
2026.07.30 12:21:59 INFO  no build target found for C:\Users\ankit chouhan\OneDrive\Desktop\Scala\Single_L.scala. Using presentation compiler with project's scala-library version: 3.8.4
2026.07.30 12:22:00 INFO  no build target found for C:\Users\ankit chouhan\OneDrive\Desktop\Scala\Single_L.scala. Using presentation compiler with project's scala-library version: 3.8.4
2026.07.30 12:22:00 INFO  no build target found for C:\Users\ankit chouhan\OneDrive\Desktop\Scala\Single_L.scala. Using presentation compiler with project's scala-library version: 3.8.4
2026.07.30 12:22:00 INFO  no build target found for C:\Users\ankit chouhan\OneDrive\Desktop\Scala\Single_L.scala. Using presentation compiler with project's scala-library version: 3.8.4
2026.07.30 12:22:00 INFO  no build target found for C:\Users\ankit chouhan\OneDrive\Desktop\Scala\Single_L.scala. Using presentation compiler with project's scala-library version: 3.8.4
2026.07.30 12:22:01 INFO  no build target found for C:\Users\ankit chouhan\OneDrive\Desktop\Scala\Single_L.scala. Using presentation compiler with project's scala-library version: 3.8.4
2026.07.30 12:22:00 INFO  no build target found for C:\Users\ankit chouhan\OneDrive\Desktop\Scala\Single_L.scala. Using presentation compiler with project's scala-library version: 3.8.4
2026.07.30 12:22:01 INFO  no build target found for C:\Users\ankit chouhan\OneDrive\Desktop\Scala\Single_L.scala. Using presentation compiler with project's scala-library version: 3.8.4
2026.07.30 12:22:00 INFO  no build target found for C:\Users\ankit chouhan\OneDrive\Desktop\Scala\Single_L.scala. Using presentation compiler with project's scala-library version: 3.8.4
2026.07.30 12:22:00 INFO  no build target found for C:\Users\ankit chouhan\OneDrive\Desktop\Scala\Single_L.scala. Using presentation compiler with project's scala-library version: 3.8.4
2026.07.30 12:22:01 WARN  no build target for: C:\Users\ankit chouhan\OneDrive\Desktop\Scala\Single_L.scala
2026.07.30 12:22:01 INFO  no build target found for C:\Users\ankit chouhan\OneDrive\Desktop\Scala\Single_L.scala. Using presentation compiler with project's scala-library version: 3.8.4
2026.07.30 12:22:02 INFO  no build target found for C:\Users\ankit chouhan\OneDrive\Desktop\Scala\Single_L.scala. Using presentation compiler with project's scala-library version: 3.8.4
2026.07.30 12:22:05 INFO  no build target found for C:\Users\ankit chouhan\OneDrive\Desktop\Scala\Single_L.scala. Using presentation compiler with project's scala-library version: 3.8.4
2026.07.30 12:22:06 INFO  no build target found for C:\Users\ankit chouhan\OneDrive\Desktop\Scala\Single_L.scala. Using presentation compiler with project's scala-library version: 3.8.4
2026.07.30 12:22:06 INFO  no build target found for C:\Users\ankit chouhan\OneDrive\Desktop\Scala\Single_L.scala. Using presentation compiler with project's scala-library version: 3.8.4
2026.07.30 12:22:05 INFO  no build target found for C:\Users\ankit chouhan\OneDrive\Desktop\Scala\Single_L.scala. Using presentation compiler with project's scala-library version: 3.8.4
Jul 30, 2026 12:22:06 PM org.eclipse.lsp4j.jsonrpc.RemoteEndpoint handleCancellation
WARNING: Unmatched cancel notification for request id 1618
2026.07.30 12:22:06 INFO  no build target found for C:\Users\ankit chouhan\OneDrive\Desktop\Scala\Single_L.scala. Using presentation compiler with project's scala-library version: 3.8.4
2026.07.30 12:22:06 INFO  no build target found for C:\Users\ankit chouhan\OneDrive\Desktop\Scala\Single_L.scala. Using presentation compiler with project's scala-library version: 3.8.4
2026.07.30 12:22:07 WARN  no build target for: C:\Users\ankit chouhan\OneDrive\Desktop\Scala\Single_L.scala
2026.07.30 12:22:07 INFO  no build target found for C:\Users\ankit chouhan\OneDrive\Desktop\Scala\Single_L.scala. Using presentation compiler with project's scala-library version: 3.8.4
2026.07.30 12:22:10 INFO  no build target found for C:\Users\ankit chouhan\OneDrive\Desktop\Scala\Single_L.scala. Using presentation compiler with project's scala-library version: 3.8.4
2026.07.30 12:22:10 INFO  no build target found for C:\Users\ankit chouhan\OneDrive\Desktop\Scala\Single_L.scala. Using presentation compiler with project's scala-library version: 3.8.4
2026.07.30 12:22:11 INFO  no build target found for C:\Users\ankit chouhan\OneDrive\Desktop\Scala\Single_L.scala. Using presentation compiler with project's scala-library version: 3.8.4
2026.07.30 12:22:11 INFO  no build target found for C:\Users\ankit chouhan\OneDrive\Desktop\Scala\Single_L.scala. Using presentation compiler with project's scala-library version: 3.8.4
2026.07.30 12:22:10 INFO  no build target found for C:\Users\ankit chouhan\OneDrive\Desktop\Scala\Single_L.scala. Using presentation compiler with project's scala-library version: 3.8.4
2026.07.30 12:22:10 INFO  no build target found for C:\Users\ankit chouhan\OneDrive\Desktop\Scala\Single_L.scala. Using presentation compiler with project's scala-library version: 3.8.4
2026.07.30 12:22:10 INFO  no build target found for C:\Users\ankit chouhan\OneDrive\Desktop\Scala\Single_L.scala. Using presentation compiler with project's scala-library version: 3.8.4
2026.07.30 12:22:10 INFO  no build target found for C:\Users\ankit chouhan\OneDrive\Desktop\Scala\Single_L.scala. Using presentation compiler with project's scala-library version: 3.8.4
2026.07.30 12:22:11 INFO  no build target found for C:\Users\ankit chouhan\OneDrive\Desktop\Scala\Single_L.scala. Using presentation compiler with project's scala-library version: 3.8.4
2026.07.30 12:22:11 INFO  no build target found for C:\Users\ankit chouhan\OneDrive\Desktop\Scala\Single_L.scala. Using presentation compiler with project's scala-library version: 3.8.4
2026.07.30 12:22:12 INFO  no build target found for C:\Users\ankit chouhan\OneDrive\Desktop\Scala\Single_L.scala. Using presentation compiler with project's scala-library version: 3.8.4
2026.07.30 12:22:12 INFO  no build target found for C:\Users\ankit chouhan\OneDrive\Desktop\Scala\Single_L.scala. Using presentation compiler with project's scala-library version: 3.8.4
2026.07.30 12:22:12 INFO  no build target found for C:\Users\ankit chouhan\OneDrive\Desktop\Scala\Single_L.scala. Using presentation compiler with project's scala-library version: 3.8.4
2026.07.30 12:22:12 INFO  no build target found for C:\Users\ankit chouhan\OneDrive\Desktop\Scala\Single_L.scala. Using presentation compiler with project's scala-library version: 3.8.4
2026.07.30 12:22:12 INFO  no build target found for C:\Users\ankit chouhan\OneDrive\Desktop\Scala\Single_L.scala. Using presentation compiler with project's scala-library version: 3.8.4
2026.07.30 12:22:12 INFO  no build target found for C:\Users\ankit chouhan\OneDrive\Desktop\Scala\Single_L.scala. Using presentation compiler with project's scala-library version: 3.8.4
2026.07.30 12:22:12 INFO  no build target found for C:\Users\ankit chouhan\OneDrive\Desktop\Scala\Single_L.scala. Using presentation compiler with project's scala-library version: 3.8.4
2026.07.30 12:22:13 INFO  no build target found for C:\Users\ankit chouhan\OneDrive\Desktop\Scala\Single_L.scala. Using presentation compiler with project's scala-library version: 3.8.4
2026.07.30 12:22:13 INFO  no build target found for C:\Users\ankit chouhan\OneDrive\Desktop\Scala\Single_L.scala. Using presentation compiler with project's scala-library version: 3.8.4
2026.07.30 12:22:13 INFO  no build target found for C:\Users\ankit chouhan\OneDrive\Desktop\Scala\Single_L.scala. Using presentation compiler with project's scala-library version: 3.8.4
2026.07.30 12:22:13 WARN  no build target for: C:\Users\ankit chouhan\OneDrive\Desktop\Scala\Single_L.scala
2026.07.30 12:22:13 INFO  no build target found for C:\Users\ankit chouhan\OneDrive\Desktop\Scala\Single_L.scala. Using presentation compiler with project's scala-library version: 3.8.4
2026.07.30 12:22:13 INFO  no build target found for C:\Users\ankit chouhan\OneDrive\Desktop\Scala\Single_L.scala. Using presentation compiler with project's scala-library version: 3.8.4
2026.07.30 12:22:13 INFO  no build target found for C:\Users\ankit chouhan\OneDrive\Desktop\Scala\Single_L.scala. Using presentation compiler with project's scala-library version: 3.8.4
2026.07.30 12:22:13 INFO  no build target found for C:\Users\ankit chouhan\OneDrive\Desktop\Scala\Single_L.scala. Using presentation compiler with project's scala-library version: 3.8.4
2026.07.30 12:22:13 INFO  no build target found for C:\Users\ankit chouhan\OneDrive\Desktop\Scala\Single_L.scala. Using presentation compiler with project's scala-library version: 3.8.4
2026.07.30 12:22:14 INFO  no build target found for C:\Users\ankit chouhan\OneDrive\Desktop\Scala\Single_L.scala. Using presentation compiler with project's scala-library version: 3.8.4
2026.07.30 12:22:14 INFO  no build target found for C:\Users\ankit chouhan\OneDrive\Desktop\Scala\Single_L.scala. Using presentation compiler with project's scala-library version: 3.8.4
2026.07.30 12:22:14 INFO  no build target found for C:\Users\ankit chouhan\OneDrive\Desktop\Scala\Single_L.scala. Using presentation compiler with project's scala-library version: 3.8.4
2026.07.30 12:22:14 INFO  no build target found for C:\Users\ankit chouhan\OneDrive\Desktop\Scala\Single_L.scala. Using presentation compiler with project's scala-library version: 3.8.4
2026.07.30 12:22:15 WARN  no build target for: C:\Users\ankit chouhan\OneDrive\Desktop\Scala\Single_L.scala
2026.07.30 12:22:15 INFO  no build target found for C:\Users\ankit chouhan\OneDrive\Desktop\Scala\Single_L.scala. Using presentation compiler with project's scala-library version: 3.8.4
2026.07.30 12:22:15 INFO  no build target found for C:\Users\ankit chouhan\OneDrive\Desktop\Scala\Single_L.scala. Using presentation compiler with project's scala-library version: 3.8.4
2026.07.30 12:22:15 INFO  no build target found for C:\Users\ankit chouhan\OneDrive\Desktop\Scala\Single_L.scala. Using presentation compiler with project's scala-library version: 3.8.4
2026.07.30 12:22:15 INFO  no build target found for C:\Users\ankit chouhan\OneDrive\Desktop\Scala\Single_L.scala. Using presentation compiler with project's scala-library version: 3.8.4
2026.07.30 12:22:15 INFO  no build target found for C:\Users\ankit chouhan\OneDrive\Desktop\Scala\Single_L.scala. Using presentation compiler with project's scala-library version: 3.8.4
2026.07.30 12:22:15 INFO  no build target found for C:\Users\ankit chouhan\OneDrive\Desktop\Scala\Single_L.scala. Using presentation compiler with project's scala-library version: 3.8.4
2026.07.30 12:22:15 INFO  no build target found for C:\Users\ankit chouhan\OneDrive\Desktop\Scala\Single_L.scala. Using presentation compiler with project's scala-library version: 3.8.4
2026.07.30 12:22:15 INFO  no build target found for C:\Users\ankit chouhan\OneDrive\Desktop\Scala\Single_L.scala. Using presentation compiler with project's scala-library version: 3.8.4
2026.07.30 12:22:15 INFO  no build target found for C:\Users\ankit chouhan\OneDrive\Desktop\Scala\Single_L.scala. Using presentation compiler with project's scala-library version: 3.8.4
2026.07.30 12:22:15 INFO  no build target found for C:\Users\ankit chouhan\OneDrive\Desktop\Scala\Single_L.scala. Using presentation compiler with project's scala-library version: 3.8.4
2026.07.30 12:22:15 INFO  no build target found for C:\Users\ankit chouhan\OneDrive\Desktop\Scala\Single_L.scala. Using presentation compiler with project's scala-library version: 3.8.4
2026.07.30 12:22:17 INFO  no build target found for C:\Users\ankit chouhan\OneDrive\Desktop\Scala\Single_L.scala. Using presentation compiler with project's scala-library version: 3.8.4
2026.07.30 12:22:17 INFO  no build target found for C:\Users\ankit chouhan\OneDrive\Desktop\Scala\Single_L.scala. Using presentation compiler with project's scala-library version: 3.8.4
2026.07.30 12:22:17 INFO  no build target found for C:\Users\ankit chouhan\OneDrive\Desktop\Scala\Single_L.scala. Using presentation compiler with project's scala-library version: 3.8.4
2026.07.30 12:22:17 INFO  no build target found for C:\Users\ankit chouhan\OneDrive\Desktop\Scala\Single_L.scala. Using presentation compiler with project's scala-library version: 3.8.4
2026.07.30 12:22:17 INFO  no build target found for C:\Users\ankit chouhan\OneDrive\Desktop\Scala\Single_L.scala. Using presentation compiler with project's scala-library version: 3.8.4
2026.07.30 12:22:17 INFO  no build target found for C:\Users\ankit chouhan\OneDrive\Desktop\Scala\Single_L.scala. Using presentation compiler with project's scala-library version: 3.8.4
2026.07.30 12:22:18 WARN  no build target for: C:\Users\ankit chouhan\OneDrive\Desktop\Scala\Single_L.scala
2026.07.30 12:22:18 INFO  no build target found for C:\Users\ankit chouhan\OneDrive\Desktop\Scala\Single_L.scala. Using presentation compiler with project's scala-library version: 3.8.4
2026.07.30 12:22:18 INFO  no build target found for C:\Users\ankit chouhan\OneDrive\Desktop\Scala\Single_L.scala. Using presentation compiler with project's scala-library version: 3.8.4
2026.07.30 12:22:21 INFO  no build target found for C:\Users\ankit chouhan\OneDrive\Desktop\Scala\Single_L.scala. Using presentation compiler with project's scala-library version: 3.8.4
2026.07.30 12:22:21 INFO  no build target found for C:\Users\ankit chouhan\OneDrive\Desktop\Scala\Single_L.scala. Using presentation compiler with project's scala-library version: 3.8.4
2026.07.30 12:22:23 INFO  no build target found for C:\Users\ankit chouhan\OneDrive\Desktop\Scala\Single_L.scala. Using presentation compiler with project's scala-library version: 3.8.4
2026.07.30 12:22:23 INFO  no build target found for C:\Users\ankit chouhan\OneDrive\Desktop\Scala\Single_L.scala. Using presentation compiler with project's scala-library version: 3.8.4
2026.07.30 12:22:23 INFO  no build target found for C:\Users\ankit chouhan\OneDrive\Desktop\Scala\Single_L.scala. Using presentation compiler with project's scala-library version: 3.8.4
2026.07.30 12:22:23 INFO  no build target found for C:\Users\ankit chouhan\OneDrive\Desktop\Scala\Single_L.scala. Using presentation compiler with project's scala-library version: 3.8.4
2026.07.30 12:22:23 INFO  no build target found for C:\Users\ankit chouhan\OneDrive\Desktop\Scala\Single_L.scala. Using presentation compiler with project's scala-library version: 3.8.4
2026.07.30 12:22:23 INFO  no build target found for C:\Users\ankit chouhan\OneDrive\Desktop\Scala\Single_L.scala. Using presentation compiler with project's scala-library version: 3.8.4
2026.07.30 12:22:23 INFO  no build target found for C:\Users\ankit chouhan\OneDrive\Desktop\Scala\Single_L.scala. Using presentation compiler with project's scala-library version: 3.8.4
2026.07.30 12:22:23 INFO  no build target found for C:\Users\ankit chouhan\OneDrive\Desktop\Scala\Single_L.scala. Using presentation compiler with project's scala-library version: 3.8.4
2026.07.30 12:22:24 INFO  no build target found for C:\Users\ankit chouhan\OneDrive\Desktop\Scala\Single_L.scala. Using presentation compiler with project's scala-library version: 3.8.4
2026.07.30 12:22:24 INFO  no build target found for C:\Users\ankit chouhan\OneDrive\Desktop\Scala\Single_L.scala. Using presentation compiler with project's scala-library version: 3.8.4
2026.07.30 12:22:25 WARN  no build target for: C:\Users\ankit chouhan\OneDrive\Desktop\Scala\Single_L.scala
2026.07.30 12:22:25 INFO  no build target found for C:\Users\ankit chouhan\OneDrive\Desktop\Scala\Single_L.scala. Using presentation compiler with project's scala-library version: 3.8.4
2026.07.30 12:22:26 INFO  no build target found for C:\Users\ankit chouhan\OneDrive\Desktop\Scala\Single_L.scala. Using presentation compiler with project's scala-library version: 3.8.4
2026.07.30 12:22:26 INFO  no build target found for C:\Users\ankit chouhan\OneDrive\Desktop\Scala\Single_L.scala. Using presentation compiler with project's scala-library version: 3.8.4
2026.07.30 12:22:26 INFO  no build target found for C:\Users\ankit chouhan\OneDrive\Desktop\Scala\Single_L.scala. Using presentation compiler with project's scala-library version: 3.8.4
2026.07.30 12:22:26 INFO  no build target found for C:\Users\ankit chouhan\OneDrive\Desktop\Scala\Single_L.scala. Using presentation compiler with project's scala-library version: 3.8.4
2026.07.30 12:22:26 INFO  no build target found for C:\Users\ankit chouhan\OneDrive\Desktop\Scala\Single_L.scala. Using presentation compiler with project's scala-library version: 3.8.4
2026.07.30 12:22:27 INFO  no build target found for C:\Users\ankit chouhan\OneDrive\Desktop\Scala\Single_L.scala. Using presentation compiler with project's scala-library version: 3.8.4
2026.07.30 12:22:27 INFO  no build target found for C:\Users\ankit chouhan\OneDrive\Desktop\Scala\Single_L.scala. Using presentation compiler with project's scala-library version: 3.8.4
2026.07.30 12:22:27 INFO  no build target found for C:\Users\ankit chouhan\OneDrive\Desktop\Scala\Single_L.scala. Using presentation compiler with project's scala-library version: 3.8.4
2026.07.30 12:22:27 INFO  no build target found for C:\Users\ankit chouhan\OneDrive\Desktop\Scala\Single_L.scala. Using presentation compiler with project's scala-library version: 3.8.4
2026.07.30 12:22:27 INFO  no build target found for C:\Users\ankit chouhan\OneDrive\Desktop\Scala\Single_L.scala. Using presentation compiler with project's scala-library version: 3.8.4
2026.07.30 12:22:27 INFO  no build target found for C:\Users\ankit chouhan\OneDrive\Desktop\Scala\Single_L.scala. Using presentation compiler with project's scala-library version: 3.8.4
2026.07.30 12:22:28 INFO  no build target found for C:\Users\ankit chouhan\OneDrive\Desktop\Scala\Single_L.scala. Using presentation compiler with project's scala-library version: 3.8.4
2026.07.30 12:22:28 INFO  no build target found for C:\Users\ankit chouhan\OneDrive\Desktop\Scala\Single_L.scala. Using presentation compiler with project's scala-library version: 3.8.4
Jul 30, 2026 12:22:28 PM org.eclipse.lsp4j.jsonrpc.RemoteEndpoint handleCancellation
WARNING: Unmatched cancel notification for request id 1742
2026.07.30 12:22:28 INFO  no build target found for C:\Users\ankit chouhan\OneDrive\Desktop\Scala\Single_L.scala. Using presentation compiler with project's scala-library version: 3.8.4
2026.07.30 12:22:28 INFO  no build target found for C:\Users\ankit chouhan\OneDrive\Desktop\Scala\Single_L.scala. Using presentation compiler with project's scala-library version: 3.8.4
2026.07.30 12:22:28 INFO  no build target found for C:\Users\ankit chouhan\OneDrive\Desktop\Scala\Single_L.scala. Using presentation compiler with project's scala-library version: 3.8.4
2026.07.30 12:22:28 INFO  no build target found for C:\Users\ankit chouhan\OneDrive\Desktop\Scala\Single_L.scala. Using presentation compiler with project's scala-library version: 3.8.4
2026.07.30 12:22:29 INFO  no build target found for C:\Users\ankit chouhan\OneDrive\Desktop\Scala\Single_L.scala. Using presentation compiler with project's scala-library version: 3.8.4
2026.07.30 12:22:28 INFO  no build target found for C:\Users\ankit chouhan\OneDrive\Desktop\Scala\Single_L.scala. Using presentation compiler with project's scala-library version: 3.8.4
2026.07.30 12:22:29 WARN  no build target for: C:\Users\ankit chouhan\OneDrive\Desktop\Scala\Single_L.scala
2026.07.30 12:22:29 INFO  no build target found for C:\Users\ankit chouhan\OneDrive\Desktop\Scala\Single_L.scala. Using presentation compiler with project's scala-library version: 3.8.4
2026.07.30 12:22:30 INFO  no build target found for C:\Users\ankit chouhan\OneDrive\Desktop\Scala\Single_L.scala. Using presentation compiler with project's scala-library version: 3.8.4
2026.07.30 12:22:30 INFO  no build target found for C:\Users\ankit chouhan\OneDrive\Desktop\Scala\Single_L.scala. Using presentation compiler with project's scala-library version: 3.8.4
2026.07.30 12:22:30 INFO  no build target found for C:\Users\ankit chouhan\OneDrive\Desktop\Scala\Single_L.scala. Using presentation compiler with project's scala-library version: 3.8.4
2026.07.30 12:22:30 INFO  no build target found for C:\Users\ankit chouhan\OneDrive\Desktop\Scala\Single_L.scala. Using presentation compiler with project's scala-library version: 3.8.4
2026.07.30 12:22:30 INFO  no build target found for C:\Users\ankit chouhan\OneDrive\Desktop\Scala\Single_L.scala. Using presentation compiler with project's scala-library version: 3.8.4
2026.07.30 12:22:30 INFO  no build target found for C:\Users\ankit chouhan\OneDrive\Desktop\Scala\Single_L.scala. Using presentation compiler with project's scala-library version: 3.8.4
2026.07.30 12:22:30 INFO  no build target found for C:\Users\ankit chouhan\OneDrive\Desktop\Scala\Single_L.scala. Using presentation compiler with project's scala-library version: 3.8.4
2026.07.30 12:22:30 INFO  no build target found for C:\Users\ankit chouhan\OneDrive\Desktop\Scala\Single_L.scala. Using presentation compiler with project's scala-library version: 3.8.4
2026.07.30 12:22:30 INFO  no build target found for C:\Users\ankit chouhan\OneDrive\Desktop\Scala\Single_L.scala. Using presentation compiler with project's scala-library version: 3.8.4
2026.07.30 12:22:30 INFO  no build target found for C:\Users\ankit chouhan\OneDrive\Desktop\Scala\Single_L.scala. Using presentation compiler with project's scala-library version: 3.8.4
2026.07.30 12:22:30 INFO  no build target found for C:\Users\ankit chouhan\OneDrive\Desktop\Scala\Single_L.scala. Using presentation compiler with project's scala-library version: 3.8.4
2026.07.30 12:22:30 INFO  no build target found for C:\Users\ankit chouhan\OneDrive\Desktop\Scala\Single_L.scala. Using presentation compiler with project's scala-library version: 3.8.4
2026.07.30 12:22:31 INFO  no build target found for C:\Users\ankit chouhan\OneDrive\Desktop\Scala\Single_L.scala. Using presentation compiler with project's scala-library version: 3.8.4
2026.07.30 12:22:31 INFO  no build target found for C:\Users\ankit chouhan\OneDrive\Desktop\Scala\Single_L.scala. Using presentation compiler with project's scala-library version: 3.8.4
2026.07.30 12:22:31 INFO  no build target found for C:\Users\ankit chouhan\OneDrive\Desktop\Scala\Single_L.scala. Using presentation compiler with project's scala-library version: 3.8.4
2026.07.30 12:22:31 INFO  no build target found for C:\Users\ankit chouhan\OneDrive\Desktop\Scala\Single_L.scala. Using presentation compiler with project's scala-library version: 3.8.4
2026.07.30 12:22:31 INFO  no build target found for C:\Users\ankit chouhan\OneDrive\Desktop\Scala\Single_L.scala. Using presentation compiler with project's scala-library version: 3.8.4
2026.07.30 12:22:31 INFO  no build target found for C:\Users\ankit chouhan\OneDrive\Desktop\Scala\Single_L.scala. Using presentation compiler with project's scala-library version: 3.8.4
2026.07.30 12:22:31 INFO  no build target found for C:\Users\ankit chouhan\OneDrive\Desktop\Scala\Single_L.scala. Using presentation compiler with project's scala-library version: 3.8.4
2026.07.30 12:22:31 INFO  no build target found for C:\Users\ankit chouhan\OneDrive\Desktop\Scala\Single_L.scala. Using presentation compiler with project's scala-library version: 3.8.4
2026.07.30 12:22:31 INFO  no build target found for C:\Users\ankit chouhan\OneDrive\Desktop\Scala\Single_L.scala. Using presentation compiler with project's scala-library version: 3.8.4
2026.07.30 12:22:31 INFO  no build target found for C:\Users\ankit chouhan\OneDrive\Desktop\Scala\Single_L.scala. Using presentation compiler with project's scala-library version: 3.8.4
2026.07.30 12:22:32 INFO  no build target found for C:\Users\ankit chouhan\OneDrive\Desktop\Scala\Single_L.scala. Using presentation compiler with project's scala-library version: 3.8.4
2026.07.30 12:22:32 WARN  no build target for: C:\Users\ankit chouhan\OneDrive\Desktop\Scala\Single_L.scala
2026.07.30 12:22:32 INFO  no build target found for C:\Users\ankit chouhan\OneDrive\Desktop\Scala\Single_L.scala. Using presentation compiler with project's scala-library version: 3.8.4
2026.07.30 12:22:32 INFO  no build target found for C:\Users\ankit chouhan\OneDrive\Desktop\Scala\Single_L.scala. Using presentation compiler with project's scala-library version: 3.8.4
2026.07.30 12:22:32 INFO  no build target found for C:\Users\ankit chouhan\OneDrive\Desktop\Scala\Single_L.scala. Using presentation compiler with project's scala-library version: 3.8.4
2026.07.30 12:22:32 INFO  no build target found for C:\Users\ankit chouhan\OneDrive\Desktop\Scala\Single_L.scala. Using presentation compiler with project's scala-library version: 3.8.4
2026.07.30 12:22:33 INFO  no build target found for C:\Users\ankit chouhan\OneDrive\Desktop\Scala\Single_L.scala. Using presentation compiler with project's scala-library version: 3.8.4
2026.07.30 12:22:33 INFO  no build target found for C:\Users\ankit chouhan\OneDrive\Desktop\Scala\Single_L.scala. Using presentation compiler with project's scala-library version: 3.8.4
2026.07.30 12:22:33 INFO  no build target found for C:\Users\ankit chouhan\OneDrive\Desktop\Scala\Single_L.scala. Using presentation compiler with project's scala-library version: 3.8.4
2026.07.30 12:22:33 INFO  no build target found for C:\Users\ankit chouhan\OneDrive\Desktop\Scala\Single_L.scala. Using presentation compiler with project's scala-library version: 3.8.4
2026.07.30 12:22:33 INFO  no build target found for C:\Users\ankit chouhan\OneDrive\Desktop\Scala\Single_L.scala. Using presentation compiler with project's scala-library version: 3.8.4
2026.07.30 12:22:33 INFO  no build target found for C:\Users\ankit chouhan\OneDrive\Desktop\Scala\Single_L.scala. Using presentation compiler with project's scala-library version: 3.8.4
2026.07.30 12:22:33 INFO  no build target found for C:\Users\ankit chouhan\OneDrive\Desktop\Scala\Single_L.scala. Using presentation compiler with project's scala-library version: 3.8.4
2026.07.30 12:22:33 INFO  no build target found for C:\Users\ankit chouhan\OneDrive\Desktop\Scala\Single_L.scala. Using presentation compiler with project's scala-library version: 3.8.4
2026.07.30 12:22:34 INFO  no build target found for C:\Users\ankit chouhan\OneDrive\Desktop\Scala\Single_L.scala. Using presentation compiler with project's scala-library version: 3.8.4
2026.07.30 12:22:33 INFO  no build target found for C:\Users\ankit chouhan\OneDrive\Desktop\Scala\Single_L.scala. Using presentation compiler with project's scala-library version: 3.8.4
2026.07.30 12:22:33 INFO  no build target found for C:\Users\ankit chouhan\OneDrive\Desktop\Scala\Single_L.scala. Using presentation compiler with project's scala-library version: 3.8.4
2026.07.30 12:22:34 INFO  no build target found for C:\Users\ankit chouhan\OneDrive\Desktop\Scala\Single_L.scala. Using presentation compiler with project's scala-library version: 3.8.4
2026.07.30 12:22:34 INFO  no build target found for C:\Users\ankit chouhan\OneDrive\Desktop\Scala\Single_L.scala. Using presentation compiler with project's scala-library version: 3.8.4
2026.07.30 12:22:34 INFO  no build target found for C:\Users\ankit chouhan\OneDrive\Desktop\Scala\Single_L.scala. Using presentation compiler with project's scala-library version: 3.8.4
2026.07.30 12:22:34 INFO  no build target found for C:\Users\ankit chouhan\OneDrive\Desktop\Scala\Single_L.scala. Using presentation compiler with project's scala-library version: 3.8.4
2026.07.30 12:22:34 INFO  no build target found for C:\Users\ankit chouhan\OneDrive\Desktop\Scala\Single_L.scala. Using presentation compiler with project's scala-library version: 3.8.4
2026.07.30 12:22:34 INFO  no build target found for C:\Users\ankit chouhan\OneDrive\Desktop\Scala\Single_L.scala. Using presentation compiler with project's scala-library version: 3.8.4
2026.07.30 12:22:34 INFO  no build target found for C:\Users\ankit chouhan\OneDrive\Desktop\Scala\Single_L.scala. Using presentation compiler with project's scala-library version: 3.8.4
2026.07.30 12:22:35 INFO  no build target found for C:\Users\ankit chouhan\OneDrive\Desktop\Scala\Single_L.scala. Using presentation compiler with project's scala-library version: 3.8.4
2026.07.30 12:22:34 INFO  no build target found for C:\Users\ankit chouhan\OneDrive\Desktop\Scala\Single_L.scala. Using presentation compiler with project's scala-library version: 3.8.4
2026.07.30 12:22:36 INFO  no build target found for C:\Users\ankit chouhan\OneDrive\Desktop\Scala\Single_L.scala. Using presentation compiler with project's scala-library version: 3.8.4
2026.07.30 12:22:36 INFO  no build target found for C:\Users\ankit chouhan\OneDrive\Desktop\Scala\Single_L.scala. Using presentation compiler with project's scala-library version: 3.8.4
2026.07.30 12:22:36 INFO  no build target found for C:\Users\ankit chouhan\OneDrive\Desktop\Scala\Single_L.scala. Using presentation compiler with project's scala-library version: 3.8.4
2026.07.30 12:22:36 WARN  no build target for: C:\Users\ankit chouhan\OneDrive\Desktop\Scala\Single_L.scala
2026.07.30 12:22:36 INFO  no build target found for C:\Users\ankit chouhan\OneDrive\Desktop\Scala\Single_L.scala. Using presentation compiler with project's scala-library version: 3.8.4
2026.07.30 12:22:36 INFO  no build target found for C:\Users\ankit chouhan\OneDrive\Desktop\Scala\Single_L.scala. Using presentation compiler with project's scala-library version: 3.8.4
2026.07.30 12:22:36 INFO  no build target found for C:\Users\ankit chouhan\OneDrive\Desktop\Scala\Single_L.scala. Using presentation compiler with project's scala-library version: 3.8.4
2026.07.30 12:22:36 INFO  no build target found for C:\Users\ankit chouhan\OneDrive\Desktop\Scala\Single_L.scala. Using presentation compiler with project's scala-library version: 3.8.4
2026.07.30 12:22:36 INFO  no build target found for C:\Users\ankit chouhan\OneDrive\Desktop\Scala\Single_L.scala. Using presentation compiler with project's scala-library version: 3.8.4
2026.07.30 12:22:36 INFO  no build target found for C:\Users\ankit chouhan\OneDrive\Desktop\Scala\Single_L.scala. Using presentation compiler with project's scala-library version: 3.8.4
2026.07.30 12:22:37 WARN  no build target for: C:\Users\ankit chouhan\OneDrive\Desktop\Scala\Single_L.scala
2026.07.30 12:22:37 INFO  no build target found for C:\Users\ankit chouhan\OneDrive\Desktop\Scala\Single_L.scala. Using presentation compiler with project's scala-library version: 3.8.4
2026.07.30 12:22:37 INFO  no build target found for C:\Users\ankit chouhan\OneDrive\Desktop\Scala\Single_L.scala. Using presentation compiler with project's scala-library version: 3.8.4
2026.07.30 12:22:47 INFO  no build target found for C:\Users\ankit chouhan\OneDrive\Desktop\Scala\Single_L.scala. Using presentation compiler with project's scala-library version: 3.8.4
2026.07.30 12:22:47 INFO  no build target found for C:\Users\ankit chouhan\OneDrive\Desktop\Scala\Single_L.scala. Using presentation compiler with project's scala-library version: 3.8.4
2026.07.30 12:22:47 INFO  no build target found for C:\Users\ankit chouhan\OneDrive\Desktop\Scala\Single_L.scala. Using presentation compiler with project's scala-library version: 3.8.4
2026.07.30 12:22:47 INFO  no build target found for C:\Users\ankit chouhan\OneDrive\Desktop\Scala\Single_L.scala. Using presentation compiler with project's scala-library version: 3.8.4
2026.07.30 12:22:47 INFO  no build target found for C:\Users\ankit chouhan\OneDrive\Desktop\Scala\Single_L.scala. Using presentation compiler with project's scala-library version: 3.8.4
2026.07.30 12:22:48 INFO  no build target found for C:\Users\ankit chouhan\OneDrive\Desktop\Scala\Single_L.scala. Using presentation compiler with project's scala-library version: 3.8.4
2026.07.30 12:22:48 INFO  no build target found for C:\Users\ankit chouhan\OneDrive\Desktop\Scala\Single_L.scala. Using presentation compiler with project's scala-library version: 3.8.4
2026.07.30 12:22:48 INFO  no build target found for C:\Users\ankit chouhan\OneDrive\Desktop\Scala\Single_L.scala. Using presentation compiler with project's scala-library version: 3.8.4
2026.07.30 12:22:48 INFO  no build target found for C:\Users\ankit chouhan\OneDrive\Desktop\Scala\Single_L.scala. Using presentation compiler with project's scala-library version: 3.8.4
2026.07.30 12:22:48 INFO  no build target found for C:\Users\ankit chouhan\OneDrive\Desktop\Scala\Single_L.scala. Using presentation compiler with project's scala-library version: 3.8.4
2026.07.30 12:22:49 WARN  no build target for: C:\Users\ankit chouhan\OneDrive\Desktop\Scala\Single_L.scala
2026.07.30 12:22:49 INFO  no build target found for C:\Users\ankit chouhan\OneDrive\Desktop\Scala\Single_L.scala. Using presentation compiler with project's scala-library version: 3.8.4
2026.07.30 12:23:55 INFO  no build target found for C:\Users\ankit chouhan\OneDrive\Desktop\Scala\Single_L.scala. Using presentation compiler with project's scala-library version: 3.8.4
2026.07.30 12:23:55 INFO  no build target found for C:\Users\ankit chouhan\OneDrive\Desktop\Scala\Single_L.scala. Using presentation compiler with project's scala-library version: 3.8.4
2026.07.30 12:23:55 INFO  no build target found for C:\Users\ankit chouhan\OneDrive\Desktop\Scala\Single_L.scala. Using presentation compiler with project's scala-library version: 3.8.4
2026.07.30 12:23:56 INFO  no build target found for C:\Users\ankit chouhan\OneDrive\Desktop\Scala\Single_L.scala. Using presentation compiler with project's scala-library version: 3.8.4
2026.07.30 12:23:56 INFO  no build target found for C:\Users\ankit chouhan\OneDrive\Desktop\Scala\Single_L.scala. Using presentation compiler with project's scala-library version: 3.8.4
2026.07.30 12:23:56 INFO  no build target found for C:\Users\ankit chouhan\OneDrive\Desktop\Scala\Single_L.scala. Using presentation compiler with project's scala-library version: 3.8.4
2026.07.30 12:23:56 INFO  no build target found for C:\Users\ankit chouhan\OneDrive\Desktop\Scala\Single_L.scala. Using presentation compiler with project's scala-library version: 3.8.4
2026.07.30 12:23:56 INFO  no build target found for C:\Users\ankit chouhan\OneDrive\Desktop\Scala\Single_L.scala. Using presentation compiler with project's scala-library version: 3.8.4
2026.07.30 12:23:56 INFO  no build target found for C:\Users\ankit chouhan\OneDrive\Desktop\Scala\Single_L.scala. Using presentation compiler with project's scala-library version: 3.8.4
2026.07.30 12:23:56 INFO  no build target found for C:\Users\ankit chouhan\OneDrive\Desktop\Scala\Single_L.scala. Using presentation compiler with project's scala-library version: 3.8.4
2026.07.30 12:23:57 INFO  no build target found for C:\Users\ankit chouhan\OneDrive\Desktop\Scala\Single_L.scala. Using presentation compiler with project's scala-library version: 3.8.4
2026.07.30 12:23:57 INFO  no build target found for C:\Users\ankit chouhan\OneDrive\Desktop\Scala\Single_L.scala. Using presentation compiler with project's scala-library version: 3.8.4
2026.07.30 12:23:58 WARN  no build target for: C:\Users\ankit chouhan\OneDrive\Desktop\Scala\Single_L.scala
2026.07.30 12:23:58 INFO  no build target found for C:\Users\ankit chouhan\OneDrive\Desktop\Scala\Single_L.scala. Using presentation compiler with project's scala-library version: 3.8.4
2026.07.30 12:23:58 INFO  no build target found for C:\Users\ankit chouhan\OneDrive\Desktop\Scala\Single_L.scala. Using presentation compiler with project's scala-library version: 3.8.4
2026.07.30 12:23:58 INFO  no build target found for C:\Users\ankit chouhan\OneDrive\Desktop\Scala\Single_L.scala. Using presentation compiler with project's scala-library version: 3.8.4
2026.07.30 12:23:58 INFO  no build target found for C:\Users\ankit chouhan\OneDrive\Desktop\Scala\Single_L.scala. Using presentation compiler with project's scala-library version: 3.8.4
2026.07.30 12:23:58 INFO  no build target found for C:\Users\ankit chouhan\OneDrive\Desktop\Scala\Single_L.scala. Using presentation compiler with project's scala-library version: 3.8.4
2026.07.30 12:23:59 INFO  no build target found for C:\Users\ankit chouhan\OneDrive\Desktop\Scala\Single_L.scala. Using presentation compiler with project's scala-library version: 3.8.4
2026.07.30 12:23:59 INFO  no build target found for C:\Users\ankit chouhan\OneDrive\Desktop\Scala\Single_L.scala. Using presentation compiler with project's scala-library version: 3.8.4
2026.07.30 12:23:59 INFO  no build target found for C:\Users\ankit chouhan\OneDrive\Desktop\Scala\Single_L.scala. Using presentation compiler with project's scala-library version: 3.8.4
2026.07.30 12:24:00 INFO  no build target found for C:\Users\ankit chouhan\OneDrive\Desktop\Scala\Single_L.scala. Using presentation compiler with project's scala-library version: 3.8.4
2026.07.30 12:23:59 INFO  no build target found for C:\Users\ankit chouhan\OneDrive\Desktop\Scala\Single_L.scala. Using presentation compiler with project's scala-library version: 3.8.4
2026.07.30 12:24:00 INFO  no build target found for C:\Users\ankit chouhan\OneDrive\Desktop\Scala\Single_L.scala. Using presentation compiler with project's scala-library version: 3.8.4
2026.07.30 12:24:01 INFO  no build target found for C:\Users\ankit chouhan\OneDrive\Desktop\Scala\Single_L.scala. Using presentation compiler with project's scala-library version: 3.8.4
2026.07.30 12:24:01 INFO  no build target found for C:\Users\ankit chouhan\OneDrive\Desktop\Scala\Single_L.scala. Using presentation compiler with project's scala-library version: 3.8.4
2026.07.30 12:24:01 INFO  no build target found for C:\Users\ankit chouhan\OneDrive\Desktop\Scala\Single_L.scala. Using presentation compiler with project's scala-library version: 3.8.4
2026.07.30 12:24:00 INFO  no build target found for C:\Users\ankit chouhan\OneDrive\Desktop\Scala\Single_L.scala. Using presentation compiler with project's scala-library version: 3.8.4
2026.07.30 12:24:01 INFO  no build target found for C:\Users\ankit chouhan\OneDrive\Desktop\Scala\Single_L.scala. Using presentation compiler with project's scala-library version: 3.8.4
2026.07.30 12:24:02 WARN  no build target for: C:\Users\ankit chouhan\OneDrive\Desktop\Scala\Single_L.scala
2026.07.30 12:24:02 INFO  no build target found for C:\Users\ankit chouhan\OneDrive\Desktop\Scala\Single_L.scala. Using presentation compiler with project's scala-library version: 3.8.4
2026.07.30 12:24:51 INFO  no build target found for C:\Users\ankit chouhan\OneDrive\Desktop\Scala\Single_L.scala. Using presentation compiler with project's scala-library version: 3.8.4
2026.07.30 12:24:55 INFO  no build target found for C:\Users\ankit chouhan\OneDrive\Desktop\Scala\Single_L.scala. Using presentation compiler with project's scala-library version: 3.8.4
2026.07.30 12:24:55 INFO  no build target found for C:\Users\ankit chouhan\OneDrive\Desktop\Scala\Single_L.scala. Using presentation compiler with project's scala-library version: 3.8.4
2026.07.30 12:24:55 INFO  no build target found for C:\Users\ankit chouhan\OneDrive\Desktop\Scala\Single_L.scala. Using presentation compiler with project's scala-library version: 3.8.4
2026.07.30 12:25:04 INFO  no build target found for C:\Users\ankit chouhan\OneDrive\Desktop\Scala\Single_L.scala. Using presentation compiler with project's scala-library version: 3.8.4
2026.07.30 12:25:04 INFO  no build target found for C:\Users\ankit chouhan\OneDrive\Desktop\Scala\Single_L.scala. Using presentation compiler with project's scala-library version: 3.8.4
2026.07.30 12:25:04 INFO  no build target found for C:\Users\ankit chouhan\OneDrive\Desktop\Scala\Single_L.scala. Using presentation compiler with project's scala-library version: 3.8.4
2026.07.30 12:25:04 INFO  no build target found for C:\Users\ankit chouhan\OneDrive\Desktop\Scala\Single_L.scala. Using presentation compiler with project's scala-library version: 3.8.4
2026.07.30 12:25:04 INFO  no build target found for C:\Users\ankit chouhan\OneDrive\Desktop\Scala\Single_L.scala. Using presentation compiler with project's scala-library version: 3.8.4
2026.07.30 12:25:04 INFO  no build target found for C:\Users\ankit chouhan\OneDrive\Desktop\Scala\Single_L.scala. Using presentation compiler with project's scala-library version: 3.8.4
2026.07.30 12:25:04 INFO  no build target found for C:\Users\ankit chouhan\OneDrive\Desktop\Scala\Single_L.scala. Using presentation compiler with project's scala-library version: 3.8.4
2026.07.30 12:25:04 INFO  no build target found for C:\Users\ankit chouhan\OneDrive\Desktop\Scala\Single_L.scala. Using presentation compiler with project's scala-library version: 3.8.4
2026.07.30 12:25:04 INFO  no build target found for C:\Users\ankit chouhan\OneDrive\Desktop\Scala\Single_L.scala. Using presentation compiler with project's scala-library version: 3.8.4
2026.07.30 12:25:04 INFO  no build target found for C:\Users\ankit chouhan\OneDrive\Desktop\Scala\Single_L.scala. Using presentation compiler with project's scala-library version: 3.8.4
2026.07.30 12:25:04 INFO  no build target found for C:\Users\ankit chouhan\OneDrive\Desktop\Scala\Single_L.scala. Using presentation compiler with project's scala-library version: 3.8.4
Jul 30, 2026 12:25:05 PM org.eclipse.lsp4j.jsonrpc.RemoteEndpoint handleCancellation
WARNING: Unmatched cancel notification for request id 1941
Jul 30, 2026 12:25:05 PM org.eclipse.lsp4j.jsonrpc.RemoteEndpoint handleCancellation
WARNING: Unmatched cancel notification for request id 1942
2026.07.30 12:25:05 INFO  no build target found for C:\Users\ankit chouhan\OneDrive\Desktop\Scala\Single_L.scala. Using presentation compiler with project's scala-library version: 3.8.4
2026.07.30 12:25:05 INFO  no build target found for C:\Users\ankit chouhan\OneDrive\Desktop\Scala\Single_L.scala. Using presentation compiler with project's scala-library version: 3.8.4
2026.07.30 12:25:05 INFO  no build target found for C:\Users\ankit chouhan\OneDrive\Desktop\Scala\Single_L.scala. Using presentation compiler with project's scala-library version: 3.8.4
2026.07.30 12:25:05 INFO  no build target found for C:\Users\ankit chouhan\OneDrive\Desktop\Scala\Single_L.scala. Using presentation compiler with project's scala-library version: 3.8.4
2026.07.30 12:25:05 INFO  no build target found for C:\Users\ankit chouhan\OneDrive\Desktop\Scala\Single_L.scala. Using presentation compiler with project's scala-library version: 3.8.4
2026.07.30 12:25:05 INFO  no build target found for C:\Users\ankit chouhan\OneDrive\Desktop\Scala\Single_L.scala. Using presentation compiler with project's scala-library version: 3.8.4
2026.07.30 12:25:05 INFO  no build target found for C:\Users\ankit chouhan\OneDrive\Desktop\Scala\Single_L.scala. Using presentation compiler with project's scala-library version: 3.8.4
2026.07.30 12:25:06 INFO  no build target found for C:\Users\ankit chouhan\OneDrive\Desktop\Scala\Single_L.scala. Using presentation compiler with project's scala-library version: 3.8.4
2026.07.30 12:25:05 INFO  no build target found for C:\Users\ankit chouhan\OneDrive\Desktop\Scala\Single_L.scala. Using presentation compiler with project's scala-library version: 3.8.4
2026.07.30 12:25:06 INFO  no build target found for C:\Users\ankit chouhan\OneDrive\Desktop\Scala\Single_L.scala. Using presentation compiler with project's scala-library version: 3.8.4
2026.07.30 12:25:06 INFO  no build target found for C:\Users\ankit chouhan\OneDrive\Desktop\Scala\Single_L.scala. Using presentation compiler with project's scala-library version: 3.8.4
2026.07.30 12:25:07 WARN  no build target for: C:\Users\ankit chouhan\OneDrive\Desktop\Scala\Single_L.scala
2026.07.30 12:25:07 INFO  no build target found for C:\Users\ankit chouhan\OneDrive\Desktop\Scala\Single_L.scala. Using presentation compiler with project's scala-library version: 3.8.4
2026.07.30 12:25:07 INFO  no build target found for C:\Users\ankit chouhan\OneDrive\Desktop\Scala\Single_L.scala. Using presentation compiler with project's scala-library version: 3.8.4
2026.07.30 12:25:27 INFO  no build target found for C:\Users\ankit chouhan\OneDrive\Desktop\Scala\Single_L.scala. Using presentation compiler with project's scala-library version: 3.8.4
2026.07.30 12:25:27 INFO  no build target found for C:\Users\ankit chouhan\OneDrive\Desktop\Scala\Single_L.scala. Using presentation compiler with project's scala-library version: 3.8.4
2026.07.30 12:25:28 INFO  no build target found for C:\Users\ankit chouhan\OneDrive\Desktop\Scala\Single_L.scala. Using presentation compiler with project's scala-library version: 3.8.4
2026.07.30 12:25:28 INFO  no build target found for C:\Users\ankit chouhan\OneDrive\Desktop\Scala\Single_L.scala. Using presentation compiler with project's scala-library version: 3.8.4
2026.07.30 12:25:27 INFO  no build target found for C:\Users\ankit chouhan\OneDrive\Desktop\Scala\Single_L.scala. Using presentation compiler with project's scala-library version: 3.8.4
2026.07.30 12:25:27 INFO  no build target found for C:\Users\ankit chouhan\OneDrive\Desktop\Scala\Single_L.scala. Using presentation compiler with project's scala-library version: 3.8.4
2026.07.30 12:25:27 INFO  no build target found for C:\Users\ankit chouhan\OneDrive\Desktop\Scala\Single_L.scala. Using presentation compiler with project's scala-library version: 3.8.4
2026.07.30 12:25:27 INFO  no build target found for C:\Users\ankit chouhan\OneDrive\Desktop\Scala\Single_L.scala. Using presentation compiler with project's scala-library version: 3.8.4
2026.07.30 12:25:28 INFO  no build target found for C:\Users\ankit chouhan\OneDrive\Desktop\Scala\Single_L.scala. Using presentation compiler with project's scala-library version: 3.8.4
2026.07.30 12:25:27 INFO  no build target found for C:\Users\ankit chouhan\OneDrive\Desktop\Scala\Single_L.scala. Using presentation compiler with project's scala-library version: 3.8.4
2026.07.30 12:25:28 INFO  no build target found for C:\Users\ankit chouhan\OneDrive\Desktop\Scala\Single_L.scala. Using presentation compiler with project's scala-library version: 3.8.4
2026.07.30 12:25:28 INFO  no build target found for C:\Users\ankit chouhan\OneDrive\Desktop\Scala\Single_L.scala. Using presentation compiler with project's scala-library version: 3.8.4
2026.07.30 12:25:28 INFO  no build target found for C:\Users\ankit chouhan\OneDrive\Desktop\Scala\Single_L.scala. Using presentation compiler with project's scala-library version: 3.8.4
2026.07.30 12:25:29 INFO  no build target found for C:\Users\ankit chouhan\OneDrive\Desktop\Scala\Single_L.scala. Using presentation compiler with project's scala-library version: 3.8.4
2026.07.30 12:25:28 INFO  no build target found for C:\Users\ankit chouhan\OneDrive\Desktop\Scala\Single_L.scala. Using presentation compiler with project's scala-library version: 3.8.4
2026.07.30 12:25:28 INFO  no build target found for C:\Users\ankit chouhan\OneDrive\Desktop\Scala\Single_L.scala. Using presentation compiler with project's scala-library version: 3.8.4
2026.07.30 12:25:30 INFO  no build target found for C:\Users\ankit chouhan\OneDrive\Desktop\Scala\Single_L.scala. Using presentation compiler with project's scala-library version: 3.8.4
2026.07.30 12:25:30 INFO  no build target found for C:\Users\ankit chouhan\OneDrive\Desktop\Scala\Single_L.scala. Using presentation compiler with project's scala-library version: 3.8.4
2026.07.30 12:25:30 INFO  no build target found for C:\Users\ankit chouhan\OneDrive\Desktop\Scala\Single_L.scala. Using presentation compiler with project's scala-library version: 3.8.4
2026.07.30 12:25:30 INFO  no build target found for C:\Users\ankit chouhan\OneDrive\Desktop\Scala\Single_L.scala. Using presentation compiler with project's scala-library version: 3.8.4
2026.07.30 12:25:30 INFO  no build target found for C:\Users\ankit chouhan\OneDrive\Desktop\Scala\Single_L.scala. Using presentation compiler with project's scala-library version: 3.8.4
2026.07.30 12:25:31 INFO  no build target found for C:\Users\ankit chouhan\OneDrive\Desktop\Scala\Single_L.scala. Using presentation compiler with project's scala-library version: 3.8.4
2026.07.30 12:25:31 INFO  no build target found for C:\Users\ankit chouhan\OneDrive\Desktop\Scala\Single_L.scala. Using presentation compiler with project's scala-library version: 3.8.4
2026.07.30 12:25:31 INFO  no build target found for C:\Users\ankit chouhan\OneDrive\Desktop\Scala\Single_L.scala. Using presentation compiler with project's scala-library version: 3.8.4
2026.07.30 12:25:31 INFO  no build target found for C:\Users\ankit chouhan\OneDrive\Desktop\Scala\Single_L.scala. Using presentation compiler with project's scala-library version: 3.8.4
2026.07.30 12:25:31 INFO  no build target found for C:\Users\ankit chouhan\OneDrive\Desktop\Scala\Single_L.scala. Using presentation compiler with project's scala-library version: 3.8.4
2026.07.30 12:25:31 INFO  no build target found for C:\Users\ankit chouhan\OneDrive\Desktop\Scala\Single_L.scala. Using presentation compiler with project's scala-library version: 3.8.4
2026.07.30 12:25:31 INFO  no build target found for C:\Users\ankit chouhan\OneDrive\Desktop\Scala\Single_L.scala. Using presentation compiler with project's scala-library version: 3.8.4
2026.07.30 12:25:31 INFO  no build target found for C:\Users\ankit chouhan\OneDrive\Desktop\Scala\Single_L.scala. Using presentation compiler with project's scala-library version: 3.8.4
2026.07.30 12:25:31 INFO  no build target found for C:\Users\ankit chouhan\OneDrive\Desktop\Scala\Single_L.scala. Using presentation compiler with project's scala-library version: 3.8.4
2026.07.30 12:25:32 INFO  no build target found for C:\Users\ankit chouhan\OneDrive\Desktop\Scala\Single_L.scala. Using presentation compiler with project's scala-library version: 3.8.4
2026.07.30 12:25:32 INFO  no build target found for C:\Users\ankit chouhan\OneDrive\Desktop\Scala\Single_L.scala. Using presentation compiler with project's scala-library version: 3.8.4
2026.07.30 12:25:32 INFO  no build target found for C:\Users\ankit chouhan\OneDrive\Desktop\Scala\Single_L.scala. Using presentation compiler with project's scala-library version: 3.8.4
2026.07.30 12:25:32 INFO  no build target found for C:\Users\ankit chouhan\OneDrive\Desktop\Scala\Single_L.scala. Using presentation compiler with project's scala-library version: 3.8.4
2026.07.30 12:25:33 WARN  no build target for: C:\Users\ankit chouhan\OneDrive\Desktop\Scala\Single_L.scala
2026.07.30 12:25:33 INFO  no build target found for C:\Users\ankit chouhan\OneDrive\Desktop\Scala\Single_L.scala. Using presentation compiler with project's scala-library version: 3.8.4
2026.07.30 12:25:32 INFO  no build target found for C:\Users\ankit chouhan\OneDrive\Desktop\Scala\Single_L.scala. Using presentation compiler with project's scala-library version: 3.8.4
2026.07.30 12:25:33 INFO  no build target found for C:\Users\ankit chouhan\OneDrive\Desktop\Scala\Single_L.scala. Using presentation compiler with project's scala-library version: 3.8.4
2026.07.30 12:25:33 INFO  no build target found for C:\Users\ankit chouhan\OneDrive\Desktop\Scala\Single_L.scala. Using presentation compiler with project's scala-library version: 3.8.4
2026.07.30 12:25:33 INFO  no build target found for C:\Users\ankit chouhan\OneDrive\Desktop\Scala\Single_L.scala. Using presentation compiler with project's scala-library version: 3.8.4
2026.07.30 12:25:33 INFO  no build target found for C:\Users\ankit chouhan\OneDrive\Desktop\Scala\Single_L.scala. Using presentation compiler with project's scala-library version: 3.8.4
2026.07.30 12:25:34 WARN  no build target for: C:\Users\ankit chouhan\OneDrive\Desktop\Scala\Single_L.scala
2026.07.30 12:25:34 INFO  no build target found for C:\Users\ankit chouhan\OneDrive\Desktop\Scala\Single_L.scala. Using presentation compiler with project's scala-library version: 3.8.4
2026.07.30 12:25:33 INFO  no build target found for C:\Users\ankit chouhan\OneDrive\Desktop\Scala\Single_L.scala. Using presentation compiler with project's scala-library version: 3.8.4
2026.07.30 12:25:36 INFO  no build target found for C:\Users\ankit chouhan\OneDrive\Desktop\Scala\Single_L.scala. Using presentation compiler with project's scala-library version: 3.8.4
2026.07.30 12:25:36 INFO  no build target found for C:\Users\ankit chouhan\OneDrive\Desktop\Scala\Single_L.scala. Using presentation compiler with project's scala-library version: 3.8.4
2026.07.30 12:25:36 INFO  no build target found for C:\Users\ankit chouhan\OneDrive\Desktop\Scala\Single_L.scala. Using presentation compiler with project's scala-library version: 3.8.4
2026.07.30 12:25:36 INFO  no build target found for C:\Users\ankit chouhan\OneDrive\Desktop\Scala\Single_L.scala. Using presentation compiler with project's scala-library version: 3.8.4
2026.07.30 12:25:36 INFO  no build target found for C:\Users\ankit chouhan\OneDrive\Desktop\Scala\Single_L.scala. Using presentation compiler with project's scala-library version: 3.8.4
2026.07.30 12:25:36 INFO  no build target found for C:\Users\ankit chouhan\OneDrive\Desktop\Scala\Single_L.scala. Using presentation compiler with project's scala-library version: 3.8.4
2026.07.30 12:25:36 INFO  no build target found for C:\Users\ankit chouhan\OneDrive\Desktop\Scala\Single_L.scala. Using presentation compiler with project's scala-library version: 3.8.4
2026.07.30 12:25:36 INFO  no build target found for C:\Users\ankit chouhan\OneDrive\Desktop\Scala\Single_L.scala. Using presentation compiler with project's scala-library version: 3.8.4
2026.07.30 12:25:36 INFO  no build target found for C:\Users\ankit chouhan\OneDrive\Desktop\Scala\Single_L.scala. Using presentation compiler with project's scala-library version: 3.8.4
2026.07.30 12:25:36 INFO  no build target found for C:\Users\ankit chouhan\OneDrive\Desktop\Scala\Single_L.scala. Using presentation compiler with project's scala-library version: 3.8.4
2026.07.30 12:25:36 INFO  no build target found for C:\Users\ankit chouhan\OneDrive\Desktop\Scala\Single_L.scala. Using presentation compiler with project's scala-library version: 3.8.4
2026.07.30 12:25:36 INFO  no build target found for C:\Users\ankit chouhan\OneDrive\Desktop\Scala\Single_L.scala. Using presentation compiler with project's scala-library version: 3.8.4
2026.07.30 12:25:36 INFO  no build target found for C:\Users\ankit chouhan\OneDrive\Desktop\Scala\Single_L.scala. Using presentation compiler with project's scala-library version: 3.8.4
2026.07.30 12:25:37 INFO  no build target found for C:\Users\ankit chouhan\OneDrive\Desktop\Scala\Single_L.scala. Using presentation compiler with project's scala-library version: 3.8.4
2026.07.30 12:25:37 INFO  no build target found for C:\Users\ankit chouhan\OneDrive\Desktop\Scala\Single_L.scala. Using presentation compiler with project's scala-library version: 3.8.4
2026.07.30 12:25:37 INFO  no build target found for C:\Users\ankit chouhan\OneDrive\Desktop\Scala\Single_L.scala. Using presentation compiler with project's scala-library version: 3.8.4
2026.07.30 12:25:37 INFO  no build target found for C:\Users\ankit chouhan\OneDrive\Desktop\Scala\Single_L.scala. Using presentation compiler with project's scala-library version: 3.8.4
2026.07.30 12:25:37 INFO  no build target found for C:\Users\ankit chouhan\OneDrive\Desktop\Scala\Single_L.scala. Using presentation compiler with project's scala-library version: 3.8.4
2026.07.30 12:25:37 INFO  no build target found for C:\Users\ankit chouhan\OneDrive\Desktop\Scala\Single_L.scala. Using presentation compiler with project's scala-library version: 3.8.4
2026.07.30 12:25:37 INFO  no build target found for C:\Users\ankit chouhan\OneDrive\Desktop\Scala\Single_L.scala. Using presentation compiler with project's scala-library version: 3.8.4
2026.07.30 12:25:37 INFO  no build target found for C:\Users\ankit chouhan\OneDrive\Desktop\Scala\Single_L.scala. Using presentation compiler with project's scala-library version: 3.8.4
2026.07.30 12:25:37 INFO  no build target found for C:\Users\ankit chouhan\OneDrive\Desktop\Scala\Single_L.scala. Using presentation compiler with project's scala-library version: 3.8.4
2026.07.30 12:25:37 INFO  no build target found for C:\Users\ankit chouhan\OneDrive\Desktop\Scala\Single_L.scala. Using presentation compiler with project's scala-library version: 3.8.4
2026.07.30 12:25:38 WARN  no build target for: C:\Users\ankit chouhan\OneDrive\Desktop\Scala\Single_L.scala
2026.07.30 12:25:38 INFO  no build target found for C:\Users\ankit chouhan\OneDrive\Desktop\Scala\Single_L.scala. Using presentation compiler with project's scala-library version: 3.8.4
2026.07.30 12:25:40 INFO  no build target found for C:\Users\ankit chouhan\OneDrive\Desktop\Scala\Single_L.scala. Using presentation compiler with project's scala-library version: 3.8.4
2026.07.30 12:25:41 INFO  no build target found for C:\Users\ankit chouhan\OneDrive\Desktop\Scala\Single_L.scala. Using presentation compiler with project's scala-library version: 3.8.4
2026.07.30 12:25:41 INFO  no build target found for C:\Users\ankit chouhan\OneDrive\Desktop\Scala\Single_L.scala. Using presentation compiler with project's scala-library version: 3.8.4
2026.07.30 12:25:41 INFO  no build target found for C:\Users\ankit chouhan\OneDrive\Desktop\Scala\Single_L.scala. Using presentation compiler with project's scala-library version: 3.8.4
2026.07.30 12:25:41 INFO  no build target found for C:\Users\ankit chouhan\OneDrive\Desktop\Scala\Single_L.scala. Using presentation compiler with project's scala-library version: 3.8.4
2026.07.30 12:25:42 INFO  no build target found for C:\Users\ankit chouhan\OneDrive\Desktop\Scala\Single_L.scala. Using presentation compiler with project's scala-library version: 3.8.4
2026.07.30 12:25:42 INFO  no build target found for C:\Users\ankit chouhan\OneDrive\Desktop\Scala\Single_L.scala. Using presentation compiler with project's scala-library version: 3.8.4
2026.07.30 12:25:43 INFO  no build target found for C:\Users\ankit chouhan\OneDrive\Desktop\Scala\Single_L.scala. Using presentation compiler with project's scala-library version: 3.8.4
2026.07.30 12:25:42 INFO  no build target found for C:\Users\ankit chouhan\OneDrive\Desktop\Scala\Single_L.scala. Using presentation compiler with project's scala-library version: 3.8.4
2026.07.30 12:25:42 INFO  no build target found for C:\Users\ankit chouhan\OneDrive\Desktop\Scala\Single_L.scala. Using presentation compiler with project's scala-library version: 3.8.4
2026.07.30 12:25:43 INFO  no build target found for C:\Users\ankit chouhan\OneDrive\Desktop\Scala\Single_L.scala. Using presentation compiler with project's scala-library version: 3.8.4
2026.07.30 12:25:42 INFO  no build target found for C:\Users\ankit chouhan\OneDrive\Desktop\Scala\Single_L.scala. Using presentation compiler with project's scala-library version: 3.8.4
2026.07.30 12:25:42 INFO  no build target found for C:\Users\ankit chouhan\OneDrive\Desktop\Scala\Single_L.scala. Using presentation compiler with project's scala-library version: 3.8.4
2026.07.30 12:25:43 INFO  no build target found for C:\Users\ankit chouhan\OneDrive\Desktop\Scala\Single_L.scala. Using presentation compiler with project's scala-library version: 3.8.4
2026.07.30 12:25:44 INFO  no build target found for C:\Users\ankit chouhan\OneDrive\Desktop\Scala\Single_L.scala. Using presentation compiler with project's scala-library version: 3.8.4
2026.07.30 12:25:43 INFO  no build target found for C:\Users\ankit chouhan\OneDrive\Desktop\Scala\Single_L.scala. Using presentation compiler with project's scala-library version: 3.8.4
2026.07.30 12:25:44 INFO  no build target found for C:\Users\ankit chouhan\OneDrive\Desktop\Scala\Single_L.scala. Using presentation compiler with project's scala-library version: 3.8.4
2026.07.30 12:25:44 INFO  no build target found for C:\Users\ankit chouhan\OneDrive\Desktop\Scala\Single_L.scala. Using presentation compiler with project's scala-library version: 3.8.4
2026.07.30 12:25:44 INFO  no build target found for C:\Users\ankit chouhan\OneDrive\Desktop\Scala\Single_L.scala. Using presentation compiler with project's scala-library version: 3.8.4
2026.07.30 12:25:44 WARN  no build target for: C:\Users\ankit chouhan\OneDrive\Desktop\Scala\Single_L.scala
2026.07.30 12:25:44 INFO  no build target found for C:\Users\ankit chouhan\OneDrive\Desktop\Scala\Single_L.scala. Using presentation compiler with project's scala-library version: 3.8.4
2026.07.30 12:25:52 INFO  no build target found for C:\Users\ankit chouhan\OneDrive\Desktop\Scala\Single_L.scala. Using presentation compiler with project's scala-library version: 3.8.4
2026.07.30 12:25:52 INFO  no build target found for C:\Users\ankit chouhan\OneDrive\Desktop\Scala\Single_L.scala. Using presentation compiler with project's scala-library version: 3.8.4
2026.07.30 12:25:52 INFO  no build target found for C:\Users\ankit chouhan\OneDrive\Desktop\Scala\Single_L.scala. Using presentation compiler with project's scala-library version: 3.8.4
2026.07.30 12:25:52 INFO  no build target found for C:\Users\ankit chouhan\OneDrive\Desktop\Scala\Single_L.scala. Using presentation compiler with project's scala-library version: 3.8.4
2026.07.30 12:25:52 INFO  no build target found for C:\Users\ankit chouhan\OneDrive\Desktop\Scala\Single_L.scala. Using presentation compiler with project's scala-library version: 3.8.4
2026.07.30 12:25:53 WARN  no build target for: C:\Users\ankit chouhan\OneDrive\Desktop\Scala\Single_L.scala
2026.07.30 12:25:53 INFO  no build target found for C:\Users\ankit chouhan\OneDrive\Desktop\Scala\Single_L.scala. Using presentation compiler with project's scala-library version: 3.8.4
2026.07.30 12:25:54 INFO  no build target found for C:\Users\ankit chouhan\OneDrive\Desktop\Scala\Single_L.scala. Using presentation compiler with project's scala-library version: 3.8.4
2026.07.30 12:25:54 INFO  no build target found for C:\Users\ankit chouhan\OneDrive\Desktop\Scala\Single_L.scala. Using presentation compiler with project's scala-library version: 3.8.4
2026.07.30 12:25:54 INFO  no build target found for C:\Users\ankit chouhan\OneDrive\Desktop\Scala\Single_L.scala. Using presentation compiler with project's scala-library version: 3.8.4
2026.07.30 12:25:54 INFO  no build target found for C:\Users\ankit chouhan\OneDrive\Desktop\Scala\Single_L.scala. Using presentation compiler with project's scala-library version: 3.8.4
2026.07.30 12:25:54 INFO  no build target found for C:\Users\ankit chouhan\OneDrive\Desktop\Scala\Single_L.scala. Using presentation compiler with project's scala-library version: 3.8.4
2026.07.30 12:25:54 WARN  no build target for: C:\Users\ankit chouhan\OneDrive\Desktop\Scala\Single_L.scala
2026.07.30 12:25:54 INFO  no build target found for C:\Users\ankit chouhan\OneDrive\Desktop\Scala\Single_L.scala. Using presentation compiler with project's scala-library version: 3.8.4
2026.07.30 12:25:57 INFO  no build target found for C:\Users\ankit chouhan\OneDrive\Desktop\Scala\Single_L.scala. Using presentation compiler with project's scala-library version: 3.8.4
2026.07.30 12:25:57 INFO  no build target found for C:\Users\ankit chouhan\OneDrive\Desktop\Scala\Single_L.scala. Using presentation compiler with project's scala-library version: 3.8.4
2026.07.30 12:25:57 INFO  no build target found for C:\Users\ankit chouhan\OneDrive\Desktop\Scala\Single_L.scala. Using presentation compiler with project's scala-library version: 3.8.4
2026.07.30 12:25:58 INFO  no build target found for C:\Users\ankit chouhan\OneDrive\Desktop\Scala\Single_L.scala. Using presentation compiler with project's scala-library version: 3.8.4
2026.07.30 12:25:57 INFO  no build target found for C:\Users\ankit chouhan\OneDrive\Desktop\Scala\Single_L.scala. Using presentation compiler with project's scala-library version: 3.8.4
2026.07.30 12:25:58 INFO  no build target found for C:\Users\ankit chouhan\OneDrive\Desktop\Scala\Single_L.scala. Using presentation compiler with project's scala-library version: 3.8.4
2026.07.30 12:25:58 INFO  no build target found for C:\Users\ankit chouhan\OneDrive\Desktop\Scala\Single_L.scala. Using presentation compiler with project's scala-library version: 3.8.4
2026.07.30 12:25:57 INFO  no build target found for C:\Users\ankit chouhan\OneDrive\Desktop\Scala\Single_L.scala. Using presentation compiler with project's scala-library version: 3.8.4
2026.07.30 12:25:59 INFO  no build target found for C:\Users\ankit chouhan\OneDrive\Desktop\Scala\Single_L.scala. Using presentation compiler with project's scala-library version: 3.8.4
2026.07.30 12:25:59 WARN  no build target for: C:\Users\ankit chouhan\OneDrive\Desktop\Scala\Single_L.scala
2026.07.30 12:25:59 INFO  no build target found for C:\Users\ankit chouhan\OneDrive\Desktop\Scala\Single_L.scala. Using presentation compiler with project's scala-library version: 3.8.4
2026.07.30 12:25:59 INFO  no build target found for C:\Users\ankit chouhan\OneDrive\Desktop\Scala\Single_L.scala. Using presentation compiler with project's scala-library version: 3.8.4
2026.07.30 12:26:00 INFO  no build target found for C:\Users\ankit chouhan\OneDrive\Desktop\Scala\Single_L.scala. Using presentation compiler with project's scala-library version: 3.8.4
2026.07.30 12:26:00 INFO  no build target found for C:\Users\ankit chouhan\OneDrive\Desktop\Scala\Single_L.scala. Using presentation compiler with project's scala-library version: 3.8.4
2026.07.30 12:26:01 INFO  no build target found for C:\Users\ankit chouhan\OneDrive\Desktop\Scala\Single_L.scala. Using presentation compiler with project's scala-library version: 3.8.4
2026.07.30 12:26:01 WARN  no build target for: C:\Users\ankit chouhan\OneDrive\Desktop\Scala\Single_L.scala
2026.07.30 12:26:01 INFO  no build target found for C:\Users\ankit chouhan\OneDrive\Desktop\Scala\Single_L.scala. Using presentation compiler with project's scala-library version: 3.8.4
2026.07.30 12:26:04 INFO  no build target found for C:\Users\ankit chouhan\OneDrive\Desktop\Scala\Single_L.scala. Using presentation compiler with project's scala-library version: 3.8.4
2026.07.30 12:26:04 INFO  no build target found for C:\Users\ankit chouhan\OneDrive\Desktop\Scala\Single_L.scala. Using presentation compiler with project's scala-library version: 3.8.4
2026.07.30 12:26:04 INFO  no build target found for C:\Users\ankit chouhan\OneDrive\Desktop\Scala\Single_L.scala. Using presentation compiler with project's scala-library version: 3.8.4
2026.07.30 12:26:04 INFO  no build target found for C:\Users\ankit chouhan\OneDrive\Desktop\Scala\Single_L.scala. Using presentation compiler with project's scala-library version: 3.8.4
2026.07.30 12:26:04 INFO  no build target found for C:\Users\ankit chouhan\OneDrive\Desktop\Scala\Single_L.scala. Using presentation compiler with project's scala-library version: 3.8.4
2026.07.30 12:26:04 INFO  no build target found for C:\Users\ankit chouhan\OneDrive\Desktop\Scala\Single_L.scala. Using presentation compiler with project's scala-library version: 3.8.4
2026.07.30 12:26:04 INFO  no build target found for C:\Users\ankit chouhan\OneDrive\Desktop\Scala\Single_L.scala. Using presentation compiler with project's scala-library version: 3.8.4
2026.07.30 12:26:05 INFO  no build target found for C:\Users\ankit chouhan\OneDrive\Desktop\Scala\Single_L.scala. Using presentation compiler with project's scala-library version: 3.8.4
2026.07.30 12:26:05 INFO  no build target found for C:\Users\ankit chouhan\OneDrive\Desktop\Scala\Single_L.scala. Using presentation compiler with project's scala-library version: 3.8.4
2026.07.30 12:26:05 INFO  no build target found for C:\Users\ankit chouhan\OneDrive\Desktop\Scala\Single_L.scala. Using presentation compiler with project's scala-library version: 3.8.4
2026.07.30 12:26:05 INFO  no build target found for C:\Users\ankit chouhan\OneDrive\Desktop\Scala\Single_L.scala. Using presentation compiler with project's scala-library version: 3.8.4
2026.07.30 12:26:05 INFO  no build target found for C:\Users\ankit chouhan\OneDrive\Desktop\Scala\Single_L.scala. Using presentation compiler with project's scala-library version: 3.8.4
2026.07.30 12:26:05 INFO  no build target found for C:\Users\ankit chouhan\OneDrive\Desktop\Scala\Single_L.scala. Using presentation compiler with project's scala-library version: 3.8.4
2026.07.30 12:26:05 INFO  no build target found for C:\Users\ankit chouhan\OneDrive\Desktop\Scala\Single_L.scala. Using presentation compiler with project's scala-library version: 3.8.4
2026.07.30 12:26:05 INFO  no build target found for C:\Users\ankit chouhan\OneDrive\Desktop\Scala\Single_L.scala. Using presentation compiler with project's scala-library version: 3.8.4
2026.07.30 12:26:05 WARN  no build target for: C:\Users\ankit chouhan\OneDrive\Desktop\Scala\Single_L.scala
2026.07.30 12:26:06 INFO  no build target found for C:\Users\ankit chouhan\OneDrive\Desktop\Scala\Single_L.scala. Using presentation compiler with project's scala-library version: 3.8.4
2026.07.30 12:26:08 INFO  no build target found for C:\Users\ankit chouhan\OneDrive\Desktop\Scala\Single_L.scala. Using presentation compiler with project's scala-library version: 3.8.4
2026.07.30 12:26:08 INFO  no build target found for C:\Users\ankit chouhan\OneDrive\Desktop\Scala\Single_L.scala. Using presentation compiler with project's scala-library version: 3.8.4
2026.07.30 12:26:08 INFO  no build target found for C:\Users\ankit chouhan\OneDrive\Desktop\Scala\Single_L.scala. Using presentation compiler with project's scala-library version: 3.8.4
2026.07.30 12:26:08 INFO  no build target found for C:\Users\ankit chouhan\OneDrive\Desktop\Scala\Single_L.scala. Using presentation compiler with project's scala-library version: 3.8.4
2026.07.30 12:26:09 INFO  no build target found for C:\Users\ankit chouhan\OneDrive\Desktop\Scala\Single_L.scala. Using presentation compiler with project's scala-library version: 3.8.4
2026.07.30 12:26:09 INFO  no build target found for C:\Users\ankit chouhan\OneDrive\Desktop\Scala\Single_L.scala. Using presentation compiler with project's scala-library version: 3.8.4
2026.07.30 12:26:11 INFO  no build target found for C:\Users\ankit chouhan\OneDrive\Desktop\Scala\Single_L.scala. Using presentation compiler with project's scala-library version: 3.8.4
2026.07.30 12:26:11 INFO  no build target found for C:\Users\ankit chouhan\OneDrive\Desktop\Scala\Single_L.scala. Using presentation compiler with project's scala-library version: 3.8.4
2026.07.30 12:26:12 INFO  no build target found for C:\Users\ankit chouhan\OneDrive\Desktop\Scala\Single_L.scala. Using presentation compiler with project's scala-library version: 3.8.4
2026.07.30 12:26:13 INFO  no build target found for C:\Users\ankit chouhan\OneDrive\Desktop\Scala\Single_L.scala. Using presentation compiler with project's scala-library version: 3.8.4
2026.07.30 12:26:16 INFO  no build target found for C:\Users\ankit chouhan\OneDrive\Desktop\Scala\Single_L.scala. Using presentation compiler with project's scala-library version: 3.8.4
2026.07.30 12:26:16 INFO  no build target found for C:\Users\ankit chouhan\OneDrive\Desktop\Scala\Single_L.scala. Using presentation compiler with project's scala-library version: 3.8.4
2026.07.30 12:26:16 INFO  no build target found for C:\Users\ankit chouhan\OneDrive\Desktop\Scala\Single_L.scala. Using presentation compiler with project's scala-library version: 3.8.4
2026.07.30 12:26:20 INFO  no build target found for C:\Users\ankit chouhan\OneDrive\Desktop\Scala\Single_L.scala. Using presentation compiler with project's scala-library version: 3.8.4
2026.07.30 12:26:20 INFO  no build target found for C:\Users\ankit chouhan\OneDrive\Desktop\Scala\Single_L.scala. Using presentation compiler with project's scala-library version: 3.8.4
2026.07.30 12:26:20 INFO  no build target found for C:\Users\ankit chouhan\OneDrive\Desktop\Scala\Single_L.scala. Using presentation compiler with project's scala-library version: 3.8.4
2026.07.30 12:26:20 INFO  no build target found for C:\Users\ankit chouhan\OneDrive\Desktop\Scala\Single_L.scala. Using presentation compiler with project's scala-library version: 3.8.4
2026.07.30 12:26:22 INFO  no build target found for C:\Users\ankit chouhan\OneDrive\Desktop\Scala\Single_L.scala. Using presentation compiler with project's scala-library version: 3.8.4
2026.07.30 12:26:22 INFO  no build target found for C:\Users\ankit chouhan\OneDrive\Desktop\Scala\Single_L.scala. Using presentation compiler with project's scala-library version: 3.8.4
2026.07.30 12:26:22 INFO  no build target found for C:\Users\ankit chouhan\OneDrive\Desktop\Scala\Single_L.scala. Using presentation compiler with project's scala-library version: 3.8.4
2026.07.30 12:26:22 INFO  no build target found for C:\Users\ankit chouhan\OneDrive\Desktop\Scala\Single_L.scala. Using presentation compiler with project's scala-library version: 3.8.4
2026.07.30 12:26:22 INFO  no build target found for C:\Users\ankit chouhan\OneDrive\Desktop\Scala\Single_L.scala. Using presentation compiler with project's scala-library version: 3.8.4
2026.07.30 12:26:22 INFO  no build target found for C:\Users\ankit chouhan\OneDrive\Desktop\Scala\Single_L.scala. Using presentation compiler with project's scala-library version: 3.8.4
2026.07.30 12:26:22 INFO  no build target found for C:\Users\ankit chouhan\OneDrive\Desktop\Scala\Single_L.scala. Using presentation compiler with project's scala-library version: 3.8.4
2026.07.30 12:26:22 INFO  no build target found for C:\Users\ankit chouhan\OneDrive\Desktop\Scala\Single_L.scala. Using presentation compiler with project's scala-library version: 3.8.4
Jul 30, 2026 12:26:23 PM org.eclipse.lsp4j.jsonrpc.RemoteEndpoint handleCancellation
WARNING: Unmatched cancel notification for request id 2188
2026.07.30 12:26:23 INFO  no build target found for C:\Users\ankit chouhan\OneDrive\Desktop\Scala\Single_L.scala. Using presentation compiler with project's scala-library version: 3.8.4
2026.07.30 12:26:22 INFO  no build target found for C:\Users\ankit chouhan\OneDrive\Desktop\Scala\Single_L.scala. Using presentation compiler with project's scala-library version: 3.8.4
2026.07.30 12:26:22 INFO  no build target found for C:\Users\ankit chouhan\OneDrive\Desktop\Scala\Single_L.scala. Using presentation compiler with project's scala-library version: 3.8.4
2026.07.30 12:26:23 INFO  no build target found for C:\Users\ankit chouhan\OneDrive\Desktop\Scala\Single_L.scala. Using presentation compiler with project's scala-library version: 3.8.4
2026.07.30 12:26:23 INFO  no build target found for C:\Users\ankit chouhan\OneDrive\Desktop\Scala\Single_L.scala. Using presentation compiler with project's scala-library version: 3.8.4
2026.07.30 12:26:23 INFO  no build target found for C:\Users\ankit chouhan\OneDrive\Desktop\Scala\Single_L.scala. Using presentation compiler with project's scala-library version: 3.8.4
2026.07.30 12:26:23 INFO  no build target found for C:\Users\ankit chouhan\OneDrive\Desktop\Scala\Single_L.scala. Using presentation compiler with project's scala-library version: 3.8.4
2026.07.30 12:26:23 INFO  no build target found for C:\Users\ankit chouhan\OneDrive\Desktop\Scala\Single_L.scala. Using presentation compiler with project's scala-library version: 3.8.4
2026.07.30 12:26:23 INFO  no build target found for C:\Users\ankit chouhan\OneDrive\Desktop\Scala\Single_L.scala. Using presentation compiler with project's scala-library version: 3.8.4
2026.07.30 12:26:23 INFO  no build target found for C:\Users\ankit chouhan\OneDrive\Desktop\Scala\Single_L.scala. Using presentation compiler with project's scala-library version: 3.8.4
2026.07.30 12:26:23 INFO  no build target found for C:\Users\ankit chouhan\OneDrive\Desktop\Scala\Single_L.scala. Using presentation compiler with project's scala-library version: 3.8.4
2026.07.30 12:26:24 INFO  no build target found for C:\Users\ankit chouhan\OneDrive\Desktop\Scala\Single_L.scala. Using presentation compiler with project's scala-library version: 3.8.4
2026.07.30 12:26:24 INFO  no build target found for C:\Users\ankit chouhan\OneDrive\Desktop\Scala\Single_L.scala. Using presentation compiler with project's scala-library version: 3.8.4
2026.07.30 12:26:24 INFO  no build target found for C:\Users\ankit chouhan\OneDrive\Desktop\Scala\Single_L.scala. Using presentation compiler with project's scala-library version: 3.8.4
2026.07.30 12:26:24 INFO  no build target found for C:\Users\ankit chouhan\OneDrive\Desktop\Scala\Single_L.scala. Using presentation compiler with project's scala-library version: 3.8.4
2026.07.30 12:26:24 INFO  no build target found for C:\Users\ankit chouhan\OneDrive\Desktop\Scala\Single_L.scala. Using presentation compiler with project's scala-library version: 3.8.4
2026.07.30 12:26:24 INFO  no build target found for C:\Users\ankit chouhan\OneDrive\Desktop\Scala\Single_L.scala. Using presentation compiler with project's scala-library version: 3.8.4
2026.07.30 12:26:25 INFO  no build target found for C:\Users\ankit chouhan\OneDrive\Desktop\Scala\Single_L.scala. Using presentation compiler with project's scala-library version: 3.8.4
2026.07.30 12:26:24 INFO  no build target found for C:\Users\ankit chouhan\OneDrive\Desktop\Scala\Single_L.scala. Using presentation compiler with project's scala-library version: 3.8.4
2026.07.30 12:26:25 WARN  no build target for: C:\Users\ankit chouhan\OneDrive\Desktop\Scala\Single_L.scala
2026.07.30 12:26:26 INFO  no build target found for C:\Users\ankit chouhan\OneDrive\Desktop\Scala\Single_L.scala. Using presentation compiler with project's scala-library version: 3.8.4
2026.07.30 12:26:33 INFO  no build target found for C:\Users\ankit chouhan\OneDrive\Desktop\Scala\Single_L.scala. Using presentation compiler with project's scala-library version: 3.8.4
2026.07.30 12:26:33 INFO  no build target found for C:\Users\ankit chouhan\OneDrive\Desktop\Scala\Single_L.scala. Using presentation compiler with project's scala-library version: 3.8.4
2026.07.30 12:26:33 INFO  no build target found for C:\Users\ankit chouhan\OneDrive\Desktop\Scala\Single_L.scala. Using presentation compiler with project's scala-library version: 3.8.4
2026.07.30 12:26:34 INFO  no build target found for C:\Users\ankit chouhan\OneDrive\Desktop\Scala\Single_L.scala. Using presentation compiler with project's scala-library version: 3.8.4
2026.07.30 12:26:34 INFO  no build target found for C:\Users\ankit chouhan\OneDrive\Desktop\Scala\Single_L.scala. Using presentation compiler with project's scala-library version: 3.8.4
2026.07.30 12:26:35 WARN  no build target for: C:\Users\ankit chouhan\OneDrive\Desktop\Scala\Single_L.scala
2026.07.30 12:26:35 INFO  no build target found for C:\Users\ankit chouhan\OneDrive\Desktop\Scala\Single_L.scala. Using presentation compiler with project's scala-library version: 3.8.4
2026.07.30 12:26:36 INFO  no build target found for C:\Users\ankit chouhan\OneDrive\Desktop\Scala\Single_L.scala. Using presentation compiler with project's scala-library version: 3.8.4
2026.07.30 12:26:41 INFO  no build target found for C:\Users\ankit chouhan\OneDrive\Desktop\Scala\Single_L.scala. Using presentation compiler with project's scala-library version: 3.8.4
2026.07.30 12:26:53 INFO  no build target found for C:\Users\ankit chouhan\OneDrive\Desktop\Scala\Single_L.scala. Using presentation compiler with project's scala-library version: 3.8.4
2026.07.30 12:26:53 INFO  no build target found for C:\Users\ankit chouhan\OneDrive\Desktop\Scala\Single_L.scala. Using presentation compiler with project's scala-library version: 3.8.4
2026.07.30 12:26:55 INFO  no build target found for C:\Users\ankit chouhan\OneDrive\Desktop\Scala\Single_L.scala. Using presentation compiler with project's scala-library version: 3.8.4
2026.07.30 12:26:55 INFO  no build target found for C:\Users\ankit chouhan\OneDrive\Desktop\Scala\Single_L.scala. Using presentation compiler with project's scala-library version: 3.8.4
2026.07.30 12:26:57 INFO  no build target found for C:\Users\ankit chouhan\OneDrive\Desktop\Scala\Single_L.scala. Using presentation compiler with project's scala-library version: 3.8.4
2026.07.30 12:26:57 INFO  no build target found for C:\Users\ankit chouhan\OneDrive\Desktop\Scala\Single_L.scala. Using presentation compiler with project's scala-library version: 3.8.4
2026.07.30 12:26:58 INFO  no build target found for C:\Users\ankit chouhan\OneDrive\Desktop\Scala\Single_L.scala. Using presentation compiler with project's scala-library version: 3.8.4
2026.07.30 12:26:58 INFO  no build target found for C:\Users\ankit chouhan\OneDrive\Desktop\Scala\Single_L.scala. Using presentation compiler with project's scala-library version: 3.8.4
2026.07.30 12:26:58 INFO  no build target found for C:\Users\ankit chouhan\OneDrive\Desktop\Scala\Single_L.scala. Using presentation compiler with project's scala-library version: 3.8.4
2026.07.30 12:26:58 INFO  no build target found for C:\Users\ankit chouhan\OneDrive\Desktop\Scala\Single_L.scala. Using presentation compiler with project's scala-library version: 3.8.4
2026.07.30 12:27:00 INFO  no build target found for C:\Users\ankit chouhan\OneDrive\Desktop\Scala\Single_L.scala. Using presentation compiler with project's scala-library version: 3.8.4
2026.07.30 12:27:00 INFO  no build target found for C:\Users\ankit chouhan\OneDrive\Desktop\Scala\Single_L.scala. Using presentation compiler with project's scala-library version: 3.8.4
2026.07.30 12:27:00 INFO  no build target found for C:\Users\ankit chouhan\OneDrive\Desktop\Scala\Single_L.scala. Using presentation compiler with project's scala-library version: 3.8.4
2026.07.30 12:27:01 INFO  no build target found for C:\Users\ankit chouhan\OneDrive\Desktop\Scala\Single_L.scala. Using presentation compiler with project's scala-library version: 3.8.4
2026.07.30 12:27:01 INFO  no build target found for C:\Users\ankit chouhan\OneDrive\Desktop\Scala\Single_L.scala. Using presentation compiler with project's scala-library version: 3.8.4
2026.07.30 12:27:01 INFO  no build target found for C:\Users\ankit chouhan\OneDrive\Desktop\Scala\Single_L.scala. Using presentation compiler with project's scala-library version: 3.8.4
2026.07.30 12:27:02 WARN  no build target for: C:\Users\ankit chouhan\OneDrive\Desktop\Scala\Single_L.scala
2026.07.30 12:27:01 INFO  no build target found for C:\Users\ankit chouhan\OneDrive\Desktop\Scala\Single_L.scala. Using presentation compiler with project's scala-library version: 3.8.4
2026.07.30 12:27:02 INFO  no build target found for C:\Users\ankit chouhan\OneDrive\Desktop\Scala\Single_L.scala. Using presentation compiler with project's scala-library version: 3.8.4
2026.07.30 12:27:02 INFO  no build target found for C:\Users\ankit chouhan\OneDrive\Desktop\Scala\Single_L.scala. Using presentation compiler with project's scala-library version: 3.8.4
2026.07.30 12:27:02 INFO  no build target found for C:\Users\ankit chouhan\OneDrive\Desktop\Scala\Single_L.scala. Using presentation compiler with project's scala-library version: 3.8.4
2026.07.30 12:27:02 INFO  no build target found for C:\Users\ankit chouhan\OneDrive\Desktop\Scala\Single_L.scala. Using presentation compiler with project's scala-library version: 3.8.4
2026.07.30 12:27:02 INFO  no build target found for C:\Users\ankit chouhan\OneDrive\Desktop\Scala\Single_L.scala. Using presentation compiler with project's scala-library version: 3.8.4
2026.07.30 12:27:02 INFO  no build target found for C:\Users\ankit chouhan\OneDrive\Desktop\Scala\Single_L.scala. Using presentation compiler with project's scala-library version: 3.8.4
2026.07.30 12:27:03 WARN  no build target for: C:\Users\ankit chouhan\OneDrive\Desktop\Scala\Single_L.scala
2026.07.30 12:27:03 INFO  no build target found for C:\Users\ankit chouhan\OneDrive\Desktop\Scala\Single_L.scala. Using presentation compiler with project's scala-library version: 3.8.4
2026.07.30 12:27:03 INFO  no build target found for C:\Users\ankit chouhan\OneDrive\Desktop\Scala\Single_L.scala. Using presentation compiler with project's scala-library version: 3.8.4
2026.07.30 12:27:03 INFO  no build target found for C:\Users\ankit chouhan\OneDrive\Desktop\Scala\Single_L.scala. Using presentation compiler with project's scala-library version: 3.8.4
2026.07.30 12:27:05 INFO  no build target found for C:\Users\ankit chouhan\OneDrive\Desktop\Scala\Single_L.scala. Using presentation compiler with project's scala-library version: 3.8.4
2026.07.30 12:27:05 INFO  no build target found for C:\Users\ankit chouhan\OneDrive\Desktop\Scala\Single_L.scala. Using presentation compiler with project's scala-library version: 3.8.4
2026.07.30 12:27:05 INFO  no build target found for C:\Users\ankit chouhan\OneDrive\Desktop\Scala\Single_L.scala. Using presentation compiler with project's scala-library version: 3.8.4
2026.07.30 12:27:06 INFO  no build target found for C:\Users\ankit chouhan\OneDrive\Desktop\Scala\Single_L.scala. Using presentation compiler with project's scala-library version: 3.8.4
2026.07.30 12:27:05 INFO  no build target found for C:\Users\ankit chouhan\OneDrive\Desktop\Scala\Single_L.scala. Using presentation compiler with project's scala-library version: 3.8.4
2026.07.30 12:27:06 INFO  no build target found for C:\Users\ankit chouhan\OneDrive\Desktop\Scala\Single_L.scala. Using presentation compiler with project's scala-library version: 3.8.4
2026.07.30 12:27:07 WARN  no build target for: C:\Users\ankit chouhan\OneDrive\Desktop\Scala\Single_L.scala
2026.07.30 12:27:07 INFO  no build target found for C:\Users\ankit chouhan\OneDrive\Desktop\Scala\Single_L.scala. Using presentation compiler with project's scala-library version: 3.8.4
2026.07.30 12:27:38 INFO  no build target found for C:\Users\ankit chouhan\OneDrive\Desktop\Scala\Single_L.scala. Using presentation compiler with project's scala-library version: 3.8.4
2026.07.30 12:27:51 INFO  no build target found for C:\Users\ankit chouhan\OneDrive\Desktop\Scala\Single_L.scala. Using presentation compiler with project's scala-library version: 3.8.4
2026.07.30 12:27:51 INFO  no build target found for C:\Users\ankit chouhan\OneDrive\Desktop\Scala\Single_L.scala. Using presentation compiler with project's scala-library version: 3.8.4
2026.07.30 12:27:52 INFO  no build target found for C:\Users\ankit chouhan\OneDrive\Desktop\Scala\Single_L.scala. Using presentation compiler with project's scala-library version: 3.8.4
2026.07.30 12:27:52 INFO  no build target found for C:\Users\ankit chouhan\OneDrive\Desktop\Scala\Single_L.scala. Using presentation compiler with project's scala-library version: 3.8.4
2026.07.30 12:27:52 INFO  no build target found for C:\Users\ankit chouhan\OneDrive\Desktop\Scala\Single_L.scala. Using presentation compiler with project's scala-library version: 3.8.4
2026.07.30 12:27:52 INFO  no build target found for C:\Users\ankit chouhan\OneDrive\Desktop\Scala\Single_L.scala. Using presentation compiler with project's scala-library version: 3.8.4
2026.07.30 12:27:53 INFO  no build target found for C:\Users\ankit chouhan\OneDrive\Desktop\Scala\Single_L.scala. Using presentation compiler with project's scala-library version: 3.8.4
2026.07.30 12:27:53 INFO  no build target found for C:\Users\ankit chouhan\OneDrive\Desktop\Scala\Single_L.scala. Using presentation compiler with project's scala-library version: 3.8.4
2026.07.30 12:27:54 INFO  no build target found for C:\Users\ankit chouhan\OneDrive\Desktop\Scala\Single_L.scala. Using presentation compiler with project's scala-library version: 3.8.4
2026.07.30 12:27:53 INFO  no build target found for C:\Users\ankit chouhan\OneDrive\Desktop\Scala\Single_L.scala. Using presentation compiler with project's scala-library version: 3.8.4
2026.07.30 12:27:53 INFO  no build target found for C:\Users\ankit chouhan\OneDrive\Desktop\Scala\Single_L.scala. Using presentation compiler with project's scala-library version: 3.8.4
2026.07.30 12:27:54 INFO  no build target found for C:\Users\ankit chouhan\OneDrive\Desktop\Scala\Single_L.scala. Using presentation compiler with project's scala-library version: 3.8.4
2026.07.30 12:27:53 INFO  no build target found for C:\Users\ankit chouhan\OneDrive\Desktop\Scala\Single_L.scala. Using presentation compiler with project's scala-library version: 3.8.4
2026.07.30 12:27:54 INFO  no build target found for C:\Users\ankit chouhan\OneDrive\Desktop\Scala\Single_L.scala. Using presentation compiler with project's scala-library version: 3.8.4
2026.07.30 12:27:53 INFO  no build target found for C:\Users\ankit chouhan\OneDrive\Desktop\Scala\Single_L.scala. Using presentation compiler with project's scala-library version: 3.8.4
2026.07.30 12:27:53 INFO  no build target found for C:\Users\ankit chouhan\OneDrive\Desktop\Scala\Single_L.scala. Using presentation compiler with project's scala-library version: 3.8.4
2026.07.30 12:27:54 INFO  no build target found for C:\Users\ankit chouhan\OneDrive\Desktop\Scala\Single_L.scala. Using presentation compiler with project's scala-library version: 3.8.4
2026.07.30 12:27:55 INFO  no build target found for C:\Users\ankit chouhan\OneDrive\Desktop\Scala\Single_L.scala. Using presentation compiler with project's scala-library version: 3.8.4
2026.07.30 12:27:55 INFO  no build target found for C:\Users\ankit chouhan\OneDrive\Desktop\Scala\Single_L.scala. Using presentation compiler with project's scala-library version: 3.8.4
2026.07.30 12:27:55 INFO  no build target found for C:\Users\ankit chouhan\OneDrive\Desktop\Scala\Single_L.scala. Using presentation compiler with project's scala-library version: 3.8.4
2026.07.30 12:27:55 INFO  no build target found for C:\Users\ankit chouhan\OneDrive\Desktop\Scala\Single_L.scala. Using presentation compiler with project's scala-library version: 3.8.4
2026.07.30 12:27:55 INFO  no build target found for C:\Users\ankit chouhan\OneDrive\Desktop\Scala\Single_L.scala. Using presentation compiler with project's scala-library version: 3.8.4
2026.07.30 12:27:55 INFO  no build target found for C:\Users\ankit chouhan\OneDrive\Desktop\Scala\Single_L.scala. Using presentation compiler with project's scala-library version: 3.8.4
2026.07.30 12:27:56 INFO  no build target found for C:\Users\ankit chouhan\OneDrive\Desktop\Scala\Single_L.scala. Using presentation compiler with project's scala-library version: 3.8.4
2026.07.30 12:27:56 INFO  no build target found for C:\Users\ankit chouhan\OneDrive\Desktop\Scala\Single_L.scala. Using presentation compiler with project's scala-library version: 3.8.4
2026.07.30 12:27:56 INFO  no build target found for C:\Users\ankit chouhan\OneDrive\Desktop\Scala\Single_L.scala. Using presentation compiler with project's scala-library version: 3.8.4
2026.07.30 12:27:56 INFO  no build target found for C:\Users\ankit chouhan\OneDrive\Desktop\Scala\Single_L.scala. Using presentation compiler with project's scala-library version: 3.8.4
2026.07.30 12:27:56 INFO  no build target found for C:\Users\ankit chouhan\OneDrive\Desktop\Scala\Single_L.scala. Using presentation compiler with project's scala-library version: 3.8.4
2026.07.30 12:27:56 INFO  no build target found for C:\Users\ankit chouhan\OneDrive\Desktop\Scala\Single_L.scala. Using presentation compiler with project's scala-library version: 3.8.4
2026.07.30 12:27:56 INFO  no build target found for C:\Users\ankit chouhan\OneDrive\Desktop\Scala\Single_L.scala. Using presentation compiler with project's scala-library version: 3.8.4
2026.07.30 12:27:56 INFO  no build target found for C:\Users\ankit chouhan\OneDrive\Desktop\Scala\Single_L.scala. Using presentation compiler with project's scala-library version: 3.8.4
2026.07.30 12:27:56 INFO  no build target found for C:\Users\ankit chouhan\OneDrive\Desktop\Scala\Single_L.scala. Using presentation compiler with project's scala-library version: 3.8.4
2026.07.30 12:27:56 INFO  no build target found for C:\Users\ankit chouhan\OneDrive\Desktop\Scala\Single_L.scala. Using presentation compiler with project's scala-library version: 3.8.4
2026.07.30 12:27:56 INFO  no build target found for C:\Users\ankit chouhan\OneDrive\Desktop\Scala\Single_L.scala. Using presentation compiler with project's scala-library version: 3.8.4
2026.07.30 12:27:56 INFO  no build target found for C:\Users\ankit chouhan\OneDrive\Desktop\Scala\Single_L.scala. Using presentation compiler with project's scala-library version: 3.8.4
2026.07.30 12:27:57 INFO  no build target found for C:\Users\ankit chouhan\OneDrive\Desktop\Scala\Single_L.scala. Using presentation compiler with project's scala-library version: 3.8.4
2026.07.30 12:27:57 INFO  no build target found for C:\Users\ankit chouhan\OneDrive\Desktop\Scala\Single_L.scala. Using presentation compiler with project's scala-library version: 3.8.4
2026.07.30 12:27:57 INFO  no build target found for C:\Users\ankit chouhan\OneDrive\Desktop\Scala\Single_L.scala. Using presentation compiler with project's scala-library version: 3.8.4
2026.07.30 12:27:57 INFO  no build target found for C:\Users\ankit chouhan\OneDrive\Desktop\Scala\Single_L.scala. Using presentation compiler with project's scala-library version: 3.8.4
2026.07.30 12:27:57 INFO  no build target found for C:\Users\ankit chouhan\OneDrive\Desktop\Scala\Single_L.scala. Using presentation compiler with project's scala-library version: 3.8.4
2026.07.30 12:27:57 INFO  no build target found for C:\Users\ankit chouhan\OneDrive\Desktop\Scala\Single_L.scala. Using presentation compiler with project's scala-library version: 3.8.4
2026.07.30 12:27:56 INFO  no build target found for C:\Users\ankit chouhan\OneDrive\Desktop\Scala\Single_L.scala. Using presentation compiler with project's scala-library version: 3.8.4
2026.07.30 12:27:57 INFO  no build target found for C:\Users\ankit chouhan\OneDrive\Desktop\Scala\Single_L.scala. Using presentation compiler with project's scala-library version: 3.8.4
2026.07.30 12:27:58 WARN  no build target for: C:\Users\ankit chouhan\OneDrive\Desktop\Scala\Single_L.scala
2026.07.30 12:27:58 INFO  no build target found for C:\Users\ankit chouhan\OneDrive\Desktop\Scala\Single_L.scala. Using presentation compiler with project's scala-library version: 3.8.4
2026.07.30 12:28:01 INFO  no build target found for C:\Users\ankit chouhan\OneDrive\Desktop\Scala\Single_L.scala. Using presentation compiler with project's scala-library version: 3.8.4
2026.07.30 12:28:42 INFO  no build target found for C:\Users\ankit chouhan\OneDrive\Desktop\Scala\Single_L.scala. Using presentation compiler with project's scala-library version: 3.8.4
2026.07.30 12:28:42 INFO  no build target found for C:\Users\ankit chouhan\OneDrive\Desktop\Scala\Single_L.scala. Using presentation compiler with project's scala-library version: 3.8.4
2026.07.30 12:28:43 INFO  no build target found for C:\Users\ankit chouhan\OneDrive\Desktop\Scala\Single_L.scala. Using presentation compiler with project's scala-library version: 3.8.4
2026.07.30 12:28:43 INFO  no build target found for C:\Users\ankit chouhan\OneDrive\Desktop\Scala\Single_L.scala. Using presentation compiler with project's scala-library version: 3.8.4
Jul 30, 2026 12:28:44 PM org.eclipse.lsp4j.jsonrpc.RemoteEndpoint handleCancellation
WARNING: Unmatched cancel notification for request id 2354
2026.07.30 12:28:43 INFO  no build target found for C:\Users\ankit chouhan\OneDrive\Desktop\Scala\Single_L.scala. Using presentation compiler with project's scala-library version: 3.8.4
2026.07.30 12:28:43 INFO  no build target found for C:\Users\ankit chouhan\OneDrive\Desktop\Scala\Single_L.scala. Using presentation compiler with project's scala-library version: 3.8.4
2026.07.30 12:28:45 INFO  no build target found for C:\Users\ankit chouhan\OneDrive\Desktop\Scala\Single_L.scala. Using presentation compiler with project's scala-library version: 3.8.4
2026.07.30 12:28:45 INFO  no build target found for C:\Users\ankit chouhan\OneDrive\Desktop\Scala\Single_L.scala. Using presentation compiler with project's scala-library version: 3.8.4
2026.07.30 12:28:45 INFO  no build target found for C:\Users\ankit chouhan\OneDrive\Desktop\Scala\Single_L.scala. Using presentation compiler with project's scala-library version: 3.8.4
2026.07.30 12:28:45 INFO  no build target found for C:\Users\ankit chouhan\OneDrive\Desktop\Scala\Single_L.scala. Using presentation compiler with project's scala-library version: 3.8.4
2026.07.30 12:28:46 WARN  no build target for: C:\Users\ankit chouhan\OneDrive\Desktop\Scala\Single_L.scala
2026.07.30 12:28:46 INFO  no build target found for C:\Users\ankit chouhan\OneDrive\Desktop\Scala\Single_L.scala. Using presentation compiler with project's scala-library version: 3.8.4
2026.07.30 12:28:50 INFO  no build target found for C:\Users\ankit chouhan\OneDrive\Desktop\Scala\Single_L.scala. Using presentation compiler with project's scala-library version: 3.8.4
2026.07.30 12:28:50 INFO  no build target found for C:\Users\ankit chouhan\OneDrive\Desktop\Scala\Single_L.scala. Using presentation compiler with project's scala-library version: 3.8.4
2026.07.30 12:29:01 INFO  no build target found for C:\Users\ankit chouhan\OneDrive\Desktop\Scala\Single_L.scala. Using presentation compiler with project's scala-library version: 3.8.4
2026.07.30 12:29:01 INFO  no build target found for C:\Users\ankit chouhan\OneDrive\Desktop\Scala\Single_L.scala. Using presentation compiler with project's scala-library version: 3.8.4
2026.07.30 12:29:03 INFO  no build target found for C:\Users\ankit chouhan\OneDrive\Desktop\Scala\Single_L.scala. Using presentation compiler with project's scala-library version: 3.8.4
2026.07.30 12:29:03 INFO  no build target found for C:\Users\ankit chouhan\OneDrive\Desktop\Scala\Single_L.scala. Using presentation compiler with project's scala-library version: 3.8.4
2026.07.30 12:29:03 INFO  no build target found for C:\Users\ankit chouhan\OneDrive\Desktop\Scala\Single_L.scala. Using presentation compiler with project's scala-library version: 3.8.4
2026.07.30 12:29:03 INFO  no build target found for C:\Users\ankit chouhan\OneDrive\Desktop\Scala\Single_L.scala. Using presentation compiler with project's scala-library version: 3.8.4
2026.07.30 12:29:05 INFO  no build target found for C:\Users\ankit chouhan\OneDrive\Desktop\Scala\Single_L.scala. Using presentation compiler with project's scala-library version: 3.8.4
2026.07.30 12:29:05 INFO  no build target found for C:\Users\ankit chouhan\OneDrive\Desktop\Scala\Single_L.scala. Using presentation compiler with project's scala-library version: 3.8.4
2026.07.30 12:29:05 INFO  no build target found for C:\Users\ankit chouhan\OneDrive\Desktop\Scala\Single_L.scala. Using presentation compiler with project's scala-library version: 3.8.4
2026.07.30 12:29:05 INFO  no build target found for C:\Users\ankit chouhan\OneDrive\Desktop\Scala\Single_L.scala. Using presentation compiler with project's scala-library version: 3.8.4
2026.07.30 12:29:05 INFO  no build target found for C:\Users\ankit chouhan\OneDrive\Desktop\Scala\Single_L.scala. Using presentation compiler with project's scala-library version: 3.8.4
2026.07.30 12:29:05 INFO  no build target found for C:\Users\ankit chouhan\OneDrive\Desktop\Scala\Single_L.scala. Using presentation compiler with project's scala-library version: 3.8.4
2026.07.30 12:29:05 INFO  no build target found for C:\Users\ankit chouhan\OneDrive\Desktop\Scala\Single_L.scala. Using presentation compiler with project's scala-library version: 3.8.4
2026.07.30 12:29:06 INFO  no build target found for C:\Users\ankit chouhan\OneDrive\Desktop\Scala\Single_L.scala. Using presentation compiler with project's scala-library version: 3.8.4
2026.07.30 12:29:06 INFO  no build target found for C:\Users\ankit chouhan\OneDrive\Desktop\Scala\Single_L.scala. Using presentation compiler with project's scala-library version: 3.8.4
2026.07.30 12:29:06 WARN  no build target for: C:\Users\ankit chouhan\OneDrive\Desktop\Scala\Single_L.scala
2026.07.30 12:29:06 INFO  no build target found for C:\Users\ankit chouhan\OneDrive\Desktop\Scala\Single_L.scala. Using presentation compiler with project's scala-library version: 3.8.4
2026.07.30 12:29:42 INFO  no build target found for C:\Users\ankit chouhan\OneDrive\Desktop\Scala\Blog_exp.scala. Using presentation compiler with project's scala-library version: 3.8.4
2026.07.30 12:29:42 INFO  no build target found for C:\Users\ankit chouhan\OneDrive\Desktop\Scala\Blog_exp.scala. Using presentation compiler with project's scala-library version: 3.8.4
2026.07.30 12:29:42 WARN  Could not find semantic tokens for: file:///C:/Users/ankit%20chouhan/OneDrive/Desktop/Scala/Blog_exp.scala
2026.07.30 12:29:47 INFO  no build target found for C:\Users\ankit chouhan\OneDrive\Desktop\Scala\Single_L.scala. Using presentation compiler with project's scala-library version: 3.8.4
2026.07.30 12:29:47 WARN  no build target for: C:\Users\ankit chouhan\OneDrive\Desktop\Scala\Single_L.scala
2026.07.30 12:29:47 INFO  no build target found for C:\Users\ankit chouhan\OneDrive\Desktop\Scala\Single_L.scala. Using presentation compiler with project's scala-library version: 3.8.4
2026.07.30 12:29:51 INFO  no build target found for C:\Users\ankit chouhan\OneDrive\Desktop\Scala\Sum.scala. Using presentation compiler with project's scala-library version: 3.8.4
2026.07.30 12:29:51 WARN  no build target for: C:\Users\ankit chouhan\OneDrive\Desktop\Scala\Sum.scala
2026.07.30 12:29:51 INFO  no build target found for C:\Users\ankit chouhan\OneDrive\Desktop\Scala\Sum.scala. Using presentation compiler with project's scala-library version: 3.8.4
2026.07.30 12:29:51 INFO  no build target found for C:\Users\ankit chouhan\OneDrive\Desktop\Scala\Sum.scala. Using presentation compiler with project's scala-library version: 3.8.4
2026.07.30 12:29:51 INFO  no build target found for C:\Users\ankit chouhan\OneDrive\Desktop\Scala\Sum.scala. Using presentation compiler with project's scala-library version: 3.8.4
2026.07.30 12:30:02 WARN  no build target for: C:\Users\ankit chouhan\OneDrive\Desktop\Scala\Blog_exp.scala
2026.07.30 12:30:02 INFO  no build target found for C:\Users\ankit chouhan\OneDrive\Desktop\Scala\Blog_exp.scala. Using presentation compiler with project's scala-library version: 3.8.4
2026.07.30 12:30:02 WARN  Could not find semantic tokens for: file:///C:/Users/ankit%20chouhan/OneDrive/Desktop/Scala/Blog_exp.scala
2026.07.30 12:30:05 INFO  no build target found for C:\Users\ankit chouhan\OneDrive\Desktop\Scala\Blog_exp.scala. Using presentation compiler with project's scala-library version: 3.8.4
2026.07.30 12:30:05 INFO  no build target found for C:\Users\ankit chouhan\OneDrive\Desktop\Scala\Blog_exp.scala. Using presentation compiler with project's scala-library version: 3.8.4
2026.07.30 12:30:05 INFO  no build target found for C:\Users\ankit chouhan\OneDrive\Desktop\Scala\Blog_exp.scala. Using presentation compiler with project's scala-library version: 3.8.4
2026.07.30 12:30:05 INFO  no build target found for C:\Users\ankit chouhan\OneDrive\Desktop\Scala\Blog_exp.scala. Using presentation compiler with project's scala-library version: 3.8.4
2026.07.30 12:30:05 WARN  Could not find semantic tokens for: file:///C:/Users/ankit%20chouhan/OneDrive/Desktop/Scala/Blog_exp.scala
2026.07.30 12:30:05 INFO  no build target found for C:\Users\ankit chouhan\OneDrive\Desktop\Scala\Blog_exp.scala. Using presentation compiler with project's scala-library version: 3.8.4
2026.07.30 12:30:05 INFO  no build target found for C:\Users\ankit chouhan\OneDrive\Desktop\Scala\Blog_exp.scala. Using presentation compiler with project's scala-library version: 3.8.4
2026.07.30 12:30:06 INFO  no build target found for C:\Users\ankit chouhan\OneDrive\Desktop\Scala\Blog_exp.scala. Using presentation compiler with project's scala-library version: 3.8.4
2026.07.30 12:30:05 INFO  no build target found for C:\Users\ankit chouhan\OneDrive\Desktop\Scala\Blog_exp.scala. Using presentation compiler with project's scala-library version: 3.8.4
2026.07.30 12:30:05 WARN  Could not find semantic tokens for: file:///C:/Users/ankit%20chouhan/OneDrive/Desktop/Scala/Blog_exp.scala
2026.07.30 12:30:05 INFO  no build target found for C:\Users\ankit chouhan\OneDrive\Desktop\Scala\Blog_exp.scala. Using presentation compiler with project's scala-library version: 3.8.4
2026.07.30 12:30:06 INFO  no build target found for C:\Users\ankit chouhan\OneDrive\Desktop\Scala\Blog_exp.scala. Using presentation compiler with project's scala-library version: 3.8.4
2026.07.30 12:30:06 INFO  no build target found for C:\Users\ankit chouhan\OneDrive\Desktop\Scala\Blog_exp.scala. Using presentation compiler with project's scala-library version: 3.8.4
2026.07.30 12:30:06 WARN  Could not find semantic tokens for: file:///C:/Users/ankit%20chouhan/OneDrive/Desktop/Scala/Blog_exp.scala
2026.07.30 12:30:06 INFO  no build target found for C:\Users\ankit chouhan\OneDrive\Desktop\Scala\Blog_exp.scala. Using presentation compiler with project's scala-library version: 3.8.4
2026.07.30 12:30:06 INFO  no build target found for C:\Users\ankit chouhan\OneDrive\Desktop\Scala\Blog_exp.scala. Using presentation compiler with project's scala-library version: 3.8.4
2026.07.30 12:30:07 INFO  no build target found for C:\Users\ankit chouhan\OneDrive\Desktop\Scala\Blog_exp.scala. Using presentation compiler with project's scala-library version: 3.8.4
2026.07.30 12:30:07 INFO  no build target found for C:\Users\ankit chouhan\OneDrive\Desktop\Scala\Blog_exp.scala. Using presentation compiler with project's scala-library version: 3.8.4
2026.07.30 12:30:07 WARN  Could not find semantic tokens for: file:///C:/Users/ankit%20chouhan/OneDrive/Desktop/Scala/Blog_exp.scala
2026.07.30 12:30:08 WARN  no build target for: C:\Users\ankit chouhan\OneDrive\Desktop\Scala\Blog_exp.scala
2026.07.30 12:30:07 INFO  no build target found for C:\Users\ankit chouhan\OneDrive\Desktop\Scala\Blog_exp.scala. Using presentation compiler with project's scala-library version: 3.8.4
2026.07.30 12:30:07 WARN  Could not find semantic tokens for: file:///C:/Users/ankit%20chouhan/OneDrive/Desktop/Scala/Blog_exp.scala
2026.07.30 12:30:09 INFO  no build target found for C:\Users\ankit chouhan\OneDrive\Desktop\Scala\Blog_exp.scala. Using presentation compiler with project's scala-library version: 3.8.4
2026.07.30 12:30:09 INFO  no build target found for C:\Users\ankit chouhan\OneDrive\Desktop\Scala\Blog_exp.scala. Using presentation compiler with project's scala-library version: 3.8.4
2026.07.30 12:30:09 INFO  no build target found for C:\Users\ankit chouhan\OneDrive\Desktop\Scala\Blog_exp.scala. Using presentation compiler with project's scala-library version: 3.8.4
2026.07.30 12:30:09 INFO  no build target found for C:\Users\ankit chouhan\OneDrive\Desktop\Scala\Blog_exp.scala. Using presentation compiler with project's scala-library version: 3.8.4
2026.07.30 12:30:09 INFO  no build target found for C:\Users\ankit chouhan\OneDrive\Desktop\Scala\Blog_exp.scala. Using presentation compiler with project's scala-library version: 3.8.4
2026.07.30 12:30:09 INFO  no build target found for C:\Users\ankit chouhan\OneDrive\Desktop\Scala\Blog_exp.scala. Using presentation compiler with project's scala-library version: 3.8.4
2026.07.30 12:30:09 INFO  no build target found for C:\Users\ankit chouhan\OneDrive\Desktop\Scala\Blog_exp.scala. Using presentation compiler with project's scala-library version: 3.8.4
2026.07.30 12:30:10 INFO  no build target found for C:\Users\ankit chouhan\OneDrive\Desktop\Scala\Blog_exp.scala. Using presentation compiler with project's scala-library version: 3.8.4
2026.07.30 12:30:09 INFO  no build target found for C:\Users\ankit chouhan\OneDrive\Desktop\Scala\Blog_exp.scala. Using presentation compiler with project's scala-library version: 3.8.4
2026.07.30 12:30:09 INFO  no build target found for C:\Users\ankit chouhan\OneDrive\Desktop\Scala\Blog_exp.scala. Using presentation compiler with project's scala-library version: 3.8.4
2026.07.30 12:30:10 INFO  no build target found for C:\Users\ankit chouhan\OneDrive\Desktop\Scala\Blog_exp.scala. Using presentation compiler with project's scala-library version: 3.8.4
2026.07.30 12:30:09 INFO  no build target found for C:\Users\ankit chouhan\OneDrive\Desktop\Scala\Blog_exp.scala. Using presentation compiler with project's scala-library version: 3.8.4
2026.07.30 12:30:10 INFO  no build target found for C:\Users\ankit chouhan\OneDrive\Desktop\Scala\Blog_exp.scala. Using presentation compiler with project's scala-library version: 3.8.4
2026.07.30 12:30:10 INFO  no build target found for C:\Users\ankit chouhan\OneDrive\Desktop\Scala\Blog_exp.scala. Using presentation compiler with project's scala-library version: 3.8.4
2026.07.30 12:30:10 INFO  no build target found for C:\Users\ankit chouhan\OneDrive\Desktop\Scala\Blog_exp.scala. Using presentation compiler with project's scala-library version: 3.8.4
2026.07.30 12:30:10 INFO  no build target found for C:\Users\ankit chouhan\OneDrive\Desktop\Scala\Blog_exp.scala. Using presentation compiler with project's scala-library version: 3.8.4
2026.07.30 12:30:11 INFO  no build target found for C:\Users\ankit chouhan\OneDrive\Desktop\Scala\Blog_exp.scala. Using presentation compiler with project's scala-library version: 3.8.4
2026.07.30 12:30:10 INFO  no build target found for C:\Users\ankit chouhan\OneDrive\Desktop\Scala\Blog_exp.scala. Using presentation compiler with project's scala-library version: 3.8.4
2026.07.30 12:30:11 INFO  no build target found for C:\Users\ankit chouhan\OneDrive\Desktop\Scala\Blog_exp.scala. Using presentation compiler with project's scala-library version: 3.8.4
2026.07.30 12:30:10 INFO  no build target found for C:\Users\ankit chouhan\OneDrive\Desktop\Scala\Blog_exp.scala. Using presentation compiler with project's scala-library version: 3.8.4
2026.07.30 12:30:10 INFO  no build target found for C:\Users\ankit chouhan\OneDrive\Desktop\Scala\Blog_exp.scala. Using presentation compiler with project's scala-library version: 3.8.4
2026.07.30 12:30:11 INFO  no build target found for C:\Users\ankit chouhan\OneDrive\Desktop\Scala\Blog_exp.scala. Using presentation compiler with project's scala-library version: 3.8.4
2026.07.30 12:30:11 INFO  no build target found for C:\Users\ankit chouhan\OneDrive\Desktop\Scala\Blog_exp.scala. Using presentation compiler with project's scala-library version: 3.8.4
2026.07.30 12:30:11 INFO  no build target found for C:\Users\ankit chouhan\OneDrive\Desktop\Scala\Blog_exp.scala. Using presentation compiler with project's scala-library version: 3.8.4
2026.07.30 12:30:11 INFO  no build target found for C:\Users\ankit chouhan\OneDrive\Desktop\Scala\Blog_exp.scala. Using presentation compiler with project's scala-library version: 3.8.4
2026.07.30 12:30:11 INFO  no build target found for C:\Users\ankit chouhan\OneDrive\Desktop\Scala\Blog_exp.scala. Using presentation compiler with project's scala-library version: 3.8.4
2026.07.30 12:30:11 INFO  no build target found for C:\Users\ankit chouhan\OneDrive\Desktop\Scala\Blog_exp.scala. Using presentation compiler with project's scala-library version: 3.8.4
2026.07.30 12:30:11 INFO  no build target found for C:\Users\ankit chouhan\OneDrive\Desktop\Scala\Blog_exp.scala. Using presentation compiler with project's scala-library version: 3.8.4
2026.07.30 12:30:11 INFO  no build target found for C:\Users\ankit chouhan\OneDrive\Desktop\Scala\Blog_exp.scala. Using presentation compiler with project's scala-library version: 3.8.4
2026.07.30 12:30:12 INFO  no build target found for C:\Users\ankit chouhan\OneDrive\Desktop\Scala\Blog_exp.scala. Using presentation compiler with project's scala-library version: 3.8.4
2026.07.30 12:30:12 INFO  no build target found for C:\Users\ankit chouhan\OneDrive\Desktop\Scala\Blog_exp.scala. Using presentation compiler with project's scala-library version: 3.8.4
2026.07.30 12:30:11 INFO  no build target found for C:\Users\ankit chouhan\OneDrive\Desktop\Scala\Blog_exp.scala. Using presentation compiler with project's scala-library version: 3.8.4
2026.07.30 12:30:12 INFO  no build target found for C:\Users\ankit chouhan\OneDrive\Desktop\Scala\Blog_exp.scala. Using presentation compiler with project's scala-library version: 3.8.4
2026.07.30 12:30:12 INFO  no build target found for C:\Users\ankit chouhan\OneDrive\Desktop\Scala\Blog_exp.scala. Using presentation compiler with project's scala-library version: 3.8.4
2026.07.30 12:30:12 WARN  no build target for: C:\Users\ankit chouhan\OneDrive\Desktop\Scala\Blog_exp.scala
2026.07.30 12:30:12 INFO  no build target found for C:\Users\ankit chouhan\OneDrive\Desktop\Scala\Blog_exp.scala. Using presentation compiler with project's scala-library version: 3.8.4
2026.07.30 12:30:15 INFO  no build target found for C:\Users\ankit chouhan\OneDrive\Desktop\Scala\Single_L.scala. Using presentation compiler with project's scala-library version: 3.8.4
2026.07.30 12:30:15 WARN  no build target for: C:\Users\ankit chouhan\OneDrive\Desktop\Scala\Single_L.scala
2026.07.30 12:30:15 INFO  no build target found for C:\Users\ankit chouhan\OneDrive\Desktop\Scala\Single_L.scala. Using presentation compiler with project's scala-library version: 3.8.4
2026.07.30 12:30:17 INFO  no build target found for C:\Users\ankit chouhan\OneDrive\Desktop\Scala\Blog_exp.scala. Using presentation compiler with project's scala-library version: 3.8.4
2026.07.30 12:30:17 WARN  no build target for: C:\Users\ankit chouhan\OneDrive\Desktop\Scala\Blog_exp.scala
2026.07.30 12:30:17 INFO  no build target found for C:\Users\ankit chouhan\OneDrive\Desktop\Scala\Blog_exp.scala. Using presentation compiler with project's scala-library version: 3.8.4
2026.07.30 12:30:19 INFO  no build target found for C:\Users\ankit chouhan\OneDrive\Desktop\Scala\Blog_exp.scala. Using presentation compiler with project's scala-library version: 3.8.4
2026.07.30 12:30:19 INFO  no build target found for C:\Users\ankit chouhan\OneDrive\Desktop\Scala\Blog_exp.scala. Using presentation compiler with project's scala-library version: 3.8.4
2026.07.30 12:30:19 INFO  no build target found for C:\Users\ankit chouhan\OneDrive\Desktop\Scala\Blog_exp.scala. Using presentation compiler with project's scala-library version: 3.8.4
2026.07.30 12:30:19 INFO  no build target found for C:\Users\ankit chouhan\OneDrive\Desktop\Scala\Blog_exp.scala. Using presentation compiler with project's scala-library version: 3.8.4
2026.07.30 12:30:19 INFO  no build target found for C:\Users\ankit chouhan\OneDrive\Desktop\Scala\Blog_exp.scala. Using presentation compiler with project's scala-library version: 3.8.4
2026.07.30 12:30:19 INFO  no build target found for C:\Users\ankit chouhan\OneDrive\Desktop\Scala\Blog_exp.scala. Using presentation compiler with project's scala-library version: 3.8.4
2026.07.30 12:30:19 INFO  no build target found for C:\Users\ankit chouhan\OneDrive\Desktop\Scala\Blog_exp.scala. Using presentation compiler with project's scala-library version: 3.8.4
2026.07.30 12:30:20 WARN  no build target for: C:\Users\ankit chouhan\OneDrive\Desktop\Scala\Blog_exp.scala
2026.07.30 12:30:20 INFO  no build target found for C:\Users\ankit chouhan\OneDrive\Desktop\Scala\Blog_exp.scala. Using presentation compiler with project's scala-library version: 3.8.4
2026.07.30 12:30:22 INFO  no build target found for C:\Users\ankit chouhan\OneDrive\Desktop\Scala\Single_L.scala. Using presentation compiler with project's scala-library version: 3.8.4
2026.07.30 12:30:22 WARN  no build target for: C:\Users\ankit chouhan\OneDrive\Desktop\Scala\Single_L.scala
2026.07.30 12:30:22 INFO  no build target found for C:\Users\ankit chouhan\OneDrive\Desktop\Scala\Single_L.scala. Using presentation compiler with project's scala-library version: 3.8.4
2026.07.30 12:30:26 INFO  no build target found for C:\Users\ankit chouhan\OneDrive\Desktop\Scala\Blog_exp.scala. Using presentation compiler with project's scala-library version: 3.8.4
2026.07.30 12:30:26 WARN  no build target for: C:\Users\ankit chouhan\OneDrive\Desktop\Scala\Blog_exp.scala
2026.07.30 12:30:26 INFO  no build target found for C:\Users\ankit chouhan\OneDrive\Desktop\Scala\Blog_exp.scala. Using presentation compiler with project's scala-library version: 3.8.4
2026.07.30 12:30:27 INFO  no build target found for C:\Users\ankit chouhan\OneDrive\Desktop\Scala\Blog_exp.scala. Using presentation compiler with project's scala-library version: 3.8.4
2026.07.30 12:30:27 INFO  no build target found for C:\Users\ankit chouhan\OneDrive\Desktop\Scala\Blog_exp.scala. Using presentation compiler with project's scala-library version: 3.8.4
2026.07.30 12:30:27 INFO  no build target found for C:\Users\ankit chouhan\OneDrive\Desktop\Scala\Blog_exp.scala. Using presentation compiler with project's scala-library version: 3.8.4
2026.07.30 12:30:27 INFO  no build target found for C:\Users\ankit chouhan\OneDrive\Desktop\Scala\Blog_exp.scala. Using presentation compiler with project's scala-library version: 3.8.4
2026.07.30 12:30:28 INFO  no build target found for C:\Users\ankit chouhan\OneDrive\Desktop\Scala\Blog_exp.scala. Using presentation compiler with project's scala-library version: 3.8.4
2026.07.30 12:30:28 INFO  no build target found for C:\Users\ankit chouhan\OneDrive\Desktop\Scala\Blog_exp.scala. Using presentation compiler with project's scala-library version: 3.8.4
2026.07.30 12:30:29 INFO  no build target found for C:\Users\ankit chouhan\OneDrive\Desktop\Scala\Blog_exp.scala. Using presentation compiler with project's scala-library version: 3.8.4
2026.07.30 12:30:28 INFO  no build target found for C:\Users\ankit chouhan\OneDrive\Desktop\Scala\Blog_exp.scala. Using presentation compiler with project's scala-library version: 3.8.4
2026.07.30 12:30:28 INFO  no build target found for C:\Users\ankit chouhan\OneDrive\Desktop\Scala\Blog_exp.scala. Using presentation compiler with project's scala-library version: 3.8.4
2026.07.30 12:30:29 INFO  no build target found for C:\Users\ankit chouhan\OneDrive\Desktop\Scala\Blog_exp.scala. Using presentation compiler with project's scala-library version: 3.8.4
2026.07.30 12:30:28 INFO  no build target found for C:\Users\ankit chouhan\OneDrive\Desktop\Scala\Blog_exp.scala. Using presentation compiler with project's scala-library version: 3.8.4
2026.07.30 12:30:28 INFO  no build target found for C:\Users\ankit chouhan\OneDrive\Desktop\Scala\Blog_exp.scala. Using presentation compiler with project's scala-library version: 3.8.4
2026.07.30 12:30:29 INFO  no build target found for C:\Users\ankit chouhan\OneDrive\Desktop\Scala\Blog_exp.scala. Using presentation compiler with project's scala-library version: 3.8.4
2026.07.30 12:30:29 INFO  no build target found for C:\Users\ankit chouhan\OneDrive\Desktop\Scala\Blog_exp.scala. Using presentation compiler with project's scala-library version: 3.8.4
2026.07.30 12:30:29 INFO  no build target found for C:\Users\ankit chouhan\OneDrive\Desktop\Scala\Blog_exp.scala. Using presentation compiler with project's scala-library version: 3.8.4
2026.07.30 12:30:29 INFO  no build target found for C:\Users\ankit chouhan\OneDrive\Desktop\Scala\Blog_exp.scala. Using presentation compiler with project's scala-library version: 3.8.4
2026.07.30 12:30:29 INFO  no build target found for C:\Users\ankit chouhan\OneDrive\Desktop\Scala\Blog_exp.scala. Using presentation compiler with project's scala-library version: 3.8.4
2026.07.30 12:30:30 INFO  no build target found for C:\Users\ankit chouhan\OneDrive\Desktop\Scala\Blog_exp.scala. Using presentation compiler with project's scala-library version: 3.8.4
2026.07.30 12:30:29 INFO  no build target found for C:\Users\ankit chouhan\OneDrive\Desktop\Scala\Blog_exp.scala. Using presentation compiler with project's scala-library version: 3.8.4
2026.07.30 12:30:29 INFO  no build target found for C:\Users\ankit chouhan\OneDrive\Desktop\Scala\Blog_exp.scala. Using presentation compiler with project's scala-library version: 3.8.4
2026.07.30 12:30:29 INFO  no build target found for C:\Users\ankit chouhan\OneDrive\Desktop\Scala\Blog_exp.scala. Using presentation compiler with project's scala-library version: 3.8.4
2026.07.30 12:30:29 INFO  no build target found for C:\Users\ankit chouhan\OneDrive\Desktop\Scala\Blog_exp.scala. Using presentation compiler with project's scala-library version: 3.8.4
2026.07.30 12:30:30 INFO  no build target found for C:\Users\ankit chouhan\OneDrive\Desktop\Scala\Blog_exp.scala. Using presentation compiler with project's scala-library version: 3.8.4
2026.07.30 12:30:30 INFO  no build target found for C:\Users\ankit chouhan\OneDrive\Desktop\Scala\Blog_exp.scala. Using presentation compiler with project's scala-library version: 3.8.4
2026.07.30 12:30:31 INFO  no build target found for C:\Users\ankit chouhan\OneDrive\Desktop\Scala\Blog_exp.scala. Using presentation compiler with project's scala-library version: 3.8.4
2026.07.30 12:30:31 INFO  no build target found for C:\Users\ankit chouhan\OneDrive\Desktop\Scala\Blog_exp.scala. Using presentation compiler with project's scala-library version: 3.8.4
2026.07.30 12:30:31 INFO  no build target found for C:\Users\ankit chouhan\OneDrive\Desktop\Scala\Blog_exp.scala. Using presentation compiler with project's scala-library version: 3.8.4
2026.07.30 12:30:31 INFO  no build target found for C:\Users\ankit chouhan\OneDrive\Desktop\Scala\Blog_exp.scala. Using presentation compiler with project's scala-library version: 3.8.4
2026.07.30 12:30:31 INFO  no build target found for C:\Users\ankit chouhan\OneDrive\Desktop\Scala\Blog_exp.scala. Using presentation compiler with project's scala-library version: 3.8.4
2026.07.30 12:30:31 INFO  no build target found for C:\Users\ankit chouhan\OneDrive\Desktop\Scala\Blog_exp.scala. Using presentation compiler with project's scala-library version: 3.8.4
2026.07.30 12:30:31 INFO  no build target found for C:\Users\ankit chouhan\OneDrive\Desktop\Scala\Blog_exp.scala. Using presentation compiler with project's scala-library version: 3.8.4
2026.07.30 12:30:31 INFO  no build target found for C:\Users\ankit chouhan\OneDrive\Desktop\Scala\Blog_exp.scala. Using presentation compiler with project's scala-library version: 3.8.4
2026.07.30 12:30:31 INFO  no build target found for C:\Users\ankit chouhan\OneDrive\Desktop\Scala\Blog_exp.scala. Using presentation compiler with project's scala-library version: 3.8.4
2026.07.30 12:30:32 WARN  no build target for: C:\Users\ankit chouhan\OneDrive\Desktop\Scala\Blog_exp.scala
2026.07.30 12:30:31 INFO  no build target found for C:\Users\ankit chouhan\OneDrive\Desktop\Scala\Blog_exp.scala. Using presentation compiler with project's scala-library version: 3.8.4
2026.07.30 12:30:32 INFO  no build target found for C:\Users\ankit chouhan\OneDrive\Desktop\Scala\Blog_exp.scala. Using presentation compiler with project's scala-library version: 3.8.4
2026.07.30 12:30:32 INFO  no build target found for C:\Users\ankit chouhan\OneDrive\Desktop\Scala\Blog_exp.scala. Using presentation compiler with project's scala-library version: 3.8.4
2026.07.30 12:30:33 INFO  no build target found for C:\Users\ankit chouhan\OneDrive\Desktop\Scala\Blog_exp.scala. Using presentation compiler with project's scala-library version: 3.8.4
2026.07.30 12:30:33 INFO  no build target found for C:\Users\ankit chouhan\OneDrive\Desktop\Scala\Blog_exp.scala. Using presentation compiler with project's scala-library version: 3.8.4
2026.07.30 12:30:33 INFO  no build target found for C:\Users\ankit chouhan\OneDrive\Desktop\Scala\Blog_exp.scala. Using presentation compiler with project's scala-library version: 3.8.4
2026.07.30 12:30:33 INFO  no build target found for C:\Users\ankit chouhan\OneDrive\Desktop\Scala\Blog_exp.scala. Using presentation compiler with project's scala-library version: 3.8.4
2026.07.30 12:30:33 INFO  no build target found for C:\Users\ankit chouhan\OneDrive\Desktop\Scala\Blog_exp.scala. Using presentation compiler with project's scala-library version: 3.8.4
2026.07.30 12:30:34 INFO  no build target found for C:\Users\ankit chouhan\OneDrive\Desktop\Scala\Blog_exp.scala. Using presentation compiler with project's scala-library version: 3.8.4
2026.07.30 12:30:33 INFO  no build target found for C:\Users\ankit chouhan\OneDrive\Desktop\Scala\Blog_exp.scala. Using presentation compiler with project's scala-library version: 3.8.4
2026.07.30 12:30:34 INFO  no build target found for C:\Users\ankit chouhan\OneDrive\Desktop\Scala\Blog_exp.scala. Using presentation compiler with project's scala-library version: 3.8.4
2026.07.30 12:30:34 INFO  no build target found for C:\Users\ankit chouhan\OneDrive\Desktop\Scala\Blog_exp.scala. Using presentation compiler with project's scala-library version: 3.8.4
2026.07.30 12:30:33 INFO  no build target found for C:\Users\ankit chouhan\OneDrive\Desktop\Scala\Blog_exp.scala. Using presentation compiler with project's scala-library version: 3.8.4
2026.07.30 12:30:35 INFO  no build target found for C:\Users\ankit chouhan\OneDrive\Desktop\Scala\Blog_exp.scala. Using presentation compiler with project's scala-library version: 3.8.4
2026.07.30 12:30:35 INFO  no build target found for C:\Users\ankit chouhan\OneDrive\Desktop\Scala\Blog_exp.scala. Using presentation compiler with project's scala-library version: 3.8.4
2026.07.30 12:30:35 INFO  no build target found for C:\Users\ankit chouhan\OneDrive\Desktop\Scala\Blog_exp.scala. Using presentation compiler with project's scala-library version: 3.8.4
2026.07.30 12:30:35 INFO  no build target found for C:\Users\ankit chouhan\OneDrive\Desktop\Scala\Blog_exp.scala. Using presentation compiler with project's scala-library version: 3.8.4
2026.07.30 12:30:35 INFO  no build target found for C:\Users\ankit chouhan\OneDrive\Desktop\Scala\Blog_exp.scala. Using presentation compiler with project's scala-library version: 3.8.4
2026.07.30 12:30:35 INFO  no build target found for C:\Users\ankit chouhan\OneDrive\Desktop\Scala\Blog_exp.scala. Using presentation compiler with project's scala-library version: 3.8.4
2026.07.30 12:30:35 INFO  no build target found for C:\Users\ankit chouhan\OneDrive\Desktop\Scala\Blog_exp.scala. Using presentation compiler with project's scala-library version: 3.8.4
2026.07.30 12:30:35 INFO  no build target found for C:\Users\ankit chouhan\OneDrive\Desktop\Scala\Blog_exp.scala. Using presentation compiler with project's scala-library version: 3.8.4
2026.07.30 12:30:35 INFO  no build target found for C:\Users\ankit chouhan\OneDrive\Desktop\Scala\Blog_exp.scala. Using presentation compiler with project's scala-library version: 3.8.4
2026.07.30 12:30:36 INFO  no build target found for C:\Users\ankit chouhan\OneDrive\Desktop\Scala\Blog_exp.scala. Using presentation compiler with project's scala-library version: 3.8.4
2026.07.30 12:30:36 INFO  no build target found for C:\Users\ankit chouhan\OneDrive\Desktop\Scala\Blog_exp.scala. Using presentation compiler with project's scala-library version: 3.8.4
2026.07.30 12:30:35 INFO  no build target found for C:\Users\ankit chouhan\OneDrive\Desktop\Scala\Blog_exp.scala. Using presentation compiler with project's scala-library version: 3.8.4
2026.07.30 12:30:35 INFO  no build target found for C:\Users\ankit chouhan\OneDrive\Desktop\Scala\Blog_exp.scala. Using presentation compiler with project's scala-library version: 3.8.4
2026.07.30 12:30:36 INFO  no build target found for C:\Users\ankit chouhan\OneDrive\Desktop\Scala\Blog_exp.scala. Using presentation compiler with project's scala-library version: 3.8.4
2026.07.30 12:30:36 INFO  no build target found for C:\Users\ankit chouhan\OneDrive\Desktop\Scala\Blog_exp.scala. Using presentation compiler with project's scala-library version: 3.8.4
2026.07.30 12:30:37 INFO  no build target found for C:\Users\ankit chouhan\OneDrive\Desktop\Scala\Blog_exp.scala. Using presentation compiler with project's scala-library version: 3.8.4
2026.07.30 12:30:37 INFO  no build target found for C:\Users\ankit chouhan\OneDrive\Desktop\Scala\Blog_exp.scala. Using presentation compiler with project's scala-library version: 3.8.4
2026.07.30 12:30:37 INFO  no build target found for C:\Users\ankit chouhan\OneDrive\Desktop\Scala\Blog_exp.scala. Using presentation compiler with project's scala-library version: 3.8.4
2026.07.30 12:30:37 INFO  no build target found for C:\Users\ankit chouhan\OneDrive\Desktop\Scala\Blog_exp.scala. Using presentation compiler with project's scala-library version: 3.8.4
2026.07.30 12:30:37 INFO  no build target found for C:\Users\ankit chouhan\OneDrive\Desktop\Scala\Blog_exp.scala. Using presentation compiler with project's scala-library version: 3.8.4
2026.07.30 12:30:37 INFO  no build target found for C:\Users\ankit chouhan\OneDrive\Desktop\Scala\Blog_exp.scala. Using presentation compiler with project's scala-library version: 3.8.4
2026.07.30 12:30:37 INFO  no build target found for C:\Users\ankit chouhan\OneDrive\Desktop\Scala\Blog_exp.scala. Using presentation compiler with project's scala-library version: 3.8.4
2026.07.30 12:30:37 INFO  no build target found for C:\Users\ankit chouhan\OneDrive\Desktop\Scala\Blog_exp.scala. Using presentation compiler with project's scala-library version: 3.8.4
2026.07.30 12:30:38 INFO  no build target found for C:\Users\ankit chouhan\OneDrive\Desktop\Scala\Blog_exp.scala. Using presentation compiler with project's scala-library version: 3.8.4
2026.07.30 12:30:37 INFO  no build target found for C:\Users\ankit chouhan\OneDrive\Desktop\Scala\Blog_exp.scala. Using presentation compiler with project's scala-library version: 3.8.4
2026.07.30 12:30:38 INFO  no build target found for C:\Users\ankit chouhan\OneDrive\Desktop\Scala\Blog_exp.scala. Using presentation compiler with project's scala-library version: 3.8.4
2026.07.30 12:30:38 INFO  no build target found for C:\Users\ankit chouhan\OneDrive\Desktop\Scala\Blog_exp.scala. Using presentation compiler with project's scala-library version: 3.8.4
2026.07.30 12:30:38 WARN  no build target for: C:\Users\ankit chouhan\OneDrive\Desktop\Scala\Blog_exp.scala
2026.07.30 12:30:39 INFO  no build target found for C:\Users\ankit chouhan\OneDrive\Desktop\Scala\Blog_exp.scala. Using presentation compiler with project's scala-library version: 3.8.4
2026.07.30 12:30:40 INFO  no build target found for C:\Users\ankit chouhan\OneDrive\Desktop\Scala\Blog_exp.scala. Using presentation compiler with project's scala-library version: 3.8.4
2026.07.30 12:30:40 INFO  no build target found for C:\Users\ankit chouhan\OneDrive\Desktop\Scala\Blog_exp.scala. Using presentation compiler with project's scala-library version: 3.8.4
2026.07.30 12:30:40 INFO  no build target found for C:\Users\ankit chouhan\OneDrive\Desktop\Scala\Blog_exp.scala. Using presentation compiler with project's scala-library version: 3.8.4
2026.07.30 12:30:40 INFO  no build target found for C:\Users\ankit chouhan\OneDrive\Desktop\Scala\Blog_exp.scala. Using presentation compiler with project's scala-library version: 3.8.4
2026.07.30 12:30:40 INFO  no build target found for C:\Users\ankit chouhan\OneDrive\Desktop\Scala\Blog_exp.scala. Using presentation compiler with project's scala-library version: 3.8.4
2026.07.30 12:30:40 WARN  no build target for: C:\Users\ankit chouhan\OneDrive\Desktop\Scala\Blog_exp.scala
2026.07.30 12:30:40 INFO  no build target found for C:\Users\ankit chouhan\OneDrive\Desktop\Scala\Blog_exp.scala. Using presentation compiler with project's scala-library version: 3.8.4
2026.07.30 12:30:41 INFO  no build target found for C:\Users\ankit chouhan\OneDrive\Desktop\Scala\Blog_exp.scala. Using presentation compiler with project's scala-library version: 3.8.4
2026.07.30 12:30:41 INFO  no build target found for C:\Users\ankit chouhan\OneDrive\Desktop\Scala\Single_L.scala. Using presentation compiler with project's scala-library version: 3.8.4
2026.07.30 12:30:41 WARN  no build target for: C:\Users\ankit chouhan\OneDrive\Desktop\Scala\Single_L.scala
2026.07.30 12:30:41 INFO  no build target found for C:\Users\ankit chouhan\OneDrive\Desktop\Scala\Single_L.scala. Using presentation compiler with project's scala-library version: 3.8.4
2026.07.30 12:30:43 INFO  no build target found for C:\Users\ankit chouhan\OneDrive\Desktop\Scala\Blog_exp.scala. Using presentation compiler with project's scala-library version: 3.8.4
2026.07.30 12:30:43 WARN  no build target for: C:\Users\ankit chouhan\OneDrive\Desktop\Scala\Blog_exp.scala
2026.07.30 12:30:43 INFO  no build target found for C:\Users\ankit chouhan\OneDrive\Desktop\Scala\Blog_exp.scala. Using presentation compiler with project's scala-library version: 3.8.4
2026.07.30 12:30:43 INFO  no build target found for C:\Users\ankit chouhan\OneDrive\Desktop\Scala\Blog_exp.scala. Using presentation compiler with project's scala-library version: 3.8.4
2026.07.30 12:30:43 INFO  no build target found for C:\Users\ankit chouhan\OneDrive\Desktop\Scala\Blog_exp.scala. Using presentation compiler with project's scala-library version: 3.8.4
2026.07.30 12:30:46 INFO  no build target found for C:\Users\ankit chouhan\OneDrive\Desktop\Scala\Blog_exp.scala. Using presentation compiler with project's scala-library version: 3.8.4
2026.07.30 12:30:47 INFO  no build target found for C:\Users\ankit chouhan\OneDrive\Desktop\Scala\Blog_exp.scala. Using presentation compiler with project's scala-library version: 3.8.4
2026.07.30 12:30:47 INFO  no build target found for C:\Users\ankit chouhan\OneDrive\Desktop\Scala\Blog_exp.scala. Using presentation compiler with project's scala-library version: 3.8.4
2026.07.30 12:30:47 INFO  no build target found for C:\Users\ankit chouhan\OneDrive\Desktop\Scala\Blog_exp.scala. Using presentation compiler with project's scala-library version: 3.8.4
2026.07.30 12:30:47 INFO  no build target found for C:\Users\ankit chouhan\OneDrive\Desktop\Scala\Blog_exp.scala. Using presentation compiler with project's scala-library version: 3.8.4
2026.07.30 12:30:47 INFO  no build target found for C:\Users\ankit chouhan\OneDrive\Desktop\Scala\Blog_exp.scala. Using presentation compiler with project's scala-library version: 3.8.4
2026.07.30 12:30:47 INFO  no build target found for C:\Users\ankit chouhan\OneDrive\Desktop\Scala\Blog_exp.scala. Using presentation compiler with project's scala-library version: 3.8.4
2026.07.30 12:30:47 INFO  no build target found for C:\Users\ankit chouhan\OneDrive\Desktop\Scala\Blog_exp.scala. Using presentation compiler with project's scala-library version: 3.8.4
2026.07.30 12:30:48 INFO  no build target found for C:\Users\ankit chouhan\OneDrive\Desktop\Scala\Blog_exp.scala. Using presentation compiler with project's scala-library version: 3.8.4
2026.07.30 12:30:48 INFO  no build target found for C:\Users\ankit chouhan\OneDrive\Desktop\Scala\Blog_exp.scala. Using presentation compiler with project's scala-library version: 3.8.4
2026.07.30 12:30:49 WARN  no build target for: C:\Users\ankit chouhan\OneDrive\Desktop\Scala\Blog_exp.scala
2026.07.30 12:30:49 INFO  no build target found for C:\Users\ankit chouhan\OneDrive\Desktop\Scala\Blog_exp.scala. Using presentation compiler with project's scala-library version: 3.8.4
2026.07.30 12:30:49 INFO  no build target found for C:\Users\ankit chouhan\OneDrive\Desktop\Scala\Blog_exp.scala. Using presentation compiler with project's scala-library version: 3.8.4
2026.07.30 12:30:49 INFO  no build target found for C:\Users\ankit chouhan\OneDrive\Desktop\Scala\Blog_exp.scala. Using presentation compiler with project's scala-library version: 3.8.4
2026.07.30 12:30:49 INFO  no build target found for C:\Users\ankit chouhan\OneDrive\Desktop\Scala\Blog_exp.scala. Using presentation compiler with project's scala-library version: 3.8.4
2026.07.30 12:30:49 INFO  no build target found for C:\Users\ankit chouhan\OneDrive\Desktop\Scala\Blog_exp.scala. Using presentation compiler with project's scala-library version: 3.8.4
2026.07.30 12:30:49 INFO  no build target found for C:\Users\ankit chouhan\OneDrive\Desktop\Scala\Blog_exp.scala. Using presentation compiler with project's scala-library version: 3.8.4
2026.07.30 12:30:50 WARN  no build target for: C:\Users\ankit chouhan\OneDrive\Desktop\Scala\Blog_exp.scala
2026.07.30 12:30:50 INFO  no build target found for C:\Users\ankit chouhan\OneDrive\Desktop\Scala\Blog_exp.scala. Using presentation compiler with project's scala-library version: 3.8.4
2026.07.30 12:30:50 INFO  no build target found for C:\Users\ankit chouhan\OneDrive\Desktop\Scala\Blog_exp.scala. Using presentation compiler with project's scala-library version: 3.8.4
2026.07.30 12:30:52 INFO  no build target found for C:\Users\ankit chouhan\OneDrive\Desktop\Scala\Single_L.scala. Using presentation compiler with project's scala-library version: 3.8.4
2026.07.30 12:30:52 WARN  no build target for: C:\Users\ankit chouhan\OneDrive\Desktop\Scala\Single_L.scala
2026.07.30 12:30:52 INFO  no build target found for C:\Users\ankit chouhan\OneDrive\Desktop\Scala\Single_L.scala. Using presentation compiler with project's scala-library version: 3.8.4
2026.07.30 12:31:00 INFO  no build target found for C:\Users\ankit chouhan\OneDrive\Desktop\Scala\Blog_exp.scala. Using presentation compiler with project's scala-library version: 3.8.4
2026.07.30 12:31:00 INFO  no build target found for C:\Users\ankit chouhan\OneDrive\Desktop\Scala\Blog_exp.scala. Using presentation compiler with project's scala-library version: 3.8.4
2026.07.30 12:31:00 WARN  no build target for: C:\Users\ankit chouhan\OneDrive\Desktop\Scala\Blog_exp.scala
2026.07.30 12:31:00 INFO  no build target found for C:\Users\ankit chouhan\OneDrive\Desktop\Scala\Blog_exp.scala. Using presentation compiler with project's scala-library version: 3.8.4
2026.07.30 12:31:00 INFO  no build target found for C:\Users\ankit chouhan\OneDrive\Desktop\Scala\Blog_exp.scala. Using presentation compiler with project's scala-library version: 3.8.4
2026.07.30 12:31:00 INFO  no build target found for C:\Users\ankit chouhan\OneDrive\Desktop\Scala\Blog_exp.scala. Using presentation compiler with project's scala-library version: 3.8.4
2026.07.30 12:31:04 INFO  no build target found for C:\Users\ankit chouhan\OneDrive\Desktop\Scala\Blog_exp.scala. Using presentation compiler with project's scala-library version: 3.8.4
2026.07.30 12:31:04 INFO  no build target found for C:\Users\ankit chouhan\OneDrive\Desktop\Scala\Blog_exp.scala. Using presentation compiler with project's scala-library version: 3.8.4
2026.07.30 12:31:05 INFO  no build target found for C:\Users\ankit chouhan\OneDrive\Desktop\Scala\Blog_exp.scala. Using presentation compiler with project's scala-library version: 3.8.4
2026.07.30 12:31:05 INFO  no build target found for C:\Users\ankit chouhan\OneDrive\Desktop\Scala\Blog_exp.scala. Using presentation compiler with project's scala-library version: 3.8.4
2026.07.30 12:31:04 INFO  no build target found for C:\Users\ankit chouhan\OneDrive\Desktop\Scala\Blog_exp.scala. Using presentation compiler with project's scala-library version: 3.8.4
2026.07.30 12:31:04 INFO  no build target found for C:\Users\ankit chouhan\OneDrive\Desktop\Scala\Blog_exp.scala. Using presentation compiler with project's scala-library version: 3.8.4
2026.07.30 12:31:05 INFO  no build target found for C:\Users\ankit chouhan\OneDrive\Desktop\Scala\Blog_exp.scala. Using presentation compiler with project's scala-library version: 3.8.4
2026.07.30 12:31:05 INFO  no build target found for C:\Users\ankit chouhan\OneDrive\Desktop\Scala\Blog_exp.scala. Using presentation compiler with project's scala-library version: 3.8.4
2026.07.30 12:31:05 INFO  no build target found for C:\Users\ankit chouhan\OneDrive\Desktop\Scala\Blog_exp.scala. Using presentation compiler with project's scala-library version: 3.8.4
2026.07.30 12:31:05 INFO  no build target found for C:\Users\ankit chouhan\OneDrive\Desktop\Scala\Blog_exp.scala. Using presentation compiler with project's scala-library version: 3.8.4
2026.07.30 12:31:05 INFO  no build target found for C:\Users\ankit chouhan\OneDrive\Desktop\Scala\Blog_exp.scala. Using presentation compiler with project's scala-library version: 3.8.4
2026.07.30 12:31:05 INFO  no build target found for C:\Users\ankit chouhan\OneDrive\Desktop\Scala\Blog_exp.scala. Using presentation compiler with project's scala-library version: 3.8.4
2026.07.30 12:31:05 INFO  no build target found for C:\Users\ankit chouhan\OneDrive\Desktop\Scala\Blog_exp.scala. Using presentation compiler with project's scala-library version: 3.8.4
2026.07.30 12:31:05 INFO  no build target found for C:\Users\ankit chouhan\OneDrive\Desktop\Scala\Blog_exp.scala. Using presentation compiler with project's scala-library version: 3.8.4
2026.07.30 12:31:06 INFO  no build target found for C:\Users\ankit chouhan\OneDrive\Desktop\Scala\Blog_exp.scala. Using presentation compiler with project's scala-library version: 3.8.4
2026.07.30 12:31:06 INFO  no build target found for C:\Users\ankit chouhan\OneDrive\Desktop\Scala\Blog_exp.scala. Using presentation compiler with project's scala-library version: 3.8.4
2026.07.30 12:31:07 INFO  no build target found for C:\Users\ankit chouhan\OneDrive\Desktop\Scala\Blog_exp.scala. Using presentation compiler with project's scala-library version: 3.8.4
2026.07.30 12:31:07 INFO  no build target found for C:\Users\ankit chouhan\OneDrive\Desktop\Scala\Blog_exp.scala. Using presentation compiler with project's scala-library version: 3.8.4
2026.07.30 12:31:06 INFO  no build target found for C:\Users\ankit chouhan\OneDrive\Desktop\Scala\Blog_exp.scala. Using presentation compiler with project's scala-library version: 3.8.4
2026.07.30 12:31:07 INFO  no build target found for C:\Users\ankit chouhan\OneDrive\Desktop\Scala\Blog_exp.scala. Using presentation compiler with project's scala-library version: 3.8.4
2026.07.30 12:31:07 INFO  no build target found for C:\Users\ankit chouhan\OneDrive\Desktop\Scala\Blog_exp.scala. Using presentation compiler with project's scala-library version: 3.8.4
2026.07.30 12:31:07 INFO  no build target found for C:\Users\ankit chouhan\OneDrive\Desktop\Scala\Blog_exp.scala. Using presentation compiler with project's scala-library version: 3.8.4
2026.07.30 12:31:07 INFO  no build target found for C:\Users\ankit chouhan\OneDrive\Desktop\Scala\Blog_exp.scala. Using presentation compiler with project's scala-library version: 3.8.4
2026.07.30 12:31:07 INFO  no build target found for C:\Users\ankit chouhan\OneDrive\Desktop\Scala\Blog_exp.scala. Using presentation compiler with project's scala-library version: 3.8.4
2026.07.30 12:31:08 INFO  no build target found for C:\Users\ankit chouhan\OneDrive\Desktop\Scala\Blog_exp.scala. Using presentation compiler with project's scala-library version: 3.8.4
2026.07.30 12:31:07 INFO  no build target found for C:\Users\ankit chouhan\OneDrive\Desktop\Scala\Blog_exp.scala. Using presentation compiler with project's scala-library version: 3.8.4
2026.07.30 12:31:08 INFO  no build target found for C:\Users\ankit chouhan\OneDrive\Desktop\Scala\Blog_exp.scala. Using presentation compiler with project's scala-library version: 3.8.4
2026.07.30 12:31:08 INFO  no build target found for C:\Users\ankit chouhan\OneDrive\Desktop\Scala\Blog_exp.scala. Using presentation compiler with project's scala-library version: 3.8.4
2026.07.30 12:31:07 INFO  no build target found for C:\Users\ankit chouhan\OneDrive\Desktop\Scala\Blog_exp.scala. Using presentation compiler with project's scala-library version: 3.8.4
2026.07.30 12:31:08 INFO  no build target found for C:\Users\ankit chouhan\OneDrive\Desktop\Scala\Blog_exp.scala. Using presentation compiler with project's scala-library version: 3.8.4
2026.07.30 12:31:09 WARN  no build target for: C:\Users\ankit chouhan\OneDrive\Desktop\Scala\Blog_exp.scala
2026.07.30 12:31:09 INFO  no build target found for C:\Users\ankit chouhan\OneDrive\Desktop\Scala\Blog_exp.scala. Using presentation compiler with project's scala-library version: 3.8.4
2026.07.30 12:31:13 INFO  no build target found for C:\Users\ankit chouhan\OneDrive\Desktop\Scala\Single_L.scala. Using presentation compiler with project's scala-library version: 3.8.4
2026.07.30 12:31:13 WARN  no build target for: C:\Users\ankit chouhan\OneDrive\Desktop\Scala\Single_L.scala
2026.07.30 12:31:13 INFO  no build target found for C:\Users\ankit chouhan\OneDrive\Desktop\Scala\Single_L.scala. Using presentation compiler with project's scala-library version: 3.8.4
2026.07.30 12:31:15 INFO  no build target found for C:\Users\ankit chouhan\OneDrive\Desktop\Scala\Blog_exp.scala. Using presentation compiler with project's scala-library version: 3.8.4
2026.07.30 12:31:15 WARN  no build target for: C:\Users\ankit chouhan\OneDrive\Desktop\Scala\Blog_exp.scala
2026.07.30 12:31:15 INFO  no build target found for C:\Users\ankit chouhan\OneDrive\Desktop\Scala\Blog_exp.scala. Using presentation compiler with project's scala-library version: 3.8.4
2026.07.30 12:31:17 INFO  no build target found for C:\Users\ankit chouhan\OneDrive\Desktop\Scala\Blog_exp.scala. Using presentation compiler with project's scala-library version: 3.8.4
2026.07.30 12:31:17 INFO  no build target found for C:\Users\ankit chouhan\OneDrive\Desktop\Scala\Blog_exp.scala. Using presentation compiler with project's scala-library version: 3.8.4
2026.07.30 12:31:17 INFO  no build target found for C:\Users\ankit chouhan\OneDrive\Desktop\Scala\Blog_exp.scala. Using presentation compiler with project's scala-library version: 3.8.4
2026.07.30 12:31:17 INFO  no build target found for C:\Users\ankit chouhan\OneDrive\Desktop\Scala\Blog_exp.scala. Using presentation compiler with project's scala-library version: 3.8.4
2026.07.30 12:31:17 INFO  no build target found for C:\Users\ankit chouhan\OneDrive\Desktop\Scala\Blog_exp.scala. Using presentation compiler with project's scala-library version: 3.8.4
2026.07.30 12:31:17 INFO  no build target found for C:\Users\ankit chouhan\OneDrive\Desktop\Scala\Blog_exp.scala. Using presentation compiler with project's scala-library version: 3.8.4
2026.07.30 12:31:17 INFO  no build target found for C:\Users\ankit chouhan\OneDrive\Desktop\Scala\Blog_exp.scala. Using presentation compiler with project's scala-library version: 3.8.4
2026.07.30 12:31:17 INFO  no build target found for C:\Users\ankit chouhan\OneDrive\Desktop\Scala\Blog_exp.scala. Using presentation compiler with project's scala-library version: 3.8.4
2026.07.30 12:31:17 INFO  no build target found for C:\Users\ankit chouhan\OneDrive\Desktop\Scala\Blog_exp.scala. Using presentation compiler with project's scala-library version: 3.8.4
2026.07.30 12:31:17 INFO  no build target found for C:\Users\ankit chouhan\OneDrive\Desktop\Scala\Blog_exp.scala. Using presentation compiler with project's scala-library version: 3.8.4
2026.07.30 12:31:17 INFO  no build target found for C:\Users\ankit chouhan\OneDrive\Desktop\Scala\Blog_exp.scala. Using presentation compiler with project's scala-library version: 3.8.4
2026.07.30 12:31:17 INFO  no build target found for C:\Users\ankit chouhan\OneDrive\Desktop\Scala\Blog_exp.scala. Using presentation compiler with project's scala-library version: 3.8.4
2026.07.30 12:31:17 INFO  no build target found for C:\Users\ankit chouhan\OneDrive\Desktop\Scala\Blog_exp.scala. Using presentation compiler with project's scala-library version: 3.8.4
2026.07.30 12:31:18 INFO  no build target found for C:\Users\ankit chouhan\OneDrive\Desktop\Scala\Blog_exp.scala. Using presentation compiler with project's scala-library version: 3.8.4
2026.07.30 12:31:18 INFO  no build target found for C:\Users\ankit chouhan\OneDrive\Desktop\Scala\Blog_exp.scala. Using presentation compiler with project's scala-library version: 3.8.4
2026.07.30 12:31:19 WARN  no build target for: C:\Users\ankit chouhan\OneDrive\Desktop\Scala\Blog_exp.scala
2026.07.30 12:31:19 INFO  no build target found for C:\Users\ankit chouhan\OneDrive\Desktop\Scala\Blog_exp.scala. Using presentation compiler with project's scala-library version: 3.8.4
2026.07.30 12:31:19 INFO  no build target found for C:\Users\ankit chouhan\OneDrive\Desktop\Scala\Blog_exp.scala. Using presentation compiler with project's scala-library version: 3.8.4
2026.07.30 12:31:19 INFO  no build target found for C:\Users\ankit chouhan\OneDrive\Desktop\Scala\Blog_exp.scala. Using presentation compiler with project's scala-library version: 3.8.4
2026.07.30 12:31:19 INFO  no build target found for C:\Users\ankit chouhan\OneDrive\Desktop\Scala\Blog_exp.scala. Using presentation compiler with project's scala-library version: 3.8.4
2026.07.30 12:31:19 INFO  no build target found for C:\Users\ankit chouhan\OneDrive\Desktop\Scala\Blog_exp.scala. Using presentation compiler with project's scala-library version: 3.8.4
2026.07.30 12:31:19 INFO  no build target found for C:\Users\ankit chouhan\OneDrive\Desktop\Scala\Blog_exp.scala. Using presentation compiler with project's scala-library version: 3.8.4
2026.07.30 12:31:19 INFO  no build target found for C:\Users\ankit chouhan\OneDrive\Desktop\Scala\Blog_exp.scala. Using presentation compiler with project's scala-library version: 3.8.4
2026.07.30 12:31:19 INFO  no build target found for C:\Users\ankit chouhan\OneDrive\Desktop\Scala\Blog_exp.scala. Using presentation compiler with project's scala-library version: 3.8.4
2026.07.30 12:31:20 INFO  no build target found for C:\Users\ankit chouhan\OneDrive\Desktop\Scala\Blog_exp.scala. Using presentation compiler with project's scala-library version: 3.8.4
2026.07.30 12:31:21 WARN  no build target for: C:\Users\ankit chouhan\OneDrive\Desktop\Scala\Blog_exp.scala
2026.07.30 12:31:20 INFO  no build target found for C:\Users\ankit chouhan\OneDrive\Desktop\Scala\Blog_exp.scala. Using presentation compiler with project's scala-library version: 3.8.4
2026.07.30 12:31:21 INFO  no build target found for C:\Users\ankit chouhan\OneDrive\Desktop\Scala\Blog_exp.scala. Using presentation compiler with project's scala-library version: 3.8.4
2026.07.30 12:31:21 INFO  no build target found for C:\Users\ankit chouhan\OneDrive\Desktop\Scala\Blog_exp.scala. Using presentation compiler with project's scala-library version: 3.8.4
2026.07.30 12:31:21 INFO  no build target found for C:\Users\ankit chouhan\OneDrive\Desktop\Scala\Blog_exp.scala. Using presentation compiler with project's scala-library version: 3.8.4
2026.07.30 12:31:22 INFO  no build target found for C:\Users\ankit chouhan\OneDrive\Desktop\Scala\Blog_exp.scala. Using presentation compiler with project's scala-library version: 3.8.4
2026.07.30 12:31:22 INFO  no build target found for C:\Users\ankit chouhan\OneDrive\Desktop\Scala\Blog_exp.scala. Using presentation compiler with project's scala-library version: 3.8.4
2026.07.30 12:31:21 INFO  no build target found for C:\Users\ankit chouhan\OneDrive\Desktop\Scala\Blog_exp.scala. Using presentation compiler with project's scala-library version: 3.8.4
2026.07.30 12:31:22 INFO  no build target found for C:\Users\ankit chouhan\OneDrive\Desktop\Scala\Blog_exp.scala. Using presentation compiler with project's scala-library version: 3.8.4
2026.07.30 12:31:22 INFO  no build target found for C:\Users\ankit chouhan\OneDrive\Desktop\Scala\Blog_exp.scala. Using presentation compiler with project's scala-library version: 3.8.4
2026.07.30 12:31:21 INFO  no build target found for C:\Users\ankit chouhan\OneDrive\Desktop\Scala\Blog_exp.scala. Using presentation compiler with project's scala-library version: 3.8.4
2026.07.30 12:31:23 INFO  no build target found for C:\Users\ankit chouhan\OneDrive\Desktop\Scala\Blog_exp.scala. Using presentation compiler with project's scala-library version: 3.8.4
2026.07.30 12:31:23 INFO  no build target found for C:\Users\ankit chouhan\OneDrive\Desktop\Scala\Blog_exp.scala. Using presentation compiler with project's scala-library version: 3.8.4
2026.07.30 12:31:23 INFO  no build target found for C:\Users\ankit chouhan\OneDrive\Desktop\Scala\Blog_exp.scala. Using presentation compiler with project's scala-library version: 3.8.4
2026.07.30 12:31:23 INFO  no build target found for C:\Users\ankit chouhan\OneDrive\Desktop\Scala\Blog_exp.scala. Using presentation compiler with project's scala-library version: 3.8.4
2026.07.30 12:31:23 INFO  no build target found for C:\Users\ankit chouhan\OneDrive\Desktop\Scala\Blog_exp.scala. Using presentation compiler with project's scala-library version: 3.8.4
2026.07.30 12:31:23 INFO  no build target found for C:\Users\ankit chouhan\OneDrive\Desktop\Scala\Blog_exp.scala. Using presentation compiler with project's scala-library version: 3.8.4
2026.07.30 12:31:23 INFO  no build target found for C:\Users\ankit chouhan\OneDrive\Desktop\Scala\Blog_exp.scala. Using presentation compiler with project's scala-library version: 3.8.4
2026.07.30 12:31:23 INFO  no build target found for C:\Users\ankit chouhan\OneDrive\Desktop\Scala\Blog_exp.scala. Using presentation compiler with project's scala-library version: 3.8.4
2026.07.30 12:31:24 INFO  no build target found for C:\Users\ankit chouhan\OneDrive\Desktop\Scala\Blog_exp.scala. Using presentation compiler with project's scala-library version: 3.8.4
2026.07.30 12:31:24 INFO  no build target found for C:\Users\ankit chouhan\OneDrive\Desktop\Scala\Blog_exp.scala. Using presentation compiler with project's scala-library version: 3.8.4
2026.07.30 12:31:24 INFO  no build target found for C:\Users\ankit chouhan\OneDrive\Desktop\Scala\Blog_exp.scala. Using presentation compiler with project's scala-library version: 3.8.4
2026.07.30 12:31:24 INFO  no build target found for C:\Users\ankit chouhan\OneDrive\Desktop\Scala\Blog_exp.scala. Using presentation compiler with project's scala-library version: 3.8.4
2026.07.30 12:31:24 INFO  no build target found for C:\Users\ankit chouhan\OneDrive\Desktop\Scala\Blog_exp.scala. Using presentation compiler with project's scala-library version: 3.8.4
2026.07.30 12:31:24 INFO  no build target found for C:\Users\ankit chouhan\OneDrive\Desktop\Scala\Blog_exp.scala. Using presentation compiler with project's scala-library version: 3.8.4
2026.07.30 12:31:24 INFO  no build target found for C:\Users\ankit chouhan\OneDrive\Desktop\Scala\Blog_exp.scala. Using presentation compiler with project's scala-library version: 3.8.4
2026.07.30 12:31:24 INFO  no build target found for C:\Users\ankit chouhan\OneDrive\Desktop\Scala\Blog_exp.scala. Using presentation compiler with project's scala-library version: 3.8.4
2026.07.30 12:31:24 INFO  no build target found for C:\Users\ankit chouhan\OneDrive\Desktop\Scala\Blog_exp.scala. Using presentation compiler with project's scala-library version: 3.8.4
2026.07.30 12:31:24 INFO  no build target found for C:\Users\ankit chouhan\OneDrive\Desktop\Scala\Blog_exp.scala. Using presentation compiler with project's scala-library version: 3.8.4
2026.07.30 12:31:24 INFO  no build target found for C:\Users\ankit chouhan\OneDrive\Desktop\Scala\Blog_exp.scala. Using presentation compiler with project's scala-library version: 3.8.4
2026.07.30 12:31:25 INFO  no build target found for C:\Users\ankit chouhan\OneDrive\Desktop\Scala\Blog_exp.scala. Using presentation compiler with project's scala-library version: 3.8.4
2026.07.30 12:31:25 INFO  no build target found for C:\Users\ankit chouhan\OneDrive\Desktop\Scala\Blog_exp.scala. Using presentation compiler with project's scala-library version: 3.8.4
2026.07.30 12:31:25 INFO  no build target found for C:\Users\ankit chouhan\OneDrive\Desktop\Scala\Blog_exp.scala. Using presentation compiler with project's scala-library version: 3.8.4
2026.07.30 12:31:25 INFO  no build target found for C:\Users\ankit chouhan\OneDrive\Desktop\Scala\Blog_exp.scala. Using presentation compiler with project's scala-library version: 3.8.4
2026.07.30 12:31:25 INFO  no build target found for C:\Users\ankit chouhan\OneDrive\Desktop\Scala\Blog_exp.scala. Using presentation compiler with project's scala-library version: 3.8.4
2026.07.30 12:31:26 INFO  no build target found for C:\Users\ankit chouhan\OneDrive\Desktop\Scala\Blog_exp.scala. Using presentation compiler with project's scala-library version: 3.8.4
2026.07.30 12:31:26 INFO  no build target found for C:\Users\ankit chouhan\OneDrive\Desktop\Scala\Blog_exp.scala. Using presentation compiler with project's scala-library version: 3.8.4
2026.07.30 12:31:26 INFO  no build target found for C:\Users\ankit chouhan\OneDrive\Desktop\Scala\Blog_exp.scala. Using presentation compiler with project's scala-library version: 3.8.4
2026.07.30 12:31:26 INFO  no build target found for C:\Users\ankit chouhan\OneDrive\Desktop\Scala\Blog_exp.scala. Using presentation compiler with project's scala-library version: 3.8.4
2026.07.30 12:31:26 INFO  no build target found for C:\Users\ankit chouhan\OneDrive\Desktop\Scala\Blog_exp.scala. Using presentation compiler with project's scala-library version: 3.8.4
2026.07.30 12:31:26 WARN  no build target for: C:\Users\ankit chouhan\OneDrive\Desktop\Scala\Blog_exp.scala
2026.07.30 12:31:27 INFO  no build target found for C:\Users\ankit chouhan\OneDrive\Desktop\Scala\Blog_exp.scala. Using presentation compiler with project's scala-library version: 3.8.4
2026.07.30 12:31:33 INFO  no build target found for C:\Users\ankit chouhan\OneDrive\Desktop\Scala\Blog_exp.scala. Using presentation compiler with project's scala-library version: 3.8.4
2026.07.30 12:31:35 INFO  no build target found for C:\Users\ankit chouhan\OneDrive\Desktop\Scala\Blog_exp.scala. Using presentation compiler with project's scala-library version: 3.8.4
2026.07.30 12:31:35 INFO  no build target found for C:\Users\ankit chouhan\OneDrive\Desktop\Scala\Blog_exp.scala. Using presentation compiler with project's scala-library version: 3.8.4
2026.07.30 12:31:36 INFO  no build target found for C:\Users\ankit chouhan\OneDrive\Desktop\Scala\Blog_exp.scala. Using presentation compiler with project's scala-library version: 3.8.4
2026.07.30 12:31:36 INFO  no build target found for C:\Users\ankit chouhan\OneDrive\Desktop\Scala\Blog_exp.scala. Using presentation compiler with project's scala-library version: 3.8.4
2026.07.30 12:31:36 WARN  no build target for: C:\Users\ankit chouhan\OneDrive\Desktop\Scala\Blog_exp.scala
2026.07.30 12:31:36 INFO  no build target found for C:\Users\ankit chouhan\OneDrive\Desktop\Scala\Blog_exp.scala. Using presentation compiler with project's scala-library version: 3.8.4
2026.07.30 12:31:37 INFO  no build target found for C:\Users\ankit chouhan\OneDrive\Desktop\Scala\Blog_exp.scala. Using presentation compiler with project's scala-library version: 3.8.4
2026.07.30 12:31:37 INFO  no build target found for C:\Users\ankit chouhan\OneDrive\Desktop\Scala\Blog_exp.scala. Using presentation compiler with project's scala-library version: 3.8.4
2026.07.30 12:31:36 INFO  no build target found for C:\Users\ankit chouhan\OneDrive\Desktop\Scala\Blog_exp.scala. Using presentation compiler with project's scala-library version: 3.8.4
2026.07.30 12:31:37 INFO  no build target found for C:\Users\ankit chouhan\OneDrive\Desktop\Scala\Blog_exp.scala. Using presentation compiler with project's scala-library version: 3.8.4
2026.07.30 12:31:37 INFO  no build target found for C:\Users\ankit chouhan\OneDrive\Desktop\Scala\Blog_exp.scala. Using presentation compiler with project's scala-library version: 3.8.4
2026.07.30 12:31:38 WARN  no build target for: C:\Users\ankit chouhan\OneDrive\Desktop\Scala\Blog_exp.scala
2026.07.30 12:31:38 INFO  no build target found for C:\Users\ankit chouhan\OneDrive\Desktop\Scala\Blog_exp.scala. Using presentation compiler with project's scala-library version: 3.8.4
2026.07.30 12:31:42 INFO  no build target found for C:\Users\ankit chouhan\OneDrive\Desktop\Scala\Blog_exp.scala. Using presentation compiler with project's scala-library version: 3.8.4
2026.07.30 12:31:43 INFO  no build target found for C:\Users\ankit chouhan\OneDrive\Desktop\Scala\Blog_exp.scala. Using presentation compiler with project's scala-library version: 3.8.4
2026.07.30 12:31:43 INFO  no build target found for C:\Users\ankit chouhan\OneDrive\Desktop\Scala\Blog_exp.scala. Using presentation compiler with project's scala-library version: 3.8.4
2026.07.30 12:31:43 WARN  no build target for: C:\Users\ankit chouhan\OneDrive\Desktop\Scala\Blog_exp.scala
2026.07.30 12:31:43 INFO  no build target found for C:\Users\ankit chouhan\OneDrive\Desktop\Scala\Blog_exp.scala. Using presentation compiler with project's scala-library version: 3.8.4
2026.07.30 12:31:44 INFO  no build target found for C:\Users\ankit chouhan\OneDrive\Desktop\Scala\Blog_exp.scala. Using presentation compiler with project's scala-library version: 3.8.4
2026.07.30 12:31:44 INFO  no build target found for C:\Users\ankit chouhan\OneDrive\Desktop\Scala\Blog_exp.scala. Using presentation compiler with project's scala-library version: 3.8.4
2026.07.30 12:31:44 INFO  no build target found for C:\Users\ankit chouhan\OneDrive\Desktop\Scala\Blog_exp.scala. Using presentation compiler with project's scala-library version: 3.8.4
2026.07.30 12:31:44 INFO  no build target found for C:\Users\ankit chouhan\OneDrive\Desktop\Scala\Blog_exp.scala. Using presentation compiler with project's scala-library version: 3.8.4
2026.07.30 12:31:44 INFO  no build target found for C:\Users\ankit chouhan\OneDrive\Desktop\Scala\Blog_exp.scala. Using presentation compiler with project's scala-library version: 3.8.4
2026.07.30 12:31:45 INFO  no build target found for C:\Users\ankit chouhan\OneDrive\Desktop\Scala\Blog_exp.scala. Using presentation compiler with project's scala-library version: 3.8.4
2026.07.30 12:31:44 INFO  no build target found for C:\Users\ankit chouhan\OneDrive\Desktop\Scala\Blog_exp.scala. Using presentation compiler with project's scala-library version: 3.8.4
2026.07.30 12:31:45 WARN  no build target for: C:\Users\ankit chouhan\OneDrive\Desktop\Scala\Blog_exp.scala
2026.07.30 12:31:45 INFO  no build target found for C:\Users\ankit chouhan\OneDrive\Desktop\Scala\Blog_exp.scala. Using presentation compiler with project's scala-library version: 3.8.4
2026.07.30 12:31:46 INFO  no build target found for C:\Users\ankit chouhan\OneDrive\Desktop\Scala\Blog_exp.scala. Using presentation compiler with project's scala-library version: 3.8.4
2026.07.30 12:31:45 INFO  no build target found for C:\Users\ankit chouhan\OneDrive\Desktop\Scala\Blog_exp.scala. Using presentation compiler with project's scala-library version: 3.8.4
2026.07.30 12:31:45 INFO  no build target found for C:\Users\ankit chouhan\OneDrive\Desktop\Scala\Blog_exp.scala. Using presentation compiler with project's scala-library version: 3.8.4
2026.07.30 12:31:46 INFO  no build target found for C:\Users\ankit chouhan\OneDrive\Desktop\Scala\Blog_exp.scala. Using presentation compiler with project's scala-library version: 3.8.4
2026.07.30 12:31:46 INFO  no build target found for C:\Users\ankit chouhan\OneDrive\Desktop\Scala\Blog_exp.scala. Using presentation compiler with project's scala-library version: 3.8.4
2026.07.30 12:31:47 WARN  no build target for: C:\Users\ankit chouhan\OneDrive\Desktop\Scala\Blog_exp.scala
2026.07.30 12:31:47 INFO  no build target found for C:\Users\ankit chouhan\OneDrive\Desktop\Scala\Blog_exp.scala. Using presentation compiler with project's scala-library version: 3.8.4
2026.07.30 12:31:47 INFO  no build target found for C:\Users\ankit chouhan\OneDrive\Desktop\Scala\Blog_exp.scala. Using presentation compiler with project's scala-library version: 3.8.4
2026.07.30 12:31:49 INFO  no build target found for C:\Users\ankit chouhan\OneDrive\Desktop\Scala\Blog_exp.scala. Using presentation compiler with project's scala-library version: 3.8.4
2026.07.30 12:31:49 INFO  no build target found for C:\Users\ankit chouhan\OneDrive\Desktop\Scala\Blog_exp.scala. Using presentation compiler with project's scala-library version: 3.8.4
2026.07.30 12:31:49 INFO  no build target found for C:\Users\ankit chouhan\OneDrive\Desktop\Scala\Blog_exp.scala. Using presentation compiler with project's scala-library version: 3.8.4
2026.07.30 12:31:49 INFO  no build target found for C:\Users\ankit chouhan\OneDrive\Desktop\Scala\Blog_exp.scala. Using presentation compiler with project's scala-library version: 3.8.4
2026.07.30 12:31:50 INFO  no build target found for C:\Users\ankit chouhan\OneDrive\Desktop\Scala\Blog_exp.scala. Using presentation compiler with project's scala-library version: 3.8.4
2026.07.30 12:31:50 INFO  no build target found for C:\Users\ankit chouhan\OneDrive\Desktop\Scala\Blog_exp.scala. Using presentation compiler with project's scala-library version: 3.8.4
2026.07.30 12:31:50 INFO  no build target found for C:\Users\ankit chouhan\OneDrive\Desktop\Scala\Blog_exp.scala. Using presentation compiler with project's scala-library version: 3.8.4
2026.07.30 12:31:50 INFO  no build target found for C:\Users\ankit chouhan\OneDrive\Desktop\Scala\Blog_exp.scala. Using presentation compiler with project's scala-library version: 3.8.4
2026.07.30 12:31:50 INFO  no build target found for C:\Users\ankit chouhan\OneDrive\Desktop\Scala\Blog_exp.scala. Using presentation compiler with project's scala-library version: 3.8.4
2026.07.30 12:31:50 INFO  no build target found for C:\Users\ankit chouhan\OneDrive\Desktop\Scala\Blog_exp.scala. Using presentation compiler with project's scala-library version: 3.8.4
2026.07.30 12:31:50 INFO  no build target found for C:\Users\ankit chouhan\OneDrive\Desktop\Scala\Blog_exp.scala. Using presentation compiler with project's scala-library version: 3.8.4
2026.07.30 12:31:50 INFO  no build target found for C:\Users\ankit chouhan\OneDrive\Desktop\Scala\Blog_exp.scala. Using presentation compiler with project's scala-library version: 3.8.4
2026.07.30 12:31:51 WARN  no build target for: C:\Users\ankit chouhan\OneDrive\Desktop\Scala\Blog_exp.scala
2026.07.30 12:31:51 INFO  no build target found for C:\Users\ankit chouhan\OneDrive\Desktop\Scala\Blog_exp.scala. Using presentation compiler with project's scala-library version: 3.8.4
2026.07.30 12:31:51 INFO  no build target found for C:\Users\ankit chouhan\OneDrive\Desktop\Scala\Blog_exp.scala. Using presentation compiler with project's scala-library version: 3.8.4
2026.07.30 12:31:51 INFO  no build target found for C:\Users\ankit chouhan\OneDrive\Desktop\Scala\Blog_exp.scala. Using presentation compiler with project's scala-library version: 3.8.4
2026.07.30 12:31:56 INFO  no build target found for C:\Users\ankit chouhan\OneDrive\Desktop\Scala\Sum.scala. Using presentation compiler with project's scala-library version: 3.8.4
2026.07.30 12:31:56 WARN  no build target for: C:\Users\ankit chouhan\OneDrive\Desktop\Scala\Sum.scala
2026.07.30 12:31:56 INFO  no build target found for C:\Users\ankit chouhan\OneDrive\Desktop\Scala\Sum.scala. Using presentation compiler with project's scala-library version: 3.8.4
2026.07.30 12:31:56 INFO  no build target found for C:\Users\ankit chouhan\OneDrive\Desktop\Scala\Sum.scala. Using presentation compiler with project's scala-library version: 3.8.4
2026.07.30 12:31:56 INFO  no build target found for C:\Users\ankit chouhan\OneDrive\Desktop\Scala\Sum.scala. Using presentation compiler with project's scala-library version: 3.8.4
2026.07.30 12:32:06 INFO  no build target found for C:\Users\ankit chouhan\OneDrive\Desktop\Scala\Blog_exp.scala. Using presentation compiler with project's scala-library version: 3.8.4
2026.07.30 12:32:06 WARN  no build target for: C:\Users\ankit chouhan\OneDrive\Desktop\Scala\Blog_exp.scala
2026.07.30 12:32:06 INFO  no build target found for C:\Users\ankit chouhan\OneDrive\Desktop\Scala\Blog_exp.scala. Using presentation compiler with project's scala-library version: 3.8.4
2026.07.30 12:32:06 INFO  no build target found for C:\Users\ankit chouhan\OneDrive\Desktop\Scala\Blog_exp.scala. Using presentation compiler with project's scala-library version: 3.8.4
2026.07.30 12:32:06 INFO  no build target found for C:\Users\ankit chouhan\OneDrive\Desktop\Scala\Blog_exp.scala. Using presentation compiler with project's scala-library version: 3.8.4
2026.07.30 12:32:06 INFO  no build target found for C:\Users\ankit chouhan\OneDrive\Desktop\Scala\Blog_exp.scala. Using presentation compiler with project's scala-library version: 3.8.4
2026.07.30 12:32:09 INFO  no build target found for C:\Users\ankit chouhan\OneDrive\Desktop\Scala\Blog_exp.scala. Using presentation compiler with project's scala-library version: 3.8.4
2026.07.30 12:32:09 INFO  no build target found for C:\Users\ankit chouhan\OneDrive\Desktop\Scala\Blog_exp.scala. Using presentation compiler with project's scala-library version: 3.8.4
2026.07.30 12:32:10 INFO  no build target found for C:\Users\ankit chouhan\OneDrive\Desktop\Scala\Blog_exp.scala. Using presentation compiler with project's scala-library version: 3.8.4
2026.07.30 12:32:10 INFO  no build target found for C:\Users\ankit chouhan\OneDrive\Desktop\Scala\Blog_exp.scala. Using presentation compiler with project's scala-library version: 3.8.4
2026.07.30 12:32:10 INFO  no build target found for C:\Users\ankit chouhan\OneDrive\Desktop\Scala\Blog_exp.scala. Using presentation compiler with project's scala-library version: 3.8.4
2026.07.30 12:32:10 INFO  no build target found for C:\Users\ankit chouhan\OneDrive\Desktop\Scala\Blog_exp.scala. Using presentation compiler with project's scala-library version: 3.8.4
2026.07.30 12:32:10 INFO  no build target found for C:\Users\ankit chouhan\OneDrive\Desktop\Scala\Blog_exp.scala. Using presentation compiler with project's scala-library version: 3.8.4
2026.07.30 12:32:10 WARN  no build target for: C:\Users\ankit chouhan\OneDrive\Desktop\Scala\Blog_exp.scala
2026.07.30 12:32:11 INFO  no build target found for C:\Users\ankit chouhan\OneDrive\Desktop\Scala\Blog_exp.scala. Using presentation compiler with project's scala-library version: 3.8.4
2026.07.30 12:32:12 INFO  no build target found for C:\Users\ankit chouhan\OneDrive\Desktop\Scala\Blog_exp.scala. Using presentation compiler with project's scala-library version: 3.8.4
2026.07.30 12:32:12 INFO  no build target found for C:\Users\ankit chouhan\OneDrive\Desktop\Scala\Blog_exp.scala. Using presentation compiler with project's scala-library version: 3.8.4
2026.07.30 12:32:12 INFO  no build target found for C:\Users\ankit chouhan\OneDrive\Desktop\Scala\Blog_exp.scala. Using presentation compiler with project's scala-library version: 3.8.4
2026.07.30 12:32:12 INFO  no build target found for C:\Users\ankit chouhan\OneDrive\Desktop\Scala\Blog_exp.scala. Using presentation compiler with project's scala-library version: 3.8.4
2026.07.30 12:32:12 INFO  no build target found for C:\Users\ankit chouhan\OneDrive\Desktop\Scala\Blog_exp.scala. Using presentation compiler with project's scala-library version: 3.8.4
2026.07.30 12:32:13 WARN  no build target for: C:\Users\ankit chouhan\OneDrive\Desktop\Scala\Blog_exp.scala
2026.07.30 12:32:13 INFO  no build target found for C:\Users\ankit chouhan\OneDrive\Desktop\Scala\Blog_exp.scala. Using presentation compiler with project's scala-library version: 3.8.4
2026.07.30 12:32:14 INFO  no build target found for C:\Users\ankit chouhan\OneDrive\Desktop\Scala\Blog_exp.scala. Using presentation compiler with project's scala-library version: 3.8.4
2026.07.30 12:32:15 INFO  no build target found for C:\Users\ankit chouhan\OneDrive\Desktop\Scala\Single_L.scala. Using presentation compiler with project's scala-library version: 3.8.4
2026.07.30 12:32:15 WARN  no build target for: C:\Users\ankit chouhan\OneDrive\Desktop\Scala\Single_L.scala
2026.07.30 12:32:15 INFO  no build target found for C:\Users\ankit chouhan\OneDrive\Desktop\Scala\Single_L.scala. Using presentation compiler with project's scala-library version: 3.8.4
2026.07.30 12:32:18 INFO  no build target found for C:\Users\ankit chouhan\OneDrive\Desktop\Scala\Single_L.scala. Using presentation compiler with project's scala-library version: 3.8.4
2026.07.30 12:32:20 INFO  no build target found for C:\Users\ankit chouhan\OneDrive\Desktop\Scala\Single_L.scala. Using presentation compiler with project's scala-library version: 3.8.4
2026.07.30 12:32:20 INFO  no build target found for C:\Users\ankit chouhan\OneDrive\Desktop\Scala\Single_L.scala. Using presentation compiler with project's scala-library version: 3.8.4
2026.07.30 12:32:21 INFO  no build target found for C:\Users\ankit chouhan\OneDrive\Desktop\Scala\Single_L.scala. Using presentation compiler with project's scala-library version: 3.8.4
2026.07.30 12:32:21 INFO  no build target found for C:\Users\ankit chouhan\OneDrive\Desktop\Scala\Single_L.scala. Using presentation compiler with project's scala-library version: 3.8.4
2026.07.30 12:32:21 INFO  no build target found for C:\Users\ankit chouhan\OneDrive\Desktop\Scala\Single_L.scala. Using presentation compiler with project's scala-library version: 3.8.4
2026.07.30 12:32:22 INFO  no build target found for C:\Users\ankit chouhan\OneDrive\Desktop\Scala\Single_L.scala. Using presentation compiler with project's scala-library version: 3.8.4
2026.07.30 12:32:22 INFO  no build target found for C:\Users\ankit chouhan\OneDrive\Desktop\Scala\Single_L.scala. Using presentation compiler with project's scala-library version: 3.8.4
2026.07.30 12:32:27 INFO  no build target found for C:\Users\ankit chouhan\OneDrive\Desktop\Scala\Single_L.scala. Using presentation compiler with project's scala-library version: 3.8.4
2026.07.30 12:32:27 INFO  no build target found for C:\Users\ankit chouhan\OneDrive\Desktop\Scala\Single_L.scala. Using presentation compiler with project's scala-library version: 3.8.4
2026.07.30 12:32:27 INFO  no build target found for C:\Users\ankit chouhan\OneDrive\Desktop\Scala\Single_L.scala. Using presentation compiler with project's scala-library version: 3.8.4
2026.07.30 12:32:29 INFO  no build target found for C:\Users\ankit chouhan\OneDrive\Desktop\Scala\Single_L.scala. Using presentation compiler with project's scala-library version: 3.8.4
2026.07.30 12:32:32 INFO  no build target found for C:\Users\ankit chouhan\OneDrive\Desktop\Scala\Blog_exp.scala. Using presentation compiler with project's scala-library version: 3.8.4
2026.07.30 12:32:32 WARN  no build target for: C:\Users\ankit chouhan\OneDrive\Desktop\Scala\Blog_exp.scala
2026.07.30 12:32:32 INFO  no build target found for C:\Users\ankit chouhan\OneDrive\Desktop\Scala\Blog_exp.scala. Using presentation compiler with project's scala-library version: 3.8.4
2026.07.30 12:32:32 INFO  no build target found for C:\Users\ankit chouhan\OneDrive\Desktop\Scala\Blog_exp.scala. Using presentation compiler with project's scala-library version: 3.8.4
2026.07.30 12:32:32 INFO  no build target found for C:\Users\ankit chouhan\OneDrive\Desktop\Scala\Blog_exp.scala. Using presentation compiler with project's scala-library version: 3.8.4
2026.07.30 12:32:33 INFO  no build target found for C:\Users\ankit chouhan\OneDrive\Desktop\Scala\Blog_exp.scala. Using presentation compiler with project's scala-library version: 3.8.4
2026.07.30 12:32:33 INFO  no build target found for C:\Users\ankit chouhan\OneDrive\Desktop\Scala\Blog_exp.scala. Using presentation compiler with project's scala-library version: 3.8.4
2026.07.30 12:32:33 INFO  no build target found for C:\Users\ankit chouhan\OneDrive\Desktop\Scala\Blog_exp.scala. Using presentation compiler with project's scala-library version: 3.8.4
2026.07.30 12:32:33 INFO  no build target found for C:\Users\ankit chouhan\OneDrive\Desktop\Scala\Blog_exp.scala. Using presentation compiler with project's scala-library version: 3.8.4
2026.07.30 12:32:33 INFO  no build target found for C:\Users\ankit chouhan\OneDrive\Desktop\Scala\Blog_exp.scala. Using presentation compiler with project's scala-library version: 3.8.4
2026.07.30 12:32:33 INFO  no build target found for C:\Users\ankit chouhan\OneDrive\Desktop\Scala\Blog_exp.scala. Using presentation compiler with project's scala-library version: 3.8.4
2026.07.30 12:32:33 INFO  no build target found for C:\Users\ankit chouhan\OneDrive\Desktop\Scala\Blog_exp.scala. Using presentation compiler with project's scala-library version: 3.8.4
2026.07.30 12:32:35 WARN  no build target for: C:\Users\ankit chouhan\OneDrive\Desktop\Scala\Blog_exp.scala
2026.07.30 12:32:35 INFO  no build target found for C:\Users\ankit chouhan\OneDrive\Desktop\Scala\Blog_exp.scala. Using presentation compiler with project's scala-library version: 3.8.4
2026.07.30 12:32:35 INFO  no build target found for C:\Users\ankit chouhan\OneDrive\Desktop\Scala\Blog_exp.scala. Using presentation compiler with project's scala-library version: 3.8.4
2026.07.30 12:32:35 INFO  no build target found for C:\Users\ankit chouhan\OneDrive\Desktop\Scala\Blog_exp.scala. Using presentation compiler with project's scala-library version: 3.8.4
2026.07.30 12:32:35 INFO  no build target found for C:\Users\ankit chouhan\OneDrive\Desktop\Scala\Blog_exp.scala. Using presentation compiler with project's scala-library version: 3.8.4
2026.07.30 12:32:35 INFO  no build target found for C:\Users\ankit chouhan\OneDrive\Desktop\Scala\Blog_exp.scala. Using presentation compiler with project's scala-library version: 3.8.4
2026.07.30 12:32:35 INFO  no build target found for C:\Users\ankit chouhan\OneDrive\Desktop\Scala\Blog_exp.scala. Using presentation compiler with project's scala-library version: 3.8.4
2026.07.30 12:32:35 INFO  no build target found for C:\Users\ankit chouhan\OneDrive\Desktop\Scala\Blog_exp.scala. Using presentation compiler with project's scala-library version: 3.8.4
2026.07.30 12:32:36 WARN  no build target for: C:\Users\ankit chouhan\OneDrive\Desktop\Scala\Blog_exp.scala
2026.07.30 12:32:36 INFO  no build target found for C:\Users\ankit chouhan\OneDrive\Desktop\Scala\Blog_exp.scala. Using presentation compiler with project's scala-library version: 3.8.4
2026.07.30 12:32:36 INFO  no build target found for C:\Users\ankit chouhan\OneDrive\Desktop\Scala\Blog_exp.scala. Using presentation compiler with project's scala-library version: 3.8.4
2026.07.30 12:32:38 INFO  no build target found for C:\Users\ankit chouhan\OneDrive\Desktop\Scala\Blog_exp.scala. Using presentation compiler with project's scala-library version: 3.8.4
2026.07.30 12:32:38 INFO  no build target found for C:\Users\ankit chouhan\OneDrive\Desktop\Scala\Blog_exp.scala. Using presentation compiler with project's scala-library version: 3.8.4
2026.07.30 12:32:38 INFO  no build target found for C:\Users\ankit chouhan\OneDrive\Desktop\Scala\Blog_exp.scala. Using presentation compiler with project's scala-library version: 3.8.4
2026.07.30 12:32:39 INFO  no build target found for C:\Users\ankit chouhan\OneDrive\Desktop\Scala\Blog_exp.scala. Using presentation compiler with project's scala-library version: 3.8.4
2026.07.30 12:32:38 INFO  no build target found for C:\Users\ankit chouhan\OneDrive\Desktop\Scala\Blog_exp.scala. Using presentation compiler with project's scala-library version: 3.8.4
2026.07.30 12:32:39 INFO  no build target found for C:\Users\ankit chouhan\OneDrive\Desktop\Scala\Blog_exp.scala. Using presentation compiler with project's scala-library version: 3.8.4
2026.07.30 12:32:39 INFO  no build target found for C:\Users\ankit chouhan\OneDrive\Desktop\Scala\Blog_exp.scala. Using presentation compiler with project's scala-library version: 3.8.4
2026.07.30 12:32:39 INFO  no build target found for C:\Users\ankit chouhan\OneDrive\Desktop\Scala\Blog_exp.scala. Using presentation compiler with project's scala-library version: 3.8.4
2026.07.30 12:32:39 INFO  no build target found for C:\Users\ankit chouhan\OneDrive\Desktop\Scala\Blog_exp.scala. Using presentation compiler with project's scala-library version: 3.8.4
2026.07.30 12:32:39 INFO  no build target found for C:\Users\ankit chouhan\OneDrive\Desktop\Scala\Blog_exp.scala. Using presentation compiler with project's scala-library version: 3.8.4
2026.07.30 12:32:39 INFO  no build target found for C:\Users\ankit chouhan\OneDrive\Desktop\Scala\Blog_exp.scala. Using presentation compiler with project's scala-library version: 3.8.4
2026.07.30 12:32:40 INFO  no build target found for C:\Users\ankit chouhan\OneDrive\Desktop\Scala\Blog_exp.scala. Using presentation compiler with project's scala-library version: 3.8.4
2026.07.30 12:32:40 INFO  no build target found for C:\Users\ankit chouhan\OneDrive\Desktop\Scala\Blog_exp.scala. Using presentation compiler with project's scala-library version: 3.8.4
2026.07.30 12:32:40 INFO  no build target found for C:\Users\ankit chouhan\OneDrive\Desktop\Scala\Blog_exp.scala. Using presentation compiler with project's scala-library version: 3.8.4
2026.07.30 12:32:40 INFO  no build target found for C:\Users\ankit chouhan\OneDrive\Desktop\Scala\Blog_exp.scala. Using presentation compiler with project's scala-library version: 3.8.4
2026.07.30 12:32:41 WARN  no build target for: C:\Users\ankit chouhan\OneDrive\Desktop\Scala\Blog_exp.scala
2026.07.30 12:32:41 INFO  no build target found for C:\Users\ankit chouhan\OneDrive\Desktop\Scala\Blog_exp.scala. Using presentation compiler with project's scala-library version: 3.8.4
2026.07.30 12:32:43 INFO  no build target found for C:\Users\ankit chouhan\OneDrive\Desktop\Scala\Blog_exp.scala. Using presentation compiler with project's scala-library version: 3.8.4
2026.07.30 12:32:44 INFO  no build target found for C:\Users\ankit chouhan\OneDrive\Desktop\Scala\Blog_exp.scala. Using presentation compiler with project's scala-library version: 3.8.4
2026.07.30 12:32:44 INFO  no build target found for C:\Users\ankit chouhan\OneDrive\Desktop\Scala\Blog_exp.scala. Using presentation compiler with project's scala-library version: 3.8.4
2026.07.30 12:32:45 INFO  no build target found for C:\Users\ankit chouhan\OneDrive\Desktop\Scala\Blog_exp.scala. Using presentation compiler with project's scala-library version: 3.8.4
2026.07.30 12:32:46 INFO  no build target found for C:\Users\ankit chouhan\OneDrive\Desktop\Scala\Blog_exp.scala. Using presentation compiler with project's scala-library version: 3.8.4
2026.07.30 12:32:46 INFO  no build target found for C:\Users\ankit chouhan\OneDrive\Desktop\Scala\Blog_exp.scala. Using presentation compiler with project's scala-library version: 3.8.4
2026.07.30 12:32:45 INFO  no build target found for C:\Users\ankit chouhan\OneDrive\Desktop\Scala\Blog_exp.scala. Using presentation compiler with project's scala-library version: 3.8.4
2026.07.30 12:32:45 INFO  no build target found for C:\Users\ankit chouhan\OneDrive\Desktop\Scala\Blog_exp.scala. Using presentation compiler with project's scala-library version: 3.8.4
2026.07.30 12:32:46 INFO  no build target found for C:\Users\ankit chouhan\OneDrive\Desktop\Scala\Blog_exp.scala. Using presentation compiler with project's scala-library version: 3.8.4
2026.07.30 12:32:45 INFO  no build target found for C:\Users\ankit chouhan\OneDrive\Desktop\Scala\Blog_exp.scala. Using presentation compiler with project's scala-library version: 3.8.4
2026.07.30 12:32:46 INFO  no build target found for C:\Users\ankit chouhan\OneDrive\Desktop\Scala\Blog_exp.scala. Using presentation compiler with project's scala-library version: 3.8.4
2026.07.30 12:32:46 INFO  no build target found for C:\Users\ankit chouhan\OneDrive\Desktop\Scala\Blog_exp.scala. Using presentation compiler with project's scala-library version: 3.8.4
2026.07.30 12:32:47 INFO  no build target found for C:\Users\ankit chouhan\OneDrive\Desktop\Scala\Blog_exp.scala. Using presentation compiler with project's scala-library version: 3.8.4
2026.07.30 12:32:47 INFO  no build target found for C:\Users\ankit chouhan\OneDrive\Desktop\Scala\Blog_exp.scala. Using presentation compiler with project's scala-library version: 3.8.4
2026.07.30 12:32:47 INFO  no build target found for C:\Users\ankit chouhan\OneDrive\Desktop\Scala\Blog_exp.scala. Using presentation compiler with project's scala-library version: 3.8.4
2026.07.30 12:32:47 INFO  no build target found for C:\Users\ankit chouhan\OneDrive\Desktop\Scala\Blog_exp.scala. Using presentation compiler with project's scala-library version: 3.8.4
2026.07.30 12:32:47 INFO  no build target found for C:\Users\ankit chouhan\OneDrive\Desktop\Scala\Blog_exp.scala. Using presentation compiler with project's scala-library version: 3.8.4
2026.07.30 12:32:47 INFO  no build target found for C:\Users\ankit chouhan\OneDrive\Desktop\Scala\Blog_exp.scala. Using presentation compiler with project's scala-library version: 3.8.4
2026.07.30 12:32:47 INFO  no build target found for C:\Users\ankit chouhan\OneDrive\Desktop\Scala\Blog_exp.scala. Using presentation compiler with project's scala-library version: 3.8.4
2026.07.30 12:32:48 INFO  no build target found for C:\Users\ankit chouhan\OneDrive\Desktop\Scala\Blog_exp.scala. Using presentation compiler with project's scala-library version: 3.8.4
2026.07.30 12:32:47 INFO  no build target found for C:\Users\ankit chouhan\OneDrive\Desktop\Scala\Blog_exp.scala. Using presentation compiler with project's scala-library version: 3.8.4
2026.07.30 12:32:47 INFO  no build target found for C:\Users\ankit chouhan\OneDrive\Desktop\Scala\Blog_exp.scala. Using presentation compiler with project's scala-library version: 3.8.4
2026.07.30 12:32:48 INFO  no build target found for C:\Users\ankit chouhan\OneDrive\Desktop\Scala\Blog_exp.scala. Using presentation compiler with project's scala-library version: 3.8.4
2026.07.30 12:32:48 INFO  no build target found for C:\Users\ankit chouhan\OneDrive\Desktop\Scala\Blog_exp.scala. Using presentation compiler with project's scala-library version: 3.8.4
2026.07.30 12:32:48 INFO  no build target found for C:\Users\ankit chouhan\OneDrive\Desktop\Scala\Blog_exp.scala. Using presentation compiler with project's scala-library version: 3.8.4
2026.07.30 12:32:49 WARN  no build target for: C:\Users\ankit chouhan\OneDrive\Desktop\Scala\Blog_exp.scala
2026.07.30 12:32:49 INFO  no build target found for C:\Users\ankit chouhan\OneDrive\Desktop\Scala\Blog_exp.scala. Using presentation compiler with project's scala-library version: 3.8.4
2026.07.30 12:32:48 INFO  no build target found for C:\Users\ankit chouhan\OneDrive\Desktop\Scala\Blog_exp.scala. Using presentation compiler with project's scala-library version: 3.8.4
2026.07.30 12:32:48 INFO  no build target found for C:\Users\ankit chouhan\OneDrive\Desktop\Scala\Blog_exp.scala. Using presentation compiler with project's scala-library version: 3.8.4
2026.07.30 12:32:48 INFO  no build target found for C:\Users\ankit chouhan\OneDrive\Desktop\Scala\Blog_exp.scala. Using presentation compiler with project's scala-library version: 3.8.4
2026.07.30 12:32:50 INFO  no build target found for C:\Users\ankit chouhan\OneDrive\Desktop\Scala\Blog_exp.scala. Using presentation compiler with project's scala-library version: 3.8.4
2026.07.30 12:32:50 INFO  no build target found for C:\Users\ankit chouhan\OneDrive\Desktop\Scala\Blog_exp.scala. Using presentation compiler with project's scala-library version: 3.8.4
2026.07.30 12:32:50 INFO  no build target found for C:\Users\ankit chouhan\OneDrive\Desktop\Scala\Blog_exp.scala. Using presentation compiler with project's scala-library version: 3.8.4
2026.07.30 12:32:50 INFO  no build target found for C:\Users\ankit chouhan\OneDrive\Desktop\Scala\Blog_exp.scala. Using presentation compiler with project's scala-library version: 3.8.4
2026.07.30 12:32:50 INFO  no build target found for C:\Users\ankit chouhan\OneDrive\Desktop\Scala\Blog_exp.scala. Using presentation compiler with project's scala-library version: 3.8.4
Jul 30, 2026 12:32:50 PM org.eclipse.lsp4j.jsonrpc.RemoteEndpoint handleCancellation
WARNING: Unmatched cancel notification for request id 3117
2026.07.30 12:32:50 INFO  no build target found for C:\Users\ankit chouhan\OneDrive\Desktop\Scala\Blog_exp.scala. Using presentation compiler with project's scala-library version: 3.8.4
2026.07.30 12:32:50 INFO  no build target found for C:\Users\ankit chouhan\OneDrive\Desktop\Scala\Blog_exp.scala. Using presentation compiler with project's scala-library version: 3.8.4
2026.07.30 12:32:50 INFO  no build target found for C:\Users\ankit chouhan\OneDrive\Desktop\Scala\Blog_exp.scala. Using presentation compiler with project's scala-library version: 3.8.4
2026.07.30 12:32:50 INFO  no build target found for C:\Users\ankit chouhan\OneDrive\Desktop\Scala\Blog_exp.scala. Using presentation compiler with project's scala-library version: 3.8.4
2026.07.30 12:32:50 INFO  no build target found for C:\Users\ankit chouhan\OneDrive\Desktop\Scala\Blog_exp.scala. Using presentation compiler with project's scala-library version: 3.8.4
2026.07.30 12:32:50 INFO  no build target found for C:\Users\ankit chouhan\OneDrive\Desktop\Scala\Blog_exp.scala. Using presentation compiler with project's scala-library version: 3.8.4
2026.07.30 12:32:50 INFO  no build target found for C:\Users\ankit chouhan\OneDrive\Desktop\Scala\Blog_exp.scala. Using presentation compiler with project's scala-library version: 3.8.4
2026.07.30 12:32:50 INFO  no build target found for C:\Users\ankit chouhan\OneDrive\Desktop\Scala\Blog_exp.scala. Using presentation compiler with project's scala-library version: 3.8.4
2026.07.30 12:32:51 INFO  no build target found for C:\Users\ankit chouhan\OneDrive\Desktop\Scala\Blog_exp.scala. Using presentation compiler with project's scala-library version: 3.8.4
Jul 30, 2026 12:32:51 PM org.eclipse.lsp4j.jsonrpc.RemoteEndpoint handleCancellation
WARNING: Unmatched cancel notification for request id 3131
2026.07.30 12:32:51 INFO  no build target found for C:\Users\ankit chouhan\OneDrive\Desktop\Scala\Blog_exp.scala. Using presentation compiler with project's scala-library version: 3.8.4
Jul 30, 2026 12:32:51 PM org.eclipse.lsp4j.jsonrpc.RemoteEndpoint handleCancellation
WARNING: Unmatched cancel notification for request id 3134
2026.07.30 12:32:51 INFO  no build target found for C:\Users\ankit chouhan\OneDrive\Desktop\Scala\Blog_exp.scala. Using presentation compiler with project's scala-library version: 3.8.4
2026.07.30 12:32:50 INFO  no build target found for C:\Users\ankit chouhan\OneDrive\Desktop\Scala\Blog_exp.scala. Using presentation compiler with project's scala-library version: 3.8.4
2026.07.30 12:32:51 INFO  no build target found for C:\Users\ankit chouhan\OneDrive\Desktop\Scala\Blog_exp.scala. Using presentation compiler with project's scala-library version: 3.8.4
2026.07.30 12:32:51 INFO  no build target found for C:\Users\ankit chouhan\OneDrive\Desktop\Scala\Blog_exp.scala. Using presentation compiler with project's scala-library version: 3.8.4
2026.07.30 12:32:51 INFO  no build target found for C:\Users\ankit chouhan\OneDrive\Desktop\Scala\Blog_exp.scala. Using presentation compiler with project's scala-library version: 3.8.4
2026.07.30 12:32:51 INFO  no build target found for C:\Users\ankit chouhan\OneDrive\Desktop\Scala\Blog_exp.scala. Using presentation compiler with project's scala-library version: 3.8.4
2026.07.30 12:32:51 INFO  no build target found for C:\Users\ankit chouhan\OneDrive\Desktop\Scala\Blog_exp.scala. Using presentation compiler with project's scala-library version: 3.8.4
2026.07.30 12:32:51 INFO  no build target found for C:\Users\ankit chouhan\OneDrive\Desktop\Scala\Blog_exp.scala. Using presentation compiler with project's scala-library version: 3.8.4
2026.07.30 12:32:52 INFO  no build target found for C:\Users\ankit chouhan\OneDrive\Desktop\Scala\Blog_exp.scala. Using presentation compiler with project's scala-library version: 3.8.4
2026.07.30 12:32:51 INFO  no build target found for C:\Users\ankit chouhan\OneDrive\Desktop\Scala\Blog_exp.scala. Using presentation compiler with project's scala-library version: 3.8.4
2026.07.30 12:32:52 INFO  no build target found for C:\Users\ankit chouhan\OneDrive\Desktop\Scala\Blog_exp.scala. Using presentation compiler with project's scala-library version: 3.8.4
2026.07.30 12:32:52 WARN  no build target for: C:\Users\ankit chouhan\OneDrive\Desktop\Scala\Blog_exp.scala
2026.07.30 12:32:52 INFO  no build target found for C:\Users\ankit chouhan\OneDrive\Desktop\Scala\Blog_exp.scala. Using presentation compiler with project's scala-library version: 3.8.4
2026.07.30 12:32:52 INFO  no build target found for C:\Users\ankit chouhan\OneDrive\Desktop\Scala\Blog_exp.scala. Using presentation compiler with project's scala-library version: 3.8.4
2026.07.30 12:32:53 INFO  no build target found for C:\Users\ankit chouhan\OneDrive\Desktop\Scala\Blog_exp.scala. Using presentation compiler with project's scala-library version: 3.8.4
2026.07.30 12:32:53 INFO  no build target found for C:\Users\ankit chouhan\OneDrive\Desktop\Scala\Blog_exp.scala. Using presentation compiler with project's scala-library version: 3.8.4
2026.07.30 12:32:53 INFO  no build target found for C:\Users\ankit chouhan\OneDrive\Desktop\Scala\Blog_exp.scala. Using presentation compiler with project's scala-library version: 3.8.4
2026.07.30 12:32:53 INFO  no build target found for C:\Users\ankit chouhan\OneDrive\Desktop\Scala\Blog_exp.scala. Using presentation compiler with project's scala-library version: 3.8.4
2026.07.30 12:32:53 INFO  no build target found for C:\Users\ankit chouhan\OneDrive\Desktop\Scala\Blog_exp.scala. Using presentation compiler with project's scala-library version: 3.8.4
2026.07.30 12:32:53 INFO  no build target found for C:\Users\ankit chouhan\OneDrive\Desktop\Scala\Blog_exp.scala. Using presentation compiler with project's scala-library version: 3.8.4
2026.07.30 12:32:53 INFO  no build target found for C:\Users\ankit chouhan\OneDrive\Desktop\Scala\Blog_exp.scala. Using presentation compiler with project's scala-library version: 3.8.4
2026.07.30 12:32:54 INFO  no build target found for C:\Users\ankit chouhan\OneDrive\Desktop\Scala\Blog_exp.scala. Using presentation compiler with project's scala-library version: 3.8.4
2026.07.30 12:32:54 INFO  no build target found for C:\Users\ankit chouhan\OneDrive\Desktop\Scala\Blog_exp.scala. Using presentation compiler with project's scala-library version: 3.8.4
2026.07.30 12:32:54 INFO  no build target found for C:\Users\ankit chouhan\OneDrive\Desktop\Scala\Blog_exp.scala. Using presentation compiler with project's scala-library version: 3.8.4
2026.07.30 12:32:54 INFO  no build target found for C:\Users\ankit chouhan\OneDrive\Desktop\Scala\Blog_exp.scala. Using presentation compiler with project's scala-library version: 3.8.4
2026.07.30 12:32:54 INFO  no build target found for C:\Users\ankit chouhan\OneDrive\Desktop\Scala\Blog_exp.scala. Using presentation compiler with project's scala-library version: 3.8.4
2026.07.30 12:32:54 INFO  no build target found for C:\Users\ankit chouhan\OneDrive\Desktop\Scala\Blog_exp.scala. Using presentation compiler with project's scala-library version: 3.8.4
2026.07.30 12:32:55 INFO  no build target found for C:\Users\ankit chouhan\OneDrive\Desktop\Scala\Blog_exp.scala. Using presentation compiler with project's scala-library version: 3.8.4
2026.07.30 12:32:54 INFO  no build target found for C:\Users\ankit chouhan\OneDrive\Desktop\Scala\Blog_exp.scala. Using presentation compiler with project's scala-library version: 3.8.4
2026.07.30 12:32:54 INFO  no build target found for C:\Users\ankit chouhan\OneDrive\Desktop\Scala\Blog_exp.scala. Using presentation compiler with project's scala-library version: 3.8.4
2026.07.30 12:32:55 INFO  no build target found for C:\Users\ankit chouhan\OneDrive\Desktop\Scala\Blog_exp.scala. Using presentation compiler with project's scala-library version: 3.8.4
2026.07.30 12:32:55 INFO  no build target found for C:\Users\ankit chouhan\OneDrive\Desktop\Scala\Blog_exp.scala. Using presentation compiler with project's scala-library version: 3.8.4
2026.07.30 12:32:55 INFO  no build target found for C:\Users\ankit chouhan\OneDrive\Desktop\Scala\Blog_exp.scala. Using presentation compiler with project's scala-library version: 3.8.4
2026.07.30 12:32:56 WARN  no build target for: C:\Users\ankit chouhan\OneDrive\Desktop\Scala\Blog_exp.scala
2026.07.30 12:32:56 INFO  no build target found for C:\Users\ankit chouhan\OneDrive\Desktop\Scala\Blog_exp.scala. Using presentation compiler with project's scala-library version: 3.8.4
2026.07.30 12:32:55 INFO  no build target found for C:\Users\ankit chouhan\OneDrive\Desktop\Scala\Blog_exp.scala. Using presentation compiler with project's scala-library version: 3.8.4
2026.07.30 12:32:55 INFO  no build target found for C:\Users\ankit chouhan\OneDrive\Desktop\Scala\Blog_exp.scala. Using presentation compiler with project's scala-library version: 3.8.4
2026.07.30 12:32:56 INFO  no build target found for C:\Users\ankit chouhan\OneDrive\Desktop\Scala\Blog_exp.scala. Using presentation compiler with project's scala-library version: 3.8.4
2026.07.30 12:32:56 INFO  no build target found for C:\Users\ankit chouhan\OneDrive\Desktop\Scala\Blog_exp.scala. Using presentation compiler with project's scala-library version: 3.8.4
2026.07.30 12:32:56 INFO  no build target found for C:\Users\ankit chouhan\OneDrive\Desktop\Scala\Blog_exp.scala. Using presentation compiler with project's scala-library version: 3.8.4
2026.07.30 12:32:56 INFO  no build target found for C:\Users\ankit chouhan\OneDrive\Desktop\Scala\Blog_exp.scala. Using presentation compiler with project's scala-library version: 3.8.4
2026.07.30 12:32:56 INFO  no build target found for C:\Users\ankit chouhan\OneDrive\Desktop\Scala\Blog_exp.scala. Using presentation compiler with project's scala-library version: 3.8.4
2026.07.30 12:32:57 INFO  no build target found for C:\Users\ankit chouhan\OneDrive\Desktop\Scala\Blog_exp.scala. Using presentation compiler with project's scala-library version: 3.8.4
2026.07.30 12:32:56 INFO  no build target found for C:\Users\ankit chouhan\OneDrive\Desktop\Scala\Blog_exp.scala. Using presentation compiler with project's scala-library version: 3.8.4
2026.07.30 12:32:57 INFO  no build target found for C:\Users\ankit chouhan\OneDrive\Desktop\Scala\Blog_exp.scala. Using presentation compiler with project's scala-library version: 3.8.4
2026.07.30 12:32:56 INFO  no build target found for C:\Users\ankit chouhan\OneDrive\Desktop\Scala\Blog_exp.scala. Using presentation compiler with project's scala-library version: 3.8.4
2026.07.30 12:32:57 INFO  no build target found for C:\Users\ankit chouhan\OneDrive\Desktop\Scala\Blog_exp.scala. Using presentation compiler with project's scala-library version: 3.8.4
2026.07.30 12:32:56 INFO  no build target found for C:\Users\ankit chouhan\OneDrive\Desktop\Scala\Blog_exp.scala. Using presentation compiler with project's scala-library version: 3.8.4
2026.07.30 12:32:56 INFO  no build target found for C:\Users\ankit chouhan\OneDrive\Desktop\Scala\Blog_exp.scala. Using presentation compiler with project's scala-library version: 3.8.4
2026.07.30 12:32:58 INFO  no build target found for C:\Users\ankit chouhan\OneDrive\Desktop\Scala\Blog_exp.scala. Using presentation compiler with project's scala-library version: 3.8.4
2026.07.30 12:32:58 INFO  no build target found for C:\Users\ankit chouhan\OneDrive\Desktop\Scala\Blog_exp.scala. Using presentation compiler with project's scala-library version: 3.8.4
2026.07.30 12:32:58 INFO  no build target found for C:\Users\ankit chouhan\OneDrive\Desktop\Scala\Blog_exp.scala. Using presentation compiler with project's scala-library version: 3.8.4
2026.07.30 12:32:57 INFO  no build target found for C:\Users\ankit chouhan\OneDrive\Desktop\Scala\Blog_exp.scala. Using presentation compiler with project's scala-library version: 3.8.4
2026.07.30 12:32:58 INFO  no build target found for C:\Users\ankit chouhan\OneDrive\Desktop\Scala\Blog_exp.scala. Using presentation compiler with project's scala-library version: 3.8.4
2026.07.30 12:32:58 INFO  no build target found for C:\Users\ankit chouhan\OneDrive\Desktop\Scala\Blog_exp.scala. Using presentation compiler with project's scala-library version: 3.8.4
2026.07.30 12:32:59 WARN  no build target for: C:\Users\ankit chouhan\OneDrive\Desktop\Scala\Blog_exp.scala
2026.07.30 12:32:59 INFO  no build target found for C:\Users\ankit chouhan\OneDrive\Desktop\Scala\Blog_exp.scala. Using presentation compiler with project's scala-library version: 3.8.4
2026.07.30 12:32:59 INFO  no build target found for C:\Users\ankit chouhan\OneDrive\Desktop\Scala\Blog_exp.scala. Using presentation compiler with project's scala-library version: 3.8.4
2026.07.30 12:33:01 INFO  no build target found for C:\Users\ankit chouhan\OneDrive\Desktop\Scala\Blog_exp.scala. Using presentation compiler with project's scala-library version: 3.8.4
2026.07.30 12:33:01 INFO  no build target found for C:\Users\ankit chouhan\OneDrive\Desktop\Scala\Blog_exp.scala. Using presentation compiler with project's scala-library version: 3.8.4
2026.07.30 12:33:05 INFO  no build target found for C:\Users\ankit chouhan\OneDrive\Desktop\Scala\Sum.scala. Using presentation compiler with project's scala-library version: 3.8.4
2026.07.30 12:33:05 WARN  no build target for: C:\Users\ankit chouhan\OneDrive\Desktop\Scala\Sum.scala
2026.07.30 12:33:05 INFO  no build target found for C:\Users\ankit chouhan\OneDrive\Desktop\Scala\Sum.scala. Using presentation compiler with project's scala-library version: 3.8.4
2026.07.30 12:33:05 INFO  no build target found for C:\Users\ankit chouhan\OneDrive\Desktop\Scala\Sum.scala. Using presentation compiler with project's scala-library version: 3.8.4
2026.07.30 12:33:05 INFO  no build target found for C:\Users\ankit chouhan\OneDrive\Desktop\Scala\Sum.scala. Using presentation compiler with project's scala-library version: 3.8.4
2026.07.30 12:33:08 INFO  no build target found for C:\Users\ankit chouhan\OneDrive\Desktop\Scala\Single_L.scala. Using presentation compiler with project's scala-library version: 3.8.4
2026.07.30 12:33:08 WARN  no build target for: C:\Users\ankit chouhan\OneDrive\Desktop\Scala\Single_L.scala
2026.07.30 12:33:08 INFO  no build target found for C:\Users\ankit chouhan\OneDrive\Desktop\Scala\Single_L.scala. Using presentation compiler with project's scala-library version: 3.8.4
2026.07.30 12:33:08 INFO  no build target found for C:\Users\ankit chouhan\OneDrive\Desktop\Scala\Single_L.scala. Using presentation compiler with project's scala-library version: 3.8.4
2026.07.30 12:33:08 INFO  no build target found for C:\Users\ankit chouhan\OneDrive\Desktop\Scala\Single_L.scala. Using presentation compiler with project's scala-library version: 3.8.4
2026.07.30 12:33:09 WARN  no build target for: C:\Users\ankit chouhan\OneDrive\Desktop\Scala\Blog_exp.scala
2026.07.30 12:33:09 INFO  no build target found for C:\Users\ankit chouhan\OneDrive\Desktop\Scala\Blog_exp.scala. Using presentation compiler with project's scala-library version: 3.8.4
2026.07.30 12:33:09 INFO  no build target found for C:\Users\ankit chouhan\OneDrive\Desktop\Scala\Blog_exp.scala. Using presentation compiler with project's scala-library version: 3.8.4
2026.07.30 12:33:09 INFO  no build target found for C:\Users\ankit chouhan\OneDrive\Desktop\Scala\Blog_exp.scala. Using presentation compiler with project's scala-library version: 3.8.4
2026.07.30 12:33:09 INFO  no build target found for C:\Users\ankit chouhan\OneDrive\Desktop\Scala\Blog_exp.scala. Using presentation compiler with project's scala-library version: 3.8.4
2026.07.30 12:33:09 INFO  no build target found for C:\Users\ankit chouhan\OneDrive\Desktop\Scala\Blog_exp.scala. Using presentation compiler with project's scala-library version: 3.8.4
2026.07.30 12:33:09 INFO  no build target found for C:\Users\ankit chouhan\OneDrive\Desktop\Scala\Blog_exp.scala. Using presentation compiler with project's scala-library version: 3.8.4
2026.07.30 12:33:10 INFO  no build target found for C:\Users\ankit chouhan\OneDrive\Desktop\Scala\Blog_exp.scala. Using presentation compiler with project's scala-library version: 3.8.4
2026.07.30 12:33:10 INFO  no build target found for C:\Users\ankit chouhan\OneDrive\Desktop\Scala\Blog_exp.scala. Using presentation compiler with project's scala-library version: 3.8.4
2026.07.30 12:33:10 INFO  no build target found for C:\Users\ankit chouhan\OneDrive\Desktop\Scala\Blog_exp.scala. Using presentation compiler with project's scala-library version: 3.8.4
2026.07.30 12:33:10 INFO  no build target found for C:\Users\ankit chouhan\OneDrive\Desktop\Scala\Blog_exp.scala. Using presentation compiler with project's scala-library version: 3.8.4
2026.07.30 12:33:12 INFO  no build target found for C:\Users\ankit chouhan\OneDrive\Desktop\Scala\Blog_exp.scala. Using presentation compiler with project's scala-library version: 3.8.4
2026.07.30 12:33:12 INFO  no build target found for C:\Users\ankit chouhan\OneDrive\Desktop\Scala\Blog_exp.scala. Using presentation compiler with project's scala-library version: 3.8.4
2026.07.30 12:33:12 INFO  no build target found for C:\Users\ankit chouhan\OneDrive\Desktop\Scala\Blog_exp.scala. Using presentation compiler with project's scala-library version: 3.8.4
2026.07.30 12:33:12 INFO  no build target found for C:\Users\ankit chouhan\OneDrive\Desktop\Scala\Blog_exp.scala. Using presentation compiler with project's scala-library version: 3.8.4
2026.07.30 12:33:12 INFO  no build target found for C:\Users\ankit chouhan\OneDrive\Desktop\Scala\Blog_exp.scala. Using presentation compiler with project's scala-library version: 3.8.4
2026.07.30 12:33:12 INFO  no build target found for C:\Users\ankit chouhan\OneDrive\Desktop\Scala\Blog_exp.scala. Using presentation compiler with project's scala-library version: 3.8.4
2026.07.30 12:33:13 WARN  no build target for: C:\Users\ankit chouhan\OneDrive\Desktop\Scala\Blog_exp.scala
2026.07.30 12:33:13 INFO  no build target found for C:\Users\ankit chouhan\OneDrive\Desktop\Scala\Blog_exp.scala. Using presentation compiler with project's scala-library version: 3.8.4
2026.07.30 12:33:15 INFO  no build target found for C:\Users\ankit chouhan\OneDrive\Desktop\Scala\Blog_exp.scala. Using presentation compiler with project's scala-library version: 3.8.4
2026.07.30 12:33:15 INFO  no build target found for C:\Users\ankit chouhan\OneDrive\Desktop\Scala\Blog_exp.scala. Using presentation compiler with project's scala-library version: 3.8.4
2026.07.30 12:33:18 INFO  no build target found for C:\Users\ankit chouhan\OneDrive\Desktop\Scala\Sum.scala. Using presentation compiler with project's scala-library version: 3.8.4
2026.07.30 12:33:18 WARN  no build target for: C:\Users\ankit chouhan\OneDrive\Desktop\Scala\Sum.scala
2026.07.30 12:33:18 INFO  no build target found for C:\Users\ankit chouhan\OneDrive\Desktop\Scala\Sum.scala. Using presentation compiler with project's scala-library version: 3.8.4
2026.07.30 12:33:18 INFO  no build target found for C:\Users\ankit chouhan\OneDrive\Desktop\Scala\Sum.scala. Using presentation compiler with project's scala-library version: 3.8.4
2026.07.30 12:33:18 INFO  no build target found for C:\Users\ankit chouhan\OneDrive\Desktop\Scala\Sum.scala. Using presentation compiler with project's scala-library version: 3.8.4
2026.07.30 12:33:23 INFO  no build target found for C:\Users\ankit chouhan\OneDrive\Desktop\Scala\Single_L.scala. Using presentation compiler with project's scala-library version: 3.8.4
2026.07.30 12:33:23 WARN  no build target for: C:\Users\ankit chouhan\OneDrive\Desktop\Scala\Single_L.scala
2026.07.30 12:33:23 INFO  no build target found for C:\Users\ankit chouhan\OneDrive\Desktop\Scala\Single_L.scala. Using presentation compiler with project's scala-library version: 3.8.4
2026.07.30 12:33:23 INFO  no build target found for C:\Users\ankit chouhan\OneDrive\Desktop\Scala\Single_L.scala. Using presentation compiler with project's scala-library version: 3.8.4
2026.07.30 12:33:23 INFO  no build target found for C:\Users\ankit chouhan\OneDrive\Desktop\Scala\Single_L.scala. Using presentation compiler with project's scala-library version: 3.8.4
2026.07.30 12:33:24 WARN  no build target for: C:\Users\ankit chouhan\OneDrive\Desktop\Scala\Blog_exp.scala
2026.07.30 12:33:24 INFO  no build target found for C:\Users\ankit chouhan\OneDrive\Desktop\Scala\Blog_exp.scala. Using presentation compiler with project's scala-library version: 3.8.4
2026.07.30 12:33:24 INFO  no build target found for C:\Users\ankit chouhan\OneDrive\Desktop\Scala\Blog_exp.scala. Using presentation compiler with project's scala-library version: 3.8.4
2026.07.30 12:33:24 INFO  no build target found for C:\Users\ankit chouhan\OneDrive\Desktop\Scala\Blog_exp.scala. Using presentation compiler with project's scala-library version: 3.8.4
2026.07.30 12:33:24 INFO  no build target found for C:\Users\ankit chouhan\OneDrive\Desktop\Scala\Blog_exp.scala. Using presentation compiler with project's scala-library version: 3.8.4
2026.07.30 12:33:26 INFO  no build target found for C:\Users\ankit chouhan\OneDrive\Desktop\Scala\Blog_exp.scala. Using presentation compiler with project's scala-library version: 3.8.4
2026.07.30 12:33:29 INFO  no build target found for C:\Users\ankit chouhan\OneDrive\Desktop\Scala\Blog_exp.scala. Using presentation compiler with project's scala-library version: 3.8.4
2026.07.30 12:33:29 INFO  no build target found for C:\Users\ankit chouhan\OneDrive\Desktop\Scala\Blog_exp.scala. Using presentation compiler with project's scala-library version: 3.8.4
2026.07.30 12:33:29 INFO  no build target found for C:\Users\ankit chouhan\OneDrive\Desktop\Scala\Blog_exp.scala. Using presentation compiler with project's scala-library version: 3.8.4
2026.07.30 12:33:30 WARN  no build target for: C:\Users\ankit chouhan\OneDrive\Desktop\Scala\Blog_exp.scala
2026.07.30 12:33:30 INFO  no build target found for C:\Users\ankit chouhan\OneDrive\Desktop\Scala\Blog_exp.scala. Using presentation compiler with project's scala-library version: 3.8.4
2026.07.30 12:33:33 INFO  no build target found for C:\Users\ankit chouhan\OneDrive\Desktop\Scala\Sum.scala. Using presentation compiler with project's scala-library version: 3.8.4
2026.07.30 12:33:33 WARN  no build target for: C:\Users\ankit chouhan\OneDrive\Desktop\Scala\Sum.scala
2026.07.30 12:33:33 INFO  no build target found for C:\Users\ankit chouhan\OneDrive\Desktop\Scala\Sum.scala. Using presentation compiler with project's scala-library version: 3.8.4
2026.07.30 12:33:33 INFO  no build target found for C:\Users\ankit chouhan\OneDrive\Desktop\Scala\Sum.scala. Using presentation compiler with project's scala-library version: 3.8.4
2026.07.30 12:33:33 INFO  no build target found for C:\Users\ankit chouhan\OneDrive\Desktop\Scala\Sum.scala. Using presentation compiler with project's scala-library version: 3.8.4
2026.07.30 12:33:35 WARN  no build target for: C:\Users\ankit chouhan\OneDrive\Desktop\Scala\Blog_exp.scala
2026.07.30 12:33:35 INFO  no build target found for C:\Users\ankit chouhan\OneDrive\Desktop\Scala\Blog_exp.scala. Using presentation compiler with project's scala-library version: 3.8.4
2026.07.30 12:33:37 INFO  no build target found for C:\Users\ankit chouhan\OneDrive\Desktop\Scala\Blog_exp.scala. Using presentation compiler with project's scala-library version: 3.8.4
2026.07.30 12:33:37 INFO  no build target found for C:\Users\ankit chouhan\OneDrive\Desktop\Scala\Blog_exp.scala. Using presentation compiler with project's scala-library version: 3.8.4
2026.07.30 12:33:37 INFO  no build target found for C:\Users\ankit chouhan\OneDrive\Desktop\Scala\Blog_exp.scala. Using presentation compiler with project's scala-library version: 3.8.4
2026.07.30 12:33:38 INFO  no build target found for C:\Users\ankit chouhan\OneDrive\Desktop\Scala\Blog_exp.scala. Using presentation compiler with project's scala-library version: 3.8.4
2026.07.30 12:33:38 INFO  no build target found for C:\Users\ankit chouhan\OneDrive\Desktop\Scala\Blog_exp.scala. Using presentation compiler with project's scala-library version: 3.8.4
2026.07.30 12:33:38 INFO  no build target found for C:\Users\ankit chouhan\OneDrive\Desktop\Scala\Blog_exp.scala. Using presentation compiler with project's scala-library version: 3.8.4
2026.07.30 12:33:38 INFO  no build target found for C:\Users\ankit chouhan\OneDrive\Desktop\Scala\Blog_exp.scala. Using presentation compiler with project's scala-library version: 3.8.4
2026.07.30 12:33:38 INFO  no build target found for C:\Users\ankit chouhan\OneDrive\Desktop\Scala\Blog_exp.scala. Using presentation compiler with project's scala-library version: 3.8.4
2026.07.30 12:33:39 INFO  no build target found for C:\Users\ankit chouhan\OneDrive\Desktop\Scala\Blog_exp.scala. Using presentation compiler with project's scala-library version: 3.8.4
2026.07.30 12:33:39 INFO  no build target found for C:\Users\ankit chouhan\OneDrive\Desktop\Scala\Blog_exp.scala. Using presentation compiler with project's scala-library version: 3.8.4
2026.07.30 12:33:38 INFO  no build target found for C:\Users\ankit chouhan\OneDrive\Desktop\Scala\Blog_exp.scala. Using presentation compiler with project's scala-library version: 3.8.4
2026.07.30 12:33:39 INFO  no build target found for C:\Users\ankit chouhan\OneDrive\Desktop\Scala\Blog_exp.scala. Using presentation compiler with project's scala-library version: 3.8.4
2026.07.30 12:33:40 WARN  no build target for: C:\Users\ankit chouhan\OneDrive\Desktop\Scala\Blog_exp.scala
2026.07.30 12:33:40 INFO  no build target found for C:\Users\ankit chouhan\OneDrive\Desktop\Scala\Blog_exp.scala. Using presentation compiler with project's scala-library version: 3.8.4
2026.07.30 12:33:39 INFO  no build target found for C:\Users\ankit chouhan\OneDrive\Desktop\Scala\Blog_exp.scala. Using presentation compiler with project's scala-library version: 3.8.4
2026.07.30 12:33:40 INFO  no build target found for C:\Users\ankit chouhan\OneDrive\Desktop\Scala\Blog_exp.scala. Using presentation compiler with project's scala-library version: 3.8.4
2026.07.30 12:33:40 INFO  no build target found for C:\Users\ankit chouhan\OneDrive\Desktop\Scala\Blog_exp.scala. Using presentation compiler with project's scala-library version: 3.8.4
2026.07.30 12:33:40 INFO  no build target found for C:\Users\ankit chouhan\OneDrive\Desktop\Scala\Blog_exp.scala. Using presentation compiler with project's scala-library version: 3.8.4
2026.07.30 12:33:40 INFO  no build target found for C:\Users\ankit chouhan\OneDrive\Desktop\Scala\Blog_exp.scala. Using presentation compiler with project's scala-library version: 3.8.4
2026.07.30 12:33:42 INFO  no build target found for C:\Users\ankit chouhan\OneDrive\Desktop\Scala\Blog_exp.scala. Using presentation compiler with project's scala-library version: 3.8.4
2026.07.30 12:33:42 INFO  no build target found for C:\Users\ankit chouhan\OneDrive\Desktop\Scala\Blog_exp.scala. Using presentation compiler with project's scala-library version: 3.8.4
2026.07.30 12:33:42 INFO  no build target found for C:\Users\ankit chouhan\OneDrive\Desktop\Scala\Blog_exp.scala. Using presentation compiler with project's scala-library version: 3.8.4
2026.07.30 12:33:42 INFO  no build target found for C:\Users\ankit chouhan\OneDrive\Desktop\Scala\Blog_exp.scala. Using presentation compiler with project's scala-library version: 3.8.4
2026.07.30 12:33:43 WARN  no build target for: C:\Users\ankit chouhan\OneDrive\Desktop\Scala\Blog_exp.scala
2026.07.30 12:33:43 INFO  no build target found for C:\Users\ankit chouhan\OneDrive\Desktop\Scala\Blog_exp.scala. Using presentation compiler with project's scala-library version: 3.8.4
2026.07.30 12:33:43 INFO  no build target found for C:\Users\ankit chouhan\OneDrive\Desktop\Scala\Blog_exp.scala. Using presentation compiler with project's scala-library version: 3.8.4
2026.07.30 12:33:43 INFO  no build target found for C:\Users\ankit chouhan\OneDrive\Desktop\Scala\Blog_exp.scala. Using presentation compiler with project's scala-library version: 3.8.4
2026.07.30 12:33:43 INFO  no build target found for C:\Users\ankit chouhan\OneDrive\Desktop\Scala\Blog_exp.scala. Using presentation compiler with project's scala-library version: 3.8.4
2026.07.30 12:33:44 INFO  no build target found for C:\Users\ankit chouhan\OneDrive\Desktop\Scala\Blog_exp.scala. Using presentation compiler with project's scala-library version: 3.8.4
2026.07.30 12:33:44 INFO  no build target found for C:\Users\ankit chouhan\OneDrive\Desktop\Scala\Blog_exp.scala. Using presentation compiler with project's scala-library version: 3.8.4
2026.07.30 12:33:43 INFO  no build target found for C:\Users\ankit chouhan\OneDrive\Desktop\Scala\Blog_exp.scala. Using presentation compiler with project's scala-library version: 3.8.4
2026.07.30 12:33:44 INFO  no build target found for C:\Users\ankit chouhan\OneDrive\Desktop\Scala\Blog_exp.scala. Using presentation compiler with project's scala-library version: 3.8.4
2026.07.30 12:33:44 INFO  no build target found for C:\Users\ankit chouhan\OneDrive\Desktop\Scala\Blog_exp.scala. Using presentation compiler with project's scala-library version: 3.8.4
2026.07.30 12:33:44 INFO  no build target found for C:\Users\ankit chouhan\OneDrive\Desktop\Scala\Blog_exp.scala. Using presentation compiler with project's scala-library version: 3.8.4
2026.07.30 12:33:45 INFO  no build target found for C:\Users\ankit chouhan\OneDrive\Desktop\Scala\Blog_exp.scala. Using presentation compiler with project's scala-library version: 3.8.4
2026.07.30 12:33:44 INFO  no build target found for C:\Users\ankit chouhan\OneDrive\Desktop\Scala\Blog_exp.scala. Using presentation compiler with project's scala-library version: 3.8.4
2026.07.30 12:33:45 INFO  no build target found for C:\Users\ankit chouhan\OneDrive\Desktop\Scala\Blog_exp.scala. Using presentation compiler with project's scala-library version: 3.8.4
2026.07.30 12:33:45 INFO  no build target found for C:\Users\ankit chouhan\OneDrive\Desktop\Scala\Blog_exp.scala. Using presentation compiler with project's scala-library version: 3.8.4
2026.07.30 12:33:45 INFO  no build target found for C:\Users\ankit chouhan\OneDrive\Desktop\Scala\Blog_exp.scala. Using presentation compiler with project's scala-library version: 3.8.4
2026.07.30 12:33:45 INFO  no build target found for C:\Users\ankit chouhan\OneDrive\Desktop\Scala\Blog_exp.scala. Using presentation compiler with project's scala-library version: 3.8.4
2026.07.30 12:33:45 INFO  no build target found for C:\Users\ankit chouhan\OneDrive\Desktop\Scala\Blog_exp.scala. Using presentation compiler with project's scala-library version: 3.8.4
2026.07.30 12:33:46 INFO  no build target found for C:\Users\ankit chouhan\OneDrive\Desktop\Scala\Blog_exp.scala. Using presentation compiler with project's scala-library version: 3.8.4
2026.07.30 12:33:46 WARN  no build target for: C:\Users\ankit chouhan\OneDrive\Desktop\Scala\Blog_exp.scala
2026.07.30 12:33:46 INFO  no build target found for C:\Users\ankit chouhan\OneDrive\Desktop\Scala\Blog_exp.scala. Using presentation compiler with project's scala-library version: 3.8.4
2026.07.30 12:33:47 INFO  no build target found for C:\Users\ankit chouhan\OneDrive\Desktop\Scala\Blog_exp.scala. Using presentation compiler with project's scala-library version: 3.8.4
2026.07.30 12:33:47 INFO  no build target found for C:\Users\ankit chouhan\OneDrive\Desktop\Scala\Blog_exp.scala. Using presentation compiler with project's scala-library version: 3.8.4
2026.07.30 12:33:51 INFO  no build target found for C:\Users\ankit chouhan\OneDrive\Desktop\Scala\Blog_exp.scala. Using presentation compiler with project's scala-library version: 3.8.4
2026.07.30 12:33:57 INFO  no build target found for C:\Users\ankit chouhan\OneDrive\Desktop\Scala\Sum.scala. Using presentation compiler with project's scala-library version: 3.8.4
2026.07.30 12:33:57 WARN  no build target for: C:\Users\ankit chouhan\OneDrive\Desktop\Scala\Sum.scala
2026.07.30 12:33:57 INFO  no build target found for C:\Users\ankit chouhan\OneDrive\Desktop\Scala\Sum.scala. Using presentation compiler with project's scala-library version: 3.8.4
2026.07.30 12:33:58 INFO  no build target found for C:\Users\ankit chouhan\OneDrive\Desktop\Scala\Sum.scala. Using presentation compiler with project's scala-library version: 3.8.4
2026.07.30 12:33:57 INFO  no build target found for C:\Users\ankit chouhan\OneDrive\Desktop\Scala\Sum.scala. Using presentation compiler with project's scala-library version: 3.8.4
2026.07.30 12:34:07 WARN  no build target for: C:\Users\ankit chouhan\OneDrive\Desktop\Scala\Blog_exp.scala
2026.07.30 12:34:07 INFO  no build target found for C:\Users\ankit chouhan\OneDrive\Desktop\Scala\Blog_exp.scala. Using presentation compiler with project's scala-library version: 3.8.4
2026.07.30 12:34:10 INFO  no build target found for C:\Users\ankit chouhan\OneDrive\Desktop\Scala\Blog_exp.scala. Using presentation compiler with project's scala-library version: 3.8.4
2026.07.30 12:34:10 INFO  no build target found for C:\Users\ankit chouhan\OneDrive\Desktop\Scala\Blog_exp.scala. Using presentation compiler with project's scala-library version: 3.8.4
2026.07.30 12:34:11 INFO  no build target found for C:\Users\ankit chouhan\OneDrive\Desktop\Scala\Blog_exp.scala. Using presentation compiler with project's scala-library version: 3.8.4
2026.07.30 12:34:11 INFO  no build target found for C:\Users\ankit chouhan\OneDrive\Desktop\Scala\Blog_exp.scala. Using presentation compiler with project's scala-library version: 3.8.4
2026.07.30 12:34:10 INFO  no build target found for C:\Users\ankit chouhan\OneDrive\Desktop\Scala\Blog_exp.scala. Using presentation compiler with project's scala-library version: 3.8.4
2026.07.30 12:34:10 INFO  no build target found for C:\Users\ankit chouhan\OneDrive\Desktop\Scala\Blog_exp.scala. Using presentation compiler with project's scala-library version: 3.8.4
2026.07.30 12:34:12 WARN  no build target for: C:\Users\ankit chouhan\OneDrive\Desktop\Scala\Blog_exp.scala
2026.07.30 12:34:12 INFO  no build target found for C:\Users\ankit chouhan\OneDrive\Desktop\Scala\Blog_exp.scala. Using presentation compiler with project's scala-library version: 3.8.4
2026.07.30 12:34:13 INFO  no build target found for C:\Users\ankit chouhan\OneDrive\Desktop\Scala\Blog_exp.scala. Using presentation compiler with project's scala-library version: 3.8.4
2026.07.30 12:34:13 INFO  no build target found for C:\Users\ankit chouhan\OneDrive\Desktop\Scala\Blog_exp.scala. Using presentation compiler with project's scala-library version: 3.8.4
2026.07.30 12:34:12 INFO  no build target found for C:\Users\ankit chouhan\OneDrive\Desktop\Scala\Blog_exp.scala. Using presentation compiler with project's scala-library version: 3.8.4
2026.07.30 12:34:13 INFO  no build target found for C:\Users\ankit chouhan\OneDrive\Desktop\Scala\Blog_exp.scala. Using presentation compiler with project's scala-library version: 3.8.4
2026.07.30 12:34:13 INFO  no build target found for C:\Users\ankit chouhan\OneDrive\Desktop\Scala\Blog_exp.scala. Using presentation compiler with project's scala-library version: 3.8.4
2026.07.30 12:34:13 INFO  no build target found for C:\Users\ankit chouhan\OneDrive\Desktop\Scala\Blog_exp.scala. Using presentation compiler with project's scala-library version: 3.8.4
2026.07.30 12:34:14 WARN  no build target for: C:\Users\ankit chouhan\OneDrive\Desktop\Scala\Blog_exp.scala
2026.07.30 12:34:14 INFO  no build target found for C:\Users\ankit chouhan\OneDrive\Desktop\Scala\Blog_exp.scala. Using presentation compiler with project's scala-library version: 3.8.4
2026.07.30 12:34:15 INFO  no build target found for C:\Users\ankit chouhan\OneDrive\Desktop\Scala\Blog_exp.scala. Using presentation compiler with project's scala-library version: 3.8.4
2026.07.30 12:34:15 INFO  no build target found for C:\Users\ankit chouhan\OneDrive\Desktop\Scala\Blog_exp.scala. Using presentation compiler with project's scala-library version: 3.8.4
2026.07.30 12:34:17 INFO  no build target found for C:\Users\ankit chouhan\OneDrive\Desktop\Scala\Blog_exp.scala. Using presentation compiler with project's scala-library version: 3.8.4
2026.07.30 12:34:17 INFO  no build target found for C:\Users\ankit chouhan\OneDrive\Desktop\Scala\Blog_exp.scala. Using presentation compiler with project's scala-library version: 3.8.4
2026.07.30 12:34:17 INFO  no build target found for C:\Users\ankit chouhan\OneDrive\Desktop\Scala\Blog_exp.scala. Using presentation compiler with project's scala-library version: 3.8.4
2026.07.30 12:34:19 INFO  no build target found for C:\Users\ankit chouhan\OneDrive\Desktop\Scala\Single_L.scala. Using presentation compiler with project's scala-library version: 3.8.4
2026.07.30 12:34:19 WARN  no build target for: C:\Users\ankit chouhan\OneDrive\Desktop\Scala\Single_L.scala
2026.07.30 12:34:19 INFO  no build target found for C:\Users\ankit chouhan\OneDrive\Desktop\Scala\Single_L.scala. Using presentation compiler with project's scala-library version: 3.8.4
2026.07.30 12:34:19 INFO  no build target found for C:\Users\ankit chouhan\OneDrive\Desktop\Scala\Single_L.scala. Using presentation compiler with project's scala-library version: 3.8.4
2026.07.30 12:34:19 INFO  no build target found for C:\Users\ankit chouhan\OneDrive\Desktop\Scala\Single_L.scala. Using presentation compiler with project's scala-library version: 3.8.4
2026.07.30 12:34:21 INFO  no build target found for C:\Users\ankit chouhan\OneDrive\Desktop\Scala\Sum.scala. Using presentation compiler with project's scala-library version: 3.8.4
2026.07.30 12:34:21 WARN  no build target for: C:\Users\ankit chouhan\OneDrive\Desktop\Scala\Sum.scala
2026.07.30 12:34:21 INFO  no build target found for C:\Users\ankit chouhan\OneDrive\Desktop\Scala\Sum.scala. Using presentation compiler with project's scala-library version: 3.8.4
2026.07.30 12:34:25 INFO  no build target found for C:\Users\ankit chouhan\OneDrive\Desktop\Scala\Blog_exp.scala. Using presentation compiler with project's scala-library version: 3.8.4
2026.07.30 12:34:25 WARN  no build target for: C:\Users\ankit chouhan\OneDrive\Desktop\Scala\Blog_exp.scala
2026.07.30 12:34:25 INFO  no build target found for C:\Users\ankit chouhan\OneDrive\Desktop\Scala\Blog_exp.scala. Using presentation compiler with project's scala-library version: 3.8.4
2026.07.30 12:34:26 INFO  no build target found for C:\Users\ankit chouhan\OneDrive\Desktop\Scala\Blog_exp.scala. Using presentation compiler with project's scala-library version: 3.8.4
2026.07.30 12:34:26 INFO  no build target found for C:\Users\ankit chouhan\OneDrive\Desktop\Scala\Blog_exp.scala. Using presentation compiler with project's scala-library version: 3.8.4
2026.07.30 12:34:26 INFO  no build target found for C:\Users\ankit chouhan\OneDrive\Desktop\Scala\Blog_exp.scala. Using presentation compiler with project's scala-library version: 3.8.4
2026.07.30 12:34:28 INFO  no build target found for C:\Users\ankit chouhan\OneDrive\Desktop\Scala\Blog_exp.scala. Using presentation compiler with project's scala-library version: 3.8.4
2026.07.30 12:34:28 INFO  no build target found for C:\Users\ankit chouhan\OneDrive\Desktop\Scala\Blog_exp.scala. Using presentation compiler with project's scala-library version: 3.8.4
2026.07.30 12:34:28 INFO  no build target found for C:\Users\ankit chouhan\OneDrive\Desktop\Scala\Blog_exp.scala. Using presentation compiler with project's scala-library version: 3.8.4
2026.07.30 12:34:28 INFO  no build target found for C:\Users\ankit chouhan\OneDrive\Desktop\Scala\Blog_exp.scala. Using presentation compiler with project's scala-library version: 3.8.4
2026.07.30 12:34:28 INFO  no build target found for C:\Users\ankit chouhan\OneDrive\Desktop\Scala\Blog_exp.scala. Using presentation compiler with project's scala-library version: 3.8.4
2026.07.30 12:34:28 INFO  no build target found for C:\Users\ankit chouhan\OneDrive\Desktop\Scala\Blog_exp.scala. Using presentation compiler with project's scala-library version: 3.8.4
2026.07.30 12:34:28 INFO  no build target found for C:\Users\ankit chouhan\OneDrive\Desktop\Scala\Blog_exp.scala. Using presentation compiler with project's scala-library version: 3.8.4
2026.07.30 12:34:29 INFO  no build target found for C:\Users\ankit chouhan\OneDrive\Desktop\Scala\Blog_exp.scala. Using presentation compiler with project's scala-library version: 3.8.4
2026.07.30 12:34:29 INFO  no build target found for C:\Users\ankit chouhan\OneDrive\Desktop\Scala\Blog_exp.scala. Using presentation compiler with project's scala-library version: 3.8.4
2026.07.30 12:34:28 INFO  no build target found for C:\Users\ankit chouhan\OneDrive\Desktop\Scala\Blog_exp.scala. Using presentation compiler with project's scala-library version: 3.8.4
2026.07.30 12:34:29 INFO  no build target found for C:\Users\ankit chouhan\OneDrive\Desktop\Scala\Blog_exp.scala. Using presentation compiler with project's scala-library version: 3.8.4
2026.07.30 12:34:30 WARN  no build target for: C:\Users\ankit chouhan\OneDrive\Desktop\Scala\Blog_exp.scala
2026.07.30 12:34:30 INFO  no build target found for C:\Users\ankit chouhan\OneDrive\Desktop\Scala\Blog_exp.scala. Using presentation compiler with project's scala-library version: 3.8.4
2026.07.30 12:34:29 INFO  no build target found for C:\Users\ankit chouhan\OneDrive\Desktop\Scala\Blog_exp.scala. Using presentation compiler with project's scala-library version: 3.8.4
2026.07.30 12:34:31 INFO  no build target found for C:\Users\ankit chouhan\OneDrive\Desktop\Scala\Blog_exp.scala. Using presentation compiler with project's scala-library version: 3.8.4
2026.07.30 12:34:31 INFO  no build target found for C:\Users\ankit chouhan\OneDrive\Desktop\Scala\Blog_exp.scala. Using presentation compiler with project's scala-library version: 3.8.4
2026.07.30 12:34:31 INFO  no build target found for C:\Users\ankit chouhan\OneDrive\Desktop\Scala\Blog_exp.scala. Using presentation compiler with project's scala-library version: 3.8.4
2026.07.30 12:34:32 WARN  no build target for: C:\Users\ankit chouhan\OneDrive\Desktop\Scala\Blog_exp.scala
2026.07.30 12:34:32 INFO  no build target found for C:\Users\ankit chouhan\OneDrive\Desktop\Scala\Blog_exp.scala. Using presentation compiler with project's scala-library version: 3.8.4
2026.07.30 12:34:32 INFO  no build target found for C:\Users\ankit chouhan\OneDrive\Desktop\Scala\Blog_exp.scala. Using presentation compiler with project's scala-library version: 3.8.4
2026.07.30 12:34:33 INFO  no build target found for C:\Users\ankit chouhan\OneDrive\Desktop\Scala\Blog_exp.scala. Using presentation compiler with project's scala-library version: 3.8.4
2026.07.30 12:34:33 INFO  no build target found for C:\Users\ankit chouhan\OneDrive\Desktop\Scala\Blog_exp.scala. Using presentation compiler with project's scala-library version: 3.8.4
2026.07.30 12:34:33 INFO  no build target found for C:\Users\ankit chouhan\OneDrive\Desktop\Scala\Blog_exp.scala. Using presentation compiler with project's scala-library version: 3.8.4
2026.07.30 12:34:33 INFO  no build target found for C:\Users\ankit chouhan\OneDrive\Desktop\Scala\Blog_exp.scala. Using presentation compiler with project's scala-library version: 3.8.4
2026.07.30 12:34:33 INFO  no build target found for C:\Users\ankit chouhan\OneDrive\Desktop\Scala\Blog_exp.scala. Using presentation compiler with project's scala-library version: 3.8.4
2026.07.30 12:34:33 INFO  no build target found for C:\Users\ankit chouhan\OneDrive\Desktop\Scala\Blog_exp.scala. Using presentation compiler with project's scala-library version: 3.8.4
2026.07.30 12:34:34 INFO  no build target found for C:\Users\ankit chouhan\OneDrive\Desktop\Scala\Blog_exp.scala. Using presentation compiler with project's scala-library version: 3.8.4
2026.07.30 12:34:34 INFO  no build target found for C:\Users\ankit chouhan\OneDrive\Desktop\Scala\Blog_exp.scala. Using presentation compiler with project's scala-library version: 3.8.4
2026.07.30 12:34:34 INFO  no build target found for C:\Users\ankit chouhan\OneDrive\Desktop\Scala\Blog_exp.scala. Using presentation compiler with project's scala-library version: 3.8.4
2026.07.30 12:34:34 INFO  no build target found for C:\Users\ankit chouhan\OneDrive\Desktop\Scala\Blog_exp.scala. Using presentation compiler with project's scala-library version: 3.8.4
2026.07.30 12:34:34 INFO  no build target found for C:\Users\ankit chouhan\OneDrive\Desktop\Scala\Blog_exp.scala. Using presentation compiler with project's scala-library version: 3.8.4
2026.07.30 12:34:34 INFO  no build target found for C:\Users\ankit chouhan\OneDrive\Desktop\Scala\Blog_exp.scala. Using presentation compiler with project's scala-library version: 3.8.4
2026.07.30 12:34:34 INFO  no build target found for C:\Users\ankit chouhan\OneDrive\Desktop\Scala\Blog_exp.scala. Using presentation compiler with project's scala-library version: 3.8.4
2026.07.30 12:34:34 INFO  no build target found for C:\Users\ankit chouhan\OneDrive\Desktop\Scala\Blog_exp.scala. Using presentation compiler with project's scala-library version: 3.8.4
2026.07.30 12:34:35 INFO  no build target found for C:\Users\ankit chouhan\OneDrive\Desktop\Scala\Blog_exp.scala. Using presentation compiler with project's scala-library version: 3.8.4
2026.07.30 12:34:34 INFO  no build target found for C:\Users\ankit chouhan\OneDrive\Desktop\Scala\Blog_exp.scala. Using presentation compiler with project's scala-library version: 3.8.4
2026.07.30 12:34:34 INFO  no build target found for C:\Users\ankit chouhan\OneDrive\Desktop\Scala\Blog_exp.scala. Using presentation compiler with project's scala-library version: 3.8.4
2026.07.30 12:34:35 INFO  no build target found for C:\Users\ankit chouhan\OneDrive\Desktop\Scala\Blog_exp.scala. Using presentation compiler with project's scala-library version: 3.8.4
2026.07.30 12:34:35 INFO  no build target found for C:\Users\ankit chouhan\OneDrive\Desktop\Scala\Blog_exp.scala. Using presentation compiler with project's scala-library version: 3.8.4
2026.07.30 12:34:35 INFO  no build target found for C:\Users\ankit chouhan\OneDrive\Desktop\Scala\Blog_exp.scala. Using presentation compiler with project's scala-library version: 3.8.4
2026.07.30 12:34:35 INFO  no build target found for C:\Users\ankit chouhan\OneDrive\Desktop\Scala\Blog_exp.scala. Using presentation compiler with project's scala-library version: 3.8.4
2026.07.30 12:34:35 INFO  no build target found for C:\Users\ankit chouhan\OneDrive\Desktop\Scala\Blog_exp.scala. Using presentation compiler with project's scala-library version: 3.8.4
2026.07.30 12:34:36 INFO  no build target found for C:\Users\ankit chouhan\OneDrive\Desktop\Scala\Blog_exp.scala. Using presentation compiler with project's scala-library version: 3.8.4
2026.07.30 12:34:36 INFO  no build target found for C:\Users\ankit chouhan\OneDrive\Desktop\Scala\Blog_exp.scala. Using presentation compiler with project's scala-library version: 3.8.4
2026.07.30 12:34:35 INFO  no build target found for C:\Users\ankit chouhan\OneDrive\Desktop\Scala\Blog_exp.scala. Using presentation compiler with project's scala-library version: 3.8.4
Jul 30, 2026 12:34:36 PM org.eclipse.lsp4j.jsonrpc.RemoteEndpoint handleCancellation
WARNING: Unmatched cancel notification for request id 3514
2026.07.30 12:34:36 INFO  no build target found for C:\Users\ankit chouhan\OneDrive\Desktop\Scala\Blog_exp.scala. Using presentation compiler with project's scala-library version: 3.8.4
2026.07.30 12:34:36 INFO  no build target found for C:\Users\ankit chouhan\OneDrive\Desktop\Scala\Blog_exp.scala. Using presentation compiler with project's scala-library version: 3.8.4
2026.07.30 12:34:36 INFO  no build target found for C:\Users\ankit chouhan\OneDrive\Desktop\Scala\Blog_exp.scala. Using presentation compiler with project's scala-library version: 3.8.4
2026.07.30 12:34:37 WARN  no build target for: C:\Users\ankit chouhan\OneDrive\Desktop\Scala\Blog_exp.scala
2026.07.30 12:34:37 INFO  no build target found for C:\Users\ankit chouhan\OneDrive\Desktop\Scala\Blog_exp.scala. Using presentation compiler with project's scala-library version: 3.8.4
2026.07.30 12:34:38 INFO  no build target found for C:\Users\ankit chouhan\OneDrive\Desktop\Scala\Blog_exp.scala. Using presentation compiler with project's scala-library version: 3.8.4
2026.07.30 12:34:38 INFO  no build target found for C:\Users\ankit chouhan\OneDrive\Desktop\Scala\Blog_exp.scala. Using presentation compiler with project's scala-library version: 3.8.4
2026.07.30 12:34:37 INFO  no build target found for C:\Users\ankit chouhan\OneDrive\Desktop\Scala\Blog_exp.scala. Using presentation compiler with project's scala-library version: 3.8.4
2026.07.30 12:34:37 INFO  no build target found for C:\Users\ankit chouhan\OneDrive\Desktop\Scala\Blog_exp.scala. Using presentation compiler with project's scala-library version: 3.8.4
2026.07.30 12:34:38 INFO  no build target found for C:\Users\ankit chouhan\OneDrive\Desktop\Scala\Blog_exp.scala. Using presentation compiler with project's scala-library version: 3.8.4
2026.07.30 12:34:39 INFO  no build target found for C:\Users\ankit chouhan\OneDrive\Desktop\Scala\Blog_exp.scala. Using presentation compiler with project's scala-library version: 3.8.4
2026.07.30 12:34:39 INFO  no build target found for C:\Users\ankit chouhan\OneDrive\Desktop\Scala\Blog_exp.scala. Using presentation compiler with project's scala-library version: 3.8.4
2026.07.30 12:34:39 INFO  no build target found for C:\Users\ankit chouhan\OneDrive\Desktop\Scala\Blog_exp.scala. Using presentation compiler with project's scala-library version: 3.8.4
Jul 30, 2026 12:34:39 PM org.eclipse.lsp4j.jsonrpc.RemoteEndpoint handleCancellation
WARNING: Unmatched cancel notification for request id 3537
2026.07.30 12:34:39 INFO  no build target found for C:\Users\ankit chouhan\OneDrive\Desktop\Scala\Blog_exp.scala. Using presentation compiler with project's scala-library version: 3.8.4
2026.07.30 12:34:39 INFO  no build target found for C:\Users\ankit chouhan\OneDrive\Desktop\Scala\Blog_exp.scala. Using presentation compiler with project's scala-library version: 3.8.4
2026.07.30 12:34:39 INFO  no build target found for C:\Users\ankit chouhan\OneDrive\Desktop\Scala\Blog_exp.scala. Using presentation compiler with project's scala-library version: 3.8.4
2026.07.30 12:34:40 INFO  no build target found for C:\Users\ankit chouhan\OneDrive\Desktop\Scala\Blog_exp.scala. Using presentation compiler with project's scala-library version: 3.8.4
2026.07.30 12:34:39 INFO  no build target found for C:\Users\ankit chouhan\OneDrive\Desktop\Scala\Blog_exp.scala. Using presentation compiler with project's scala-library version: 3.8.4
2026.07.30 12:34:40 INFO  no build target found for C:\Users\ankit chouhan\OneDrive\Desktop\Scala\Blog_exp.scala. Using presentation compiler with project's scala-library version: 3.8.4
2026.07.30 12:34:40 INFO  no build target found for C:\Users\ankit chouhan\OneDrive\Desktop\Scala\Blog_exp.scala. Using presentation compiler with project's scala-library version: 3.8.4
2026.07.30 12:34:40 INFO  no build target found for C:\Users\ankit chouhan\OneDrive\Desktop\Scala\Blog_exp.scala. Using presentation compiler with project's scala-library version: 3.8.4
2026.07.30 12:34:40 INFO  no build target found for C:\Users\ankit chouhan\OneDrive\Desktop\Scala\Blog_exp.scala. Using presentation compiler with project's scala-library version: 3.8.4
2026.07.30 12:34:40 INFO  no build target found for C:\Users\ankit chouhan\OneDrive\Desktop\Scala\Blog_exp.scala. Using presentation compiler with project's scala-library version: 3.8.4
2026.07.30 12:34:41 INFO  no build target found for C:\Users\ankit chouhan\OneDrive\Desktop\Scala\Blog_exp.scala. Using presentation compiler with project's scala-library version: 3.8.4
2026.07.30 12:34:40 INFO  no build target found for C:\Users\ankit chouhan\OneDrive\Desktop\Scala\Blog_exp.scala. Using presentation compiler with project's scala-library version: 3.8.4
Jul 30, 2026 12:34:41 PM org.eclipse.lsp4j.jsonrpc.RemoteEndpoint handleCancellation
WARNING: Unmatched cancel notification for request id 3556
2026.07.30 12:34:40 INFO  no build target found for C:\Users\ankit chouhan\OneDrive\Desktop\Scala\Blog_exp.scala. Using presentation compiler with project's scala-library version: 3.8.4
2026.07.30 12:34:40 INFO  no build target found for C:\Users\ankit chouhan\OneDrive\Desktop\Scala\Blog_exp.scala. Using presentation compiler with project's scala-library version: 3.8.4
2026.07.30 12:34:41 INFO  no build target found for C:\Users\ankit chouhan\OneDrive\Desktop\Scala\Blog_exp.scala. Using presentation compiler with project's scala-library version: 3.8.4
2026.07.30 12:34:41 INFO  no build target found for C:\Users\ankit chouhan\OneDrive\Desktop\Scala\Blog_exp.scala. Using presentation compiler with project's scala-library version: 3.8.4
2026.07.30 12:34:42 INFO  no build target found for C:\Users\ankit chouhan\OneDrive\Desktop\Scala\Blog_exp.scala. Using presentation compiler with project's scala-library version: 3.8.4
2026.07.30 12:34:42 INFO  no build target found for C:\Users\ankit chouhan\OneDrive\Desktop\Scala\Blog_exp.scala. Using presentation compiler with project's scala-library version: 3.8.4
2026.07.30 12:34:42 INFO  no build target found for C:\Users\ankit chouhan\OneDrive\Desktop\Scala\Blog_exp.scala. Using presentation compiler with project's scala-library version: 3.8.4
2026.07.30 12:34:42 INFO  no build target found for C:\Users\ankit chouhan\OneDrive\Desktop\Scala\Blog_exp.scala. Using presentation compiler with project's scala-library version: 3.8.4
Jul 30, 2026 12:34:42 PM org.eclipse.lsp4j.jsonrpc.RemoteEndpoint handleCancellation
WARNING: Unmatched cancel notification for request id 3569
2026.07.30 12:34:42 INFO  no build target found for C:\Users\ankit chouhan\OneDrive\Desktop\Scala\Blog_exp.scala. Using presentation compiler with project's scala-library version: 3.8.4
2026.07.30 12:34:42 INFO  no build target found for C:\Users\ankit chouhan\OneDrive\Desktop\Scala\Blog_exp.scala. Using presentation compiler with project's scala-library version: 3.8.4
2026.07.30 12:34:42 INFO  no build target found for C:\Users\ankit chouhan\OneDrive\Desktop\Scala\Blog_exp.scala. Using presentation compiler with project's scala-library version: 3.8.4
2026.07.30 12:34:42 INFO  no build target found for C:\Users\ankit chouhan\OneDrive\Desktop\Scala\Blog_exp.scala. Using presentation compiler with project's scala-library version: 3.8.4
2026.07.30 12:34:42 INFO  no build target found for C:\Users\ankit chouhan\OneDrive\Desktop\Scala\Blog_exp.scala. Using presentation compiler with project's scala-library version: 3.8.4
2026.07.30 12:34:42 INFO  no build target found for C:\Users\ankit chouhan\OneDrive\Desktop\Scala\Blog_exp.scala. Using presentation compiler with project's scala-library version: 3.8.4
2026.07.30 12:34:43 INFO  no build target found for C:\Users\ankit chouhan\OneDrive\Desktop\Scala\Blog_exp.scala. Using presentation compiler with project's scala-library version: 3.8.4
2026.07.30 12:34:43 INFO  no build target found for C:\Users\ankit chouhan\OneDrive\Desktop\Scala\Blog_exp.scala. Using presentation compiler with project's scala-library version: 3.8.4
2026.07.30 12:34:43 INFO  no build target found for C:\Users\ankit chouhan\OneDrive\Desktop\Scala\Blog_exp.scala. Using presentation compiler with project's scala-library version: 3.8.4
2026.07.30 12:34:43 INFO  no build target found for C:\Users\ankit chouhan\OneDrive\Desktop\Scala\Blog_exp.scala. Using presentation compiler with project's scala-library version: 3.8.4
2026.07.30 12:34:43 INFO  no build target found for C:\Users\ankit chouhan\OneDrive\Desktop\Scala\Blog_exp.scala. Using presentation compiler with project's scala-library version: 3.8.4
2026.07.30 12:34:43 INFO  no build target found for C:\Users\ankit chouhan\OneDrive\Desktop\Scala\Blog_exp.scala. Using presentation compiler with project's scala-library version: 3.8.4
2026.07.30 12:34:43 INFO  no build target found for C:\Users\ankit chouhan\OneDrive\Desktop\Scala\Blog_exp.scala. Using presentation compiler with project's scala-library version: 3.8.4
2026.07.30 12:34:43 INFO  no build target found for C:\Users\ankit chouhan\OneDrive\Desktop\Scala\Blog_exp.scala. Using presentation compiler with project's scala-library version: 3.8.4
2026.07.30 12:34:43 INFO  no build target found for C:\Users\ankit chouhan\OneDrive\Desktop\Scala\Blog_exp.scala. Using presentation compiler with project's scala-library version: 3.8.4
2026.07.30 12:34:43 INFO  no build target found for C:\Users\ankit chouhan\OneDrive\Desktop\Scala\Blog_exp.scala. Using presentation compiler with project's scala-library version: 3.8.4
2026.07.30 12:34:44 INFO  no build target found for C:\Users\ankit chouhan\OneDrive\Desktop\Scala\Blog_exp.scala. Using presentation compiler with project's scala-library version: 3.8.4
2026.07.30 12:34:44 INFO  no build target found for C:\Users\ankit chouhan\OneDrive\Desktop\Scala\Blog_exp.scala. Using presentation compiler with project's scala-library version: 3.8.4
2026.07.30 12:34:44 INFO  no build target found for C:\Users\ankit chouhan\OneDrive\Desktop\Scala\Blog_exp.scala. Using presentation compiler with project's scala-library version: 3.8.4
2026.07.30 12:34:44 INFO  no build target found for C:\Users\ankit chouhan\OneDrive\Desktop\Scala\Blog_exp.scala. Using presentation compiler with project's scala-library version: 3.8.4
2026.07.30 12:34:44 INFO  no build target found for C:\Users\ankit chouhan\OneDrive\Desktop\Scala\Blog_exp.scala. Using presentation compiler with project's scala-library version: 3.8.4
2026.07.30 12:34:45 INFO  no build target found for C:\Users\ankit chouhan\OneDrive\Desktop\Scala\Blog_exp.scala. Using presentation compiler with project's scala-library version: 3.8.4
2026.07.30 12:34:45 INFO  no build target found for C:\Users\ankit chouhan\OneDrive\Desktop\Scala\Blog_exp.scala. Using presentation compiler with project's scala-library version: 3.8.4
2026.07.30 12:34:45 INFO  no build target found for C:\Users\ankit chouhan\OneDrive\Desktop\Scala\Blog_exp.scala. Using presentation compiler with project's scala-library version: 3.8.4
2026.07.30 12:34:45 INFO  no build target found for C:\Users\ankit chouhan\OneDrive\Desktop\Scala\Blog_exp.scala. Using presentation compiler with project's scala-library version: 3.8.4
2026.07.30 12:34:45 INFO  no build target found for C:\Users\ankit chouhan\OneDrive\Desktop\Scala\Blog_exp.scala. Using presentation compiler with project's scala-library version: 3.8.4
2026.07.30 12:34:45 INFO  no build target found for C:\Users\ankit chouhan\OneDrive\Desktop\Scala\Blog_exp.scala. Using presentation compiler with project's scala-library version: 3.8.4
2026.07.30 12:34:45 INFO  no build target found for C:\Users\ankit chouhan\OneDrive\Desktop\Scala\Blog_exp.scala. Using presentation compiler with project's scala-library version: 3.8.4
2026.07.30 12:34:46 INFO  no build target found for C:\Users\ankit chouhan\OneDrive\Desktop\Scala\Blog_exp.scala. Using presentation compiler with project's scala-library version: 3.8.4
2026.07.30 12:34:46 INFO  no build target found for C:\Users\ankit chouhan\OneDrive\Desktop\Scala\Blog_exp.scala. Using presentation compiler with project's scala-library version: 3.8.4
2026.07.30 12:34:46 INFO  no build target found for C:\Users\ankit chouhan\OneDrive\Desktop\Scala\Blog_exp.scala. Using presentation compiler with project's scala-library version: 3.8.4
2026.07.30 12:34:46 INFO  no build target found for C:\Users\ankit chouhan\OneDrive\Desktop\Scala\Blog_exp.scala. Using presentation compiler with project's scala-library version: 3.8.4
2026.07.30 12:34:46 INFO  no build target found for C:\Users\ankit chouhan\OneDrive\Desktop\Scala\Blog_exp.scala. Using presentation compiler with project's scala-library version: 3.8.4
2026.07.30 12:34:46 INFO  no build target found for C:\Users\ankit chouhan\OneDrive\Desktop\Scala\Blog_exp.scala. Using presentation compiler with project's scala-library version: 3.8.4
2026.07.30 12:34:46 INFO  no build target found for C:\Users\ankit chouhan\OneDrive\Desktop\Scala\Blog_exp.scala. Using presentation compiler with project's scala-library version: 3.8.4
2026.07.30 12:34:47 INFO  no build target found for C:\Users\ankit chouhan\OneDrive\Desktop\Scala\Blog_exp.scala. Using presentation compiler with project's scala-library version: 3.8.4
2026.07.30 12:34:47 INFO  no build target found for C:\Users\ankit chouhan\OneDrive\Desktop\Scala\Blog_exp.scala. Using presentation compiler with project's scala-library version: 3.8.4
2026.07.30 12:34:46 INFO  no build target found for C:\Users\ankit chouhan\OneDrive\Desktop\Scala\Blog_exp.scala. Using presentation compiler with project's scala-library version: 3.8.4
2026.07.30 12:34:47 INFO  no build target found for C:\Users\ankit chouhan\OneDrive\Desktop\Scala\Blog_exp.scala. Using presentation compiler with project's scala-library version: 3.8.4
2026.07.30 12:34:47 INFO  no build target found for C:\Users\ankit chouhan\OneDrive\Desktop\Scala\Blog_exp.scala. Using presentation compiler with project's scala-library version: 3.8.4
2026.07.30 12:34:47 INFO  no build target found for C:\Users\ankit chouhan\OneDrive\Desktop\Scala\Blog_exp.scala. Using presentation compiler with project's scala-library version: 3.8.4
2026.07.30 12:34:47 INFO  no build target found for C:\Users\ankit chouhan\OneDrive\Desktop\Scala\Blog_exp.scala. Using presentation compiler with project's scala-library version: 3.8.4
2026.07.30 12:34:47 INFO  no build target found for C:\Users\ankit chouhan\OneDrive\Desktop\Scala\Blog_exp.scala. Using presentation compiler with project's scala-library version: 3.8.4
2026.07.30 12:34:47 INFO  no build target found for C:\Users\ankit chouhan\OneDrive\Desktop\Scala\Blog_exp.scala. Using presentation compiler with project's scala-library version: 3.8.4
2026.07.30 12:34:48 INFO  no build target found for C:\Users\ankit chouhan\OneDrive\Desktop\Scala\Blog_exp.scala. Using presentation compiler with project's scala-library version: 3.8.4
2026.07.30 12:34:48 INFO  no build target found for C:\Users\ankit chouhan\OneDrive\Desktop\Scala\Blog_exp.scala. Using presentation compiler with project's scala-library version: 3.8.4
2026.07.30 12:34:49 INFO  no build target found for C:\Users\ankit chouhan\OneDrive\Desktop\Scala\Blog_exp.scala. Using presentation compiler with project's scala-library version: 3.8.4
2026.07.30 12:34:49 INFO  no build target found for C:\Users\ankit chouhan\OneDrive\Desktop\Scala\Blog_exp.scala. Using presentation compiler with project's scala-library version: 3.8.4
2026.07.30 12:34:49 INFO  no build target found for C:\Users\ankit chouhan\OneDrive\Desktop\Scala\Blog_exp.scala. Using presentation compiler with project's scala-library version: 3.8.4
2026.07.30 12:34:49 INFO  no build target found for C:\Users\ankit chouhan\OneDrive\Desktop\Scala\Blog_exp.scala. Using presentation compiler with project's scala-library version: 3.8.4
2026.07.30 12:34:49 INFO  no build target found for C:\Users\ankit chouhan\OneDrive\Desktop\Scala\Blog_exp.scala. Using presentation compiler with project's scala-library version: 3.8.4
2026.07.30 12:34:49 INFO  no build target found for C:\Users\ankit chouhan\OneDrive\Desktop\Scala\Blog_exp.scala. Using presentation compiler with project's scala-library version: 3.8.4
2026.07.30 12:34:50 INFO  no build target found for C:\Users\ankit chouhan\OneDrive\Desktop\Scala\Blog_exp.scala. Using presentation compiler with project's scala-library version: 3.8.4
2026.07.30 12:34:50 WARN  no build target for: C:\Users\ankit chouhan\OneDrive\Desktop\Scala\Blog_exp.scala
2026.07.30 12:34:50 INFO  no build target found for C:\Users\ankit chouhan\OneDrive\Desktop\Scala\Blog_exp.scala. Using presentation compiler with project's scala-library version: 3.8.4
2026.07.30 12:34:50 INFO  no build target found for C:\Users\ankit chouhan\OneDrive\Desktop\Scala\Blog_exp.scala. Using presentation compiler with project's scala-library version: 3.8.4
2026.07.30 12:34:52 INFO  no build target found for C:\Users\ankit chouhan\OneDrive\Desktop\Scala\Blog_exp.scala. Using presentation compiler with project's scala-library version: 3.8.4
2026.07.30 12:34:52 INFO  no build target found for C:\Users\ankit chouhan\OneDrive\Desktop\Scala\Blog_exp.scala. Using presentation compiler with project's scala-library version: 3.8.4
2026.07.30 12:34:52 INFO  no build target found for C:\Users\ankit chouhan\OneDrive\Desktop\Scala\Blog_exp.scala. Using presentation compiler with project's scala-library version: 3.8.4
2026.07.30 12:34:52 INFO  no build target found for C:\Users\ankit chouhan\OneDrive\Desktop\Scala\Blog_exp.scala. Using presentation compiler with project's scala-library version: 3.8.4
2026.07.30 12:34:52 INFO  no build target found for C:\Users\ankit chouhan\OneDrive\Desktop\Scala\Blog_exp.scala. Using presentation compiler with project's scala-library version: 3.8.4
2026.07.30 12:34:52 INFO  no build target found for C:\Users\ankit chouhan\OneDrive\Desktop\Scala\Blog_exp.scala. Using presentation compiler with project's scala-library version: 3.8.4
2026.07.30 12:34:52 INFO  no build target found for C:\Users\ankit chouhan\OneDrive\Desktop\Scala\Blog_exp.scala. Using presentation compiler with project's scala-library version: 3.8.4
2026.07.30 12:34:53 INFO  no build target found for C:\Users\ankit chouhan\OneDrive\Desktop\Scala\Blog_exp.scala. Using presentation compiler with project's scala-library version: 3.8.4
2026.07.30 12:34:53 INFO  no build target found for C:\Users\ankit chouhan\OneDrive\Desktop\Scala\Blog_exp.scala. Using presentation compiler with project's scala-library version: 3.8.4
2026.07.30 12:34:53 WARN  no build target for: C:\Users\ankit chouhan\OneDrive\Desktop\Scala\Blog_exp.scala
2026.07.30 12:34:53 INFO  no build target found for C:\Users\ankit chouhan\OneDrive\Desktop\Scala\Blog_exp.scala. Using presentation compiler with project's scala-library version: 3.8.4
2026.07.30 12:34:54 INFO  no build target found for C:\Users\ankit chouhan\OneDrive\Desktop\Scala\Blog_exp.scala. Using presentation compiler with project's scala-library version: 3.8.4
2026.07.30 12:34:54 INFO  no build target found for C:\Users\ankit chouhan\OneDrive\Desktop\Scala\Blog_exp.scala. Using presentation compiler with project's scala-library version: 3.8.4
2026.07.30 12:34:54 INFO  no build target found for C:\Users\ankit chouhan\OneDrive\Desktop\Scala\Blog_exp.scala. Using presentation compiler with project's scala-library version: 3.8.4
2026.07.30 12:34:54 INFO  no build target found for C:\Users\ankit chouhan\OneDrive\Desktop\Scala\Blog_exp.scala. Using presentation compiler with project's scala-library version: 3.8.4
Jul 30, 2026 12:34:54 PM org.eclipse.lsp4j.jsonrpc.RemoteEndpoint handleCancellation
WARNING: Unmatched cancel notification for request id 3685
2026.07.30 12:34:54 INFO  no build target found for C:\Users\ankit chouhan\OneDrive\Desktop\Scala\Blog_exp.scala. Using presentation compiler with project's scala-library version: 3.8.4
2026.07.30 12:34:55 INFO  no build target found for C:\Users\ankit chouhan\OneDrive\Desktop\Scala\Blog_exp.scala. Using presentation compiler with project's scala-library version: 3.8.4
2026.07.30 12:34:55 WARN  no build target for: C:\Users\ankit chouhan\OneDrive\Desktop\Scala\Blog_exp.scala
2026.07.30 12:34:55 INFO  no build target found for C:\Users\ankit chouhan\OneDrive\Desktop\Scala\Blog_exp.scala. Using presentation compiler with project's scala-library version: 3.8.4
2026.07.30 12:34:56 INFO  no build target found for C:\Users\ankit chouhan\OneDrive\Desktop\Scala\Blog_exp.scala. Using presentation compiler with project's scala-library version: 3.8.4
2026.07.30 12:34:56 INFO  no build target found for C:\Users\ankit chouhan\OneDrive\Desktop\Scala\Blog_exp.scala. Using presentation compiler with project's scala-library version: 3.8.4
2026.07.30 12:34:55 INFO  no build target found for C:\Users\ankit chouhan\OneDrive\Desktop\Scala\Blog_exp.scala. Using presentation compiler with project's scala-library version: 3.8.4
2026.07.30 12:34:56 INFO  no build target found for C:\Users\ankit chouhan\OneDrive\Desktop\Scala\Blog_exp.scala. Using presentation compiler with project's scala-library version: 3.8.4
2026.07.30 12:34:55 INFO  no build target found for C:\Users\ankit chouhan\OneDrive\Desktop\Scala\Blog_exp.scala. Using presentation compiler with project's scala-library version: 3.8.4
2026.07.30 12:34:56 INFO  no build target found for C:\Users\ankit chouhan\OneDrive\Desktop\Scala\Blog_exp.scala. Using presentation compiler with project's scala-library version: 3.8.4
2026.07.30 12:34:56 INFO  no build target found for C:\Users\ankit chouhan\OneDrive\Desktop\Scala\Blog_exp.scala. Using presentation compiler with project's scala-library version: 3.8.4
2026.07.30 12:34:57 WARN  no build target for: C:\Users\ankit chouhan\OneDrive\Desktop\Scala\Blog_exp.scala
2026.07.30 12:34:57 INFO  no build target found for C:\Users\ankit chouhan\OneDrive\Desktop\Scala\Blog_exp.scala. Using presentation compiler with project's scala-library version: 3.8.4
2026.07.30 12:34:57 INFO  no build target found for C:\Users\ankit chouhan\OneDrive\Desktop\Scala\Blog_exp.scala. Using presentation compiler with project's scala-library version: 3.8.4
2026.07.30 12:34:57 INFO  no build target found for C:\Users\ankit chouhan\OneDrive\Desktop\Scala\Blog_exp.scala. Using presentation compiler with project's scala-library version: 3.8.4
2026.07.30 12:34:57 INFO  no build target found for C:\Users\ankit chouhan\OneDrive\Desktop\Scala\Blog_exp.scala. Using presentation compiler with project's scala-library version: 3.8.4
2026.07.30 12:34:57 INFO  no build target found for C:\Users\ankit chouhan\OneDrive\Desktop\Scala\Blog_exp.scala. Using presentation compiler with project's scala-library version: 3.8.4
2026.07.30 12:34:57 INFO  no build target found for C:\Users\ankit chouhan\OneDrive\Desktop\Scala\Blog_exp.scala. Using presentation compiler with project's scala-library version: 3.8.4
2026.07.30 12:34:58 INFO  no build target found for C:\Users\ankit chouhan\OneDrive\Desktop\Scala\Blog_exp.scala. Using presentation compiler with project's scala-library version: 3.8.4
2026.07.30 12:34:57 INFO  no build target found for C:\Users\ankit chouhan\OneDrive\Desktop\Scala\Blog_exp.scala. Using presentation compiler with project's scala-library version: 3.8.4
2026.07.30 12:34:58 INFO  no build target found for C:\Users\ankit chouhan\OneDrive\Desktop\Scala\Blog_exp.scala. Using presentation compiler with project's scala-library version: 3.8.4
2026.07.30 12:34:58 INFO  no build target found for C:\Users\ankit chouhan\OneDrive\Desktop\Scala\Blog_exp.scala. Using presentation compiler with project's scala-library version: 3.8.4
2026.07.30 12:34:59 INFO  no build target found for C:\Users\ankit chouhan\OneDrive\Desktop\Scala\Blog_exp.scala. Using presentation compiler with project's scala-library version: 3.8.4
2026.07.30 12:34:59 INFO  no build target found for C:\Users\ankit chouhan\OneDrive\Desktop\Scala\Blog_exp.scala. Using presentation compiler with project's scala-library version: 3.8.4
2026.07.30 12:34:59 WARN  no build target for: C:\Users\ankit chouhan\OneDrive\Desktop\Scala\Blog_exp.scala
2026.07.30 12:34:58 INFO  no build target found for C:\Users\ankit chouhan\OneDrive\Desktop\Scala\Blog_exp.scala. Using presentation compiler with project's scala-library version: 3.8.4
2026.07.30 12:34:59 INFO  no build target found for C:\Users\ankit chouhan\OneDrive\Desktop\Scala\Blog_exp.scala. Using presentation compiler with project's scala-library version: 3.8.4
2026.07.30 12:35:00 WARN  no build target for: C:\Users\ankit chouhan\OneDrive\Desktop\Scala\Blog_exp.scala
2026.07.30 12:35:00 INFO  no build target found for C:\Users\ankit chouhan\OneDrive\Desktop\Scala\Blog_exp.scala. Using presentation compiler with project's scala-library version: 3.8.4
2026.07.30 12:35:00 INFO  no build target found for C:\Users\ankit chouhan\OneDrive\Desktop\Scala\Blog_exp.scala. Using presentation compiler with project's scala-library version: 3.8.4
2026.07.30 12:35:00 INFO  no build target found for C:\Users\ankit chouhan\OneDrive\Desktop\Scala\Blog_exp.scala. Using presentation compiler with project's scala-library version: 3.8.4
2026.07.30 12:35:00 INFO  no build target found for C:\Users\ankit chouhan\OneDrive\Desktop\Scala\Blog_exp.scala. Using presentation compiler with project's scala-library version: 3.8.4
2026.07.30 12:35:00 INFO  no build target found for C:\Users\ankit chouhan\OneDrive\Desktop\Scala\Blog_exp.scala. Using presentation compiler with project's scala-library version: 3.8.4
2026.07.30 12:35:00 INFO  no build target found for C:\Users\ankit chouhan\OneDrive\Desktop\Scala\Blog_exp.scala. Using presentation compiler with project's scala-library version: 3.8.4
2026.07.30 12:35:00 INFO  no build target found for C:\Users\ankit chouhan\OneDrive\Desktop\Scala\Blog_exp.scala. Using presentation compiler with project's scala-library version: 3.8.4
2026.07.30 12:35:00 INFO  no build target found for C:\Users\ankit chouhan\OneDrive\Desktop\Scala\Blog_exp.scala. Using presentation compiler with project's scala-library version: 3.8.4
2026.07.30 12:35:00 INFO  no build target found for C:\Users\ankit chouhan\OneDrive\Desktop\Scala\Blog_exp.scala. Using presentation compiler with project's scala-library version: 3.8.4
2026.07.30 12:35:00 INFO  no build target found for C:\Users\ankit chouhan\OneDrive\Desktop\Scala\Blog_exp.scala. Using presentation compiler with project's scala-library version: 3.8.4
Jul 30, 2026 12:35:01 PM org.eclipse.lsp4j.jsonrpc.RemoteEndpoint handleCancellation
WARNING: Unmatched cancel notification for request id 3748
2026.07.30 12:35:01 INFO  no build target found for C:\Users\ankit chouhan\OneDrive\Desktop\Scala\Blog_exp.scala. Using presentation compiler with project's scala-library version: 3.8.4
2026.07.30 12:35:01 INFO  no build target found for C:\Users\ankit chouhan\OneDrive\Desktop\Scala\Blog_exp.scala. Using presentation compiler with project's scala-library version: 3.8.4
2026.07.30 12:35:01 INFO  no build target found for C:\Users\ankit chouhan\OneDrive\Desktop\Scala\Blog_exp.scala. Using presentation compiler with project's scala-library version: 3.8.4
2026.07.30 12:35:01 INFO  no build target found for C:\Users\ankit chouhan\OneDrive\Desktop\Scala\Blog_exp.scala. Using presentation compiler with project's scala-library version: 3.8.4
2026.07.30 12:35:01 INFO  no build target found for C:\Users\ankit chouhan\OneDrive\Desktop\Scala\Blog_exp.scala. Using presentation compiler with project's scala-library version: 3.8.4
2026.07.30 12:35:01 INFO  no build target found for C:\Users\ankit chouhan\OneDrive\Desktop\Scala\Blog_exp.scala. Using presentation compiler with project's scala-library version: 3.8.4
2026.07.30 12:35:01 INFO  no build target found for C:\Users\ankit chouhan\OneDrive\Desktop\Scala\Blog_exp.scala. Using presentation compiler with project's scala-library version: 3.8.4
2026.07.30 12:35:01 INFO  no build target found for C:\Users\ankit chouhan\OneDrive\Desktop\Scala\Blog_exp.scala. Using presentation compiler with project's scala-library version: 3.8.4
2026.07.30 12:35:01 INFO  no build target found for C:\Users\ankit chouhan\OneDrive\Desktop\Scala\Blog_exp.scala. Using presentation compiler with project's scala-library version: 3.8.4
2026.07.30 12:35:01 INFO  no build target found for C:\Users\ankit chouhan\OneDrive\Desktop\Scala\Blog_exp.scala. Using presentation compiler with project's scala-library version: 3.8.4
2026.07.30 12:35:03 WARN  no build target for: C:\Users\ankit chouhan\OneDrive\Desktop\Scala\Blog_exp.scala
2026.07.30 12:35:03 INFO  no build target found for C:\Users\ankit chouhan\OneDrive\Desktop\Scala\Blog_exp.scala. Using presentation compiler with project's scala-library version: 3.8.4
2026.07.30 12:35:03 INFO  no build target found for C:\Users\ankit chouhan\OneDrive\Desktop\Scala\Blog_exp.scala. Using presentation compiler with project's scala-library version: 3.8.4
2026.07.30 12:35:03 INFO  no build target found for C:\Users\ankit chouhan\OneDrive\Desktop\Scala\Blog_exp.scala. Using presentation compiler with project's scala-library version: 3.8.4
2026.07.30 12:35:03 INFO  no build target found for C:\Users\ankit chouhan\OneDrive\Desktop\Scala\Blog_exp.scala. Using presentation compiler with project's scala-library version: 3.8.4
2026.07.30 12:35:03 INFO  no build target found for C:\Users\ankit chouhan\OneDrive\Desktop\Scala\Blog_exp.scala. Using presentation compiler with project's scala-library version: 3.8.4
2026.07.30 12:35:03 INFO  no build target found for C:\Users\ankit chouhan\OneDrive\Desktop\Scala\Blog_exp.scala. Using presentation compiler with project's scala-library version: 3.8.4
2026.07.30 12:35:04 INFO  no build target found for C:\Users\ankit chouhan\OneDrive\Desktop\Scala\Blog_exp.scala. Using presentation compiler with project's scala-library version: 3.8.4
2026.07.30 12:35:04 INFO  no build target found for C:\Users\ankit chouhan\OneDrive\Desktop\Scala\Blog_exp.scala. Using presentation compiler with project's scala-library version: 3.8.4
2026.07.30 12:35:03 INFO  no build target found for C:\Users\ankit chouhan\OneDrive\Desktop\Scala\Blog_exp.scala. Using presentation compiler with project's scala-library version: 3.8.4
2026.07.30 12:35:04 INFO  no build target found for C:\Users\ankit chouhan\OneDrive\Desktop\Scala\Blog_exp.scala. Using presentation compiler with project's scala-library version: 3.8.4
2026.07.30 12:35:04 INFO  no build target found for C:\Users\ankit chouhan\OneDrive\Desktop\Scala\Blog_exp.scala. Using presentation compiler with project's scala-library version: 3.8.4
2026.07.30 12:35:04 INFO  no build target found for C:\Users\ankit chouhan\OneDrive\Desktop\Scala\Blog_exp.scala. Using presentation compiler with project's scala-library version: 3.8.4
2026.07.30 12:35:04 INFO  no build target found for C:\Users\ankit chouhan\OneDrive\Desktop\Scala\Blog_exp.scala. Using presentation compiler with project's scala-library version: 3.8.4
2026.07.30 12:35:04 INFO  no build target found for C:\Users\ankit chouhan\OneDrive\Desktop\Scala\Blog_exp.scala. Using presentation compiler with project's scala-library version: 3.8.4
2026.07.30 12:35:05 INFO  no build target found for C:\Users\ankit chouhan\OneDrive\Desktop\Scala\Blog_exp.scala. Using presentation compiler with project's scala-library version: 3.8.4
2026.07.30 12:35:05 INFO  no build target found for C:\Users\ankit chouhan\OneDrive\Desktop\Scala\Blog_exp.scala. Using presentation compiler with project's scala-library version: 3.8.4
2026.07.30 12:35:05 INFO  no build target found for C:\Users\ankit chouhan\OneDrive\Desktop\Scala\Blog_exp.scala. Using presentation compiler with project's scala-library version: 3.8.4
2026.07.30 12:35:05 INFO  no build target found for C:\Users\ankit chouhan\OneDrive\Desktop\Scala\Blog_exp.scala. Using presentation compiler with project's scala-library version: 3.8.4
2026.07.30 12:35:05 INFO  no build target found for C:\Users\ankit chouhan\OneDrive\Desktop\Scala\Blog_exp.scala. Using presentation compiler with project's scala-library version: 3.8.4
2026.07.30 12:35:05 INFO  no build target found for C:\Users\ankit chouhan\OneDrive\Desktop\Scala\Blog_exp.scala. Using presentation compiler with project's scala-library version: 3.8.4
2026.07.30 12:35:06 INFO  no build target found for C:\Users\ankit chouhan\OneDrive\Desktop\Scala\Blog_exp.scala. Using presentation compiler with project's scala-library version: 3.8.4
2026.07.30 12:35:06 INFO  no build target found for C:\Users\ankit chouhan\OneDrive\Desktop\Scala\Blog_exp.scala. Using presentation compiler with project's scala-library version: 3.8.4
2026.07.30 12:35:05 INFO  no build target found for C:\Users\ankit chouhan\OneDrive\Desktop\Scala\Blog_exp.scala. Using presentation compiler with project's scala-library version: 3.8.4
2026.07.30 12:35:05 INFO  no build target found for C:\Users\ankit chouhan\OneDrive\Desktop\Scala\Blog_exp.scala. Using presentation compiler with project's scala-library version: 3.8.4
2026.07.30 12:35:07 INFO  no build target found for C:\Users\ankit chouhan\OneDrive\Desktop\Scala\Blog_exp.scala. Using presentation compiler with project's scala-library version: 3.8.4
2026.07.30 12:35:07 INFO  no build target found for C:\Users\ankit chouhan\OneDrive\Desktop\Scala\Blog_exp.scala. Using presentation compiler with project's scala-library version: 3.8.4
2026.07.30 12:35:07 INFO  no build target found for C:\Users\ankit chouhan\OneDrive\Desktop\Scala\Blog_exp.scala. Using presentation compiler with project's scala-library version: 3.8.4
2026.07.30 12:35:07 INFO  no build target found for C:\Users\ankit chouhan\OneDrive\Desktop\Scala\Blog_exp.scala. Using presentation compiler with project's scala-library version: 3.8.4
2026.07.30 12:35:07 INFO  no build target found for C:\Users\ankit chouhan\OneDrive\Desktop\Scala\Blog_exp.scala. Using presentation compiler with project's scala-library version: 3.8.4
2026.07.30 12:35:07 INFO  no build target found for C:\Users\ankit chouhan\OneDrive\Desktop\Scala\Blog_exp.scala. Using presentation compiler with project's scala-library version: 3.8.4
2026.07.30 12:35:07 INFO  no build target found for C:\Users\ankit chouhan\OneDrive\Desktop\Scala\Blog_exp.scala. Using presentation compiler with project's scala-library version: 3.8.4
2026.07.30 12:35:07 INFO  no build target found for C:\Users\ankit chouhan\OneDrive\Desktop\Scala\Blog_exp.scala. Using presentation compiler with project's scala-library version: 3.8.4
2026.07.30 12:35:08 INFO  no build target found for C:\Users\ankit chouhan\OneDrive\Desktop\Scala\Blog_exp.scala. Using presentation compiler with project's scala-library version: 3.8.4
2026.07.30 12:35:08 WARN  no build target for: C:\Users\ankit chouhan\OneDrive\Desktop\Scala\Blog_exp.scala
2026.07.30 12:35:08 INFO  no build target found for C:\Users\ankit chouhan\OneDrive\Desktop\Scala\Blog_exp.scala. Using presentation compiler with project's scala-library version: 3.8.4
2026.07.30 12:35:08 INFO  no build target found for C:\Users\ankit chouhan\OneDrive\Desktop\Scala\Blog_exp.scala. Using presentation compiler with project's scala-library version: 3.8.4
2026.07.30 12:35:12 INFO  no build target found for C:\Users\ankit chouhan\OneDrive\Desktop\Scala\Blog_exp.scala. Using presentation compiler with project's scala-library version: 3.8.4
2026.07.30 12:35:12 INFO  no build target found for C:\Users\ankit chouhan\OneDrive\Desktop\Scala\Blog_exp.scala. Using presentation compiler with project's scala-library version: 3.8.4
2026.07.30 12:35:12 INFO  no build target found for C:\Users\ankit chouhan\OneDrive\Desktop\Scala\Blog_exp.scala. Using presentation compiler with project's scala-library version: 3.8.4
2026.07.30 12:35:12 INFO  no build target found for C:\Users\ankit chouhan\OneDrive\Desktop\Scala\Blog_exp.scala. Using presentation compiler with project's scala-library version: 3.8.4
2026.07.30 12:35:12 INFO  no build target found for C:\Users\ankit chouhan\OneDrive\Desktop\Scala\Blog_exp.scala. Using presentation compiler with project's scala-library version: 3.8.4
2026.07.30 12:35:12 INFO  no build target found for C:\Users\ankit chouhan\OneDrive\Desktop\Scala\Blog_exp.scala. Using presentation compiler with project's scala-library version: 3.8.4
2026.07.30 12:35:12 INFO  no build target found for C:\Users\ankit chouhan\OneDrive\Desktop\Scala\Blog_exp.scala. Using presentation compiler with project's scala-library version: 3.8.4
2026.07.30 12:35:13 WARN  no build target for: C:\Users\ankit chouhan\OneDrive\Desktop\Scala\Blog_exp.scala
2026.07.30 12:35:13 INFO  no build target found for C:\Users\ankit chouhan\OneDrive\Desktop\Scala\Blog_exp.scala. Using presentation compiler with project's scala-library version: 3.8.4
2026.07.30 12:35:13 INFO  no build target found for C:\Users\ankit chouhan\OneDrive\Desktop\Scala\Blog_exp.scala. Using presentation compiler with project's scala-library version: 3.8.4
2026.07.30 12:35:13 INFO  no build target found for C:\Users\ankit chouhan\OneDrive\Desktop\Scala\Blog_exp.scala. Using presentation compiler with project's scala-library version: 3.8.4
2026.07.30 12:35:13 INFO  no build target found for C:\Users\ankit chouhan\OneDrive\Desktop\Scala\Blog_exp.scala. Using presentation compiler with project's scala-library version: 3.8.4
2026.07.30 12:35:13 INFO  no build target found for C:\Users\ankit chouhan\OneDrive\Desktop\Scala\Blog_exp.scala. Using presentation compiler with project's scala-library version: 3.8.4
2026.07.30 12:35:13 INFO  no build target found for C:\Users\ankit chouhan\OneDrive\Desktop\Scala\Blog_exp.scala. Using presentation compiler with project's scala-library version: 3.8.4
2026.07.30 12:35:13 INFO  no build target found for C:\Users\ankit chouhan\OneDrive\Desktop\Scala\Blog_exp.scala. Using presentation compiler with project's scala-library version: 3.8.4
2026.07.30 12:35:13 INFO  no build target found for C:\Users\ankit chouhan\OneDrive\Desktop\Scala\Blog_exp.scala. Using presentation compiler with project's scala-library version: 3.8.4
2026.07.30 12:35:13 INFO  no build target found for C:\Users\ankit chouhan\OneDrive\Desktop\Scala\Blog_exp.scala. Using presentation compiler with project's scala-library version: 3.8.4
2026.07.30 12:35:13 INFO  no build target found for C:\Users\ankit chouhan\OneDrive\Desktop\Scala\Blog_exp.scala. Using presentation compiler with project's scala-library version: 3.8.4
2026.07.30 12:35:13 INFO  no build target found for C:\Users\ankit chouhan\OneDrive\Desktop\Scala\Blog_exp.scala. Using presentation compiler with project's scala-library version: 3.8.4
2026.07.30 12:35:14 INFO  no build target found for C:\Users\ankit chouhan\OneDrive\Desktop\Scala\Blog_exp.scala. Using presentation compiler with project's scala-library version: 3.8.4
2026.07.30 12:35:14 INFO  no build target found for C:\Users\ankit chouhan\OneDrive\Desktop\Scala\Blog_exp.scala. Using presentation compiler with project's scala-library version: 3.8.4
2026.07.30 12:35:14 INFO  no build target found for C:\Users\ankit chouhan\OneDrive\Desktop\Scala\Blog_exp.scala. Using presentation compiler with project's scala-library version: 3.8.4
2026.07.30 12:35:14 INFO  no build target found for C:\Users\ankit chouhan\OneDrive\Desktop\Scala\Blog_exp.scala. Using presentation compiler with project's scala-library version: 3.8.4
2026.07.30 12:35:15 WARN  no build target for: C:\Users\ankit chouhan\OneDrive\Desktop\Scala\Blog_exp.scala
2026.07.30 12:35:15 INFO  no build target found for C:\Users\ankit chouhan\OneDrive\Desktop\Scala\Blog_exp.scala. Using presentation compiler with project's scala-library version: 3.8.4
2026.07.30 12:35:15 INFO  no build target found for C:\Users\ankit chouhan\OneDrive\Desktop\Scala\Blog_exp.scala. Using presentation compiler with project's scala-library version: 3.8.4
2026.07.30 12:35:18 INFO  no build target found for C:\Users\ankit chouhan\OneDrive\Desktop\Scala\Blog_exp.scala. Using presentation compiler with project's scala-library version: 3.8.4
2026.07.30 12:35:21 INFO  no build target found for C:\Users\ankit chouhan\OneDrive\Desktop\Scala\Blog_exp.scala. Using presentation compiler with project's scala-library version: 3.8.4
2026.07.30 12:35:21 INFO  no build target found for C:\Users\ankit chouhan\OneDrive\Desktop\Scala\Blog_exp.scala. Using presentation compiler with project's scala-library version: 3.8.4
2026.07.30 12:35:21 INFO  no build target found for C:\Users\ankit chouhan\OneDrive\Desktop\Scala\Blog_exp.scala. Using presentation compiler with project's scala-library version: 3.8.4
2026.07.30 12:35:21 INFO  no build target found for C:\Users\ankit chouhan\OneDrive\Desktop\Scala\Blog_exp.scala. Using presentation compiler with project's scala-library version: 3.8.4
2026.07.30 12:35:22 INFO  no build target found for C:\Users\ankit chouhan\OneDrive\Desktop\Scala\Blog_exp.scala. Using presentation compiler with project's scala-library version: 3.8.4
2026.07.30 12:35:21 INFO  no build target found for C:\Users\ankit chouhan\OneDrive\Desktop\Scala\Blog_exp.scala. Using presentation compiler with project's scala-library version: 3.8.4
2026.07.30 12:35:22 INFO  no build target found for C:\Users\ankit chouhan\OneDrive\Desktop\Scala\Blog_exp.scala. Using presentation compiler with project's scala-library version: 3.8.4
2026.07.30 12:35:22 INFO  no build target found for C:\Users\ankit chouhan\OneDrive\Desktop\Scala\Blog_exp.scala. Using presentation compiler with project's scala-library version: 3.8.4
2026.07.30 12:35:22 INFO  no build target found for C:\Users\ankit chouhan\OneDrive\Desktop\Scala\Blog_exp.scala. Using presentation compiler with project's scala-library version: 3.8.4
2026.07.30 12:35:23 INFO  no build target found for C:\Users\ankit chouhan\OneDrive\Desktop\Scala\Blog_exp.scala. Using presentation compiler with project's scala-library version: 3.8.4
2026.07.30 12:35:22 INFO  no build target found for C:\Users\ankit chouhan\OneDrive\Desktop\Scala\Blog_exp.scala. Using presentation compiler with project's scala-library version: 3.8.4
2026.07.30 12:35:22 INFO  no build target found for C:\Users\ankit chouhan\OneDrive\Desktop\Scala\Blog_exp.scala. Using presentation compiler with project's scala-library version: 3.8.4
2026.07.30 12:35:23 INFO  no build target found for C:\Users\ankit chouhan\OneDrive\Desktop\Scala\Blog_exp.scala. Using presentation compiler with project's scala-library version: 3.8.4
2026.07.30 12:35:22 INFO  no build target found for C:\Users\ankit chouhan\OneDrive\Desktop\Scala\Blog_exp.scala. Using presentation compiler with project's scala-library version: 3.8.4
2026.07.30 12:35:23 INFO  no build target found for C:\Users\ankit chouhan\OneDrive\Desktop\Scala\Blog_exp.scala. Using presentation compiler with project's scala-library version: 3.8.4
2026.07.30 12:35:22 INFO  no build target found for C:\Users\ankit chouhan\OneDrive\Desktop\Scala\Blog_exp.scala. Using presentation compiler with project's scala-library version: 3.8.4
2026.07.30 12:35:24 INFO  no build target found for C:\Users\ankit chouhan\OneDrive\Desktop\Scala\Blog_exp.scala. Using presentation compiler with project's scala-library version: 3.8.4
2026.07.30 12:35:24 INFO  no build target found for C:\Users\ankit chouhan\OneDrive\Desktop\Scala\Blog_exp.scala. Using presentation compiler with project's scala-library version: 3.8.4
2026.07.30 12:35:24 INFO  no build target found for C:\Users\ankit chouhan\OneDrive\Desktop\Scala\Blog_exp.scala. Using presentation compiler with project's scala-library version: 3.8.4
2026.07.30 12:35:24 INFO  no build target found for C:\Users\ankit chouhan\OneDrive\Desktop\Scala\Blog_exp.scala. Using presentation compiler with project's scala-library version: 3.8.4
2026.07.30 12:35:24 INFO  no build target found for C:\Users\ankit chouhan\OneDrive\Desktop\Scala\Blog_exp.scala. Using presentation compiler with project's scala-library version: 3.8.4
2026.07.30 12:35:24 INFO  no build target found for C:\Users\ankit chouhan\OneDrive\Desktop\Scala\Blog_exp.scala. Using presentation compiler with project's scala-library version: 3.8.4
2026.07.30 12:35:24 INFO  no build target found for C:\Users\ankit chouhan\OneDrive\Desktop\Scala\Blog_exp.scala. Using presentation compiler with project's scala-library version: 3.8.4
2026.07.30 12:35:24 INFO  no build target found for C:\Users\ankit chouhan\OneDrive\Desktop\Scala\Blog_exp.scala. Using presentation compiler with project's scala-library version: 3.8.4
2026.07.30 12:35:24 INFO  no build target found for C:\Users\ankit chouhan\OneDrive\Desktop\Scala\Blog_exp.scala. Using presentation compiler with project's scala-library version: 3.8.4
2026.07.30 12:35:25 INFO  no build target found for C:\Users\ankit chouhan\OneDrive\Desktop\Scala\Blog_exp.scala. Using presentation compiler with project's scala-library version: 3.8.4
2026.07.30 12:35:25 INFO  no build target found for C:\Users\ankit chouhan\OneDrive\Desktop\Scala\Blog_exp.scala. Using presentation compiler with project's scala-library version: 3.8.4
2026.07.30 12:35:25 INFO  no build target found for C:\Users\ankit chouhan\OneDrive\Desktop\Scala\Blog_exp.scala. Using presentation compiler with project's scala-library version: 3.8.4
2026.07.30 12:35:25 INFO  no build target found for C:\Users\ankit chouhan\OneDrive\Desktop\Scala\Blog_exp.scala. Using presentation compiler with project's scala-library version: 3.8.4
2026.07.30 12:35:25 INFO  no build target found for C:\Users\ankit chouhan\OneDrive\Desktop\Scala\Blog_exp.scala. Using presentation compiler with project's scala-library version: 3.8.4
2026.07.30 12:35:25 INFO  no build target found for C:\Users\ankit chouhan\OneDrive\Desktop\Scala\Blog_exp.scala. Using presentation compiler with project's scala-library version: 3.8.4
2026.07.30 12:35:25 INFO  no build target found for C:\Users\ankit chouhan\OneDrive\Desktop\Scala\Blog_exp.scala. Using presentation compiler with project's scala-library version: 3.8.4
2026.07.30 12:35:25 INFO  no build target found for C:\Users\ankit chouhan\OneDrive\Desktop\Scala\Blog_exp.scala. Using presentation compiler with project's scala-library version: 3.8.4
2026.07.30 12:35:25 INFO  no build target found for C:\Users\ankit chouhan\OneDrive\Desktop\Scala\Blog_exp.scala. Using presentation compiler with project's scala-library version: 3.8.4
2026.07.30 12:35:25 INFO  no build target found for C:\Users\ankit chouhan\OneDrive\Desktop\Scala\Blog_exp.scala. Using presentation compiler with project's scala-library version: 3.8.4
2026.07.30 12:35:26 INFO  no build target found for C:\Users\ankit chouhan\OneDrive\Desktop\Scala\Blog_exp.scala. Using presentation compiler with project's scala-library version: 3.8.4
2026.07.30 12:35:25 INFO  no build target found for C:\Users\ankit chouhan\OneDrive\Desktop\Scala\Blog_exp.scala. Using presentation compiler with project's scala-library version: 3.8.4
2026.07.30 12:35:26 INFO  no build target found for C:\Users\ankit chouhan\OneDrive\Desktop\Scala\Blog_exp.scala. Using presentation compiler with project's scala-library version: 3.8.4
2026.07.30 12:35:26 INFO  no build target found for C:\Users\ankit chouhan\OneDrive\Desktop\Scala\Blog_exp.scala. Using presentation compiler with project's scala-library version: 3.8.4
2026.07.30 12:35:26 INFO  no build target found for C:\Users\ankit chouhan\OneDrive\Desktop\Scala\Blog_exp.scala. Using presentation compiler with project's scala-library version: 3.8.4
2026.07.30 12:35:26 INFO  no build target found for C:\Users\ankit chouhan\OneDrive\Desktop\Scala\Blog_exp.scala. Using presentation compiler with project's scala-library version: 3.8.4
2026.07.30 12:35:27 WARN  no build target for: C:\Users\ankit chouhan\OneDrive\Desktop\Scala\Blog_exp.scala
2026.07.30 12:35:27 INFO  no build target found for C:\Users\ankit chouhan\OneDrive\Desktop\Scala\Blog_exp.scala. Using presentation compiler with project's scala-library version: 3.8.4
2026.07.30 12:35:27 INFO  no build target found for C:\Users\ankit chouhan\OneDrive\Desktop\Scala\Blog_exp.scala. Using presentation compiler with project's scala-library version: 3.8.4
2026.07.30 12:35:27 INFO  no build target found for C:\Users\ankit chouhan\OneDrive\Desktop\Scala\Blog_exp.scala. Using presentation compiler with project's scala-library version: 3.8.4
2026.07.30 12:35:27 INFO  no build target found for C:\Users\ankit chouhan\OneDrive\Desktop\Scala\Blog_exp.scala. Using presentation compiler with project's scala-library version: 3.8.4
2026.07.30 12:35:27 INFO  no build target found for C:\Users\ankit chouhan\OneDrive\Desktop\Scala\Blog_exp.scala. Using presentation compiler with project's scala-library version: 3.8.4
2026.07.30 12:35:28 INFO  no build target found for C:\Users\ankit chouhan\OneDrive\Desktop\Scala\Blog_exp.scala. Using presentation compiler with project's scala-library version: 3.8.4
2026.07.30 12:35:28 INFO  no build target found for C:\Users\ankit chouhan\OneDrive\Desktop\Scala\Blog_exp.scala. Using presentation compiler with project's scala-library version: 3.8.4
2026.07.30 12:35:29 INFO  no build target found for C:\Users\ankit chouhan\OneDrive\Desktop\Scala\Blog_exp.scala. Using presentation compiler with project's scala-library version: 3.8.4
2026.07.30 12:35:29 INFO  no build target found for C:\Users\ankit chouhan\OneDrive\Desktop\Scala\Blog_exp.scala. Using presentation compiler with project's scala-library version: 3.8.4
2026.07.30 12:35:29 INFO  no build target found for C:\Users\ankit chouhan\OneDrive\Desktop\Scala\Blog_exp.scala. Using presentation compiler with project's scala-library version: 3.8.4
2026.07.30 12:35:29 INFO  no build target found for C:\Users\ankit chouhan\OneDrive\Desktop\Scala\Blog_exp.scala. Using presentation compiler with project's scala-library version: 3.8.4
2026.07.30 12:35:29 INFO  no build target found for C:\Users\ankit chouhan\OneDrive\Desktop\Scala\Blog_exp.scala. Using presentation compiler with project's scala-library version: 3.8.4
2026.07.30 12:35:29 INFO  no build target found for C:\Users\ankit chouhan\OneDrive\Desktop\Scala\Blog_exp.scala. Using presentation compiler with project's scala-library version: 3.8.4
2026.07.30 12:35:30 WARN  no build target for: C:\Users\ankit chouhan\OneDrive\Desktop\Scala\Blog_exp.scala
2026.07.30 12:35:30 INFO  no build target found for C:\Users\ankit chouhan\OneDrive\Desktop\Scala\Blog_exp.scala. Using presentation compiler with project's scala-library version: 3.8.4
2026.07.30 12:35:30 INFO  no build target found for C:\Users\ankit chouhan\OneDrive\Desktop\Scala\Blog_exp.scala. Using presentation compiler with project's scala-library version: 3.8.4
2026.07.30 12:35:30 INFO  no build target found for C:\Users\ankit chouhan\OneDrive\Desktop\Scala\Blog_exp.scala. Using presentation compiler with project's scala-library version: 3.8.4
2026.07.30 12:35:30 INFO  no build target found for C:\Users\ankit chouhan\OneDrive\Desktop\Scala\Blog_exp.scala. Using presentation compiler with project's scala-library version: 3.8.4
2026.07.30 12:35:31 INFO  no build target found for C:\Users\ankit chouhan\OneDrive\Desktop\Scala\Blog_exp.scala. Using presentation compiler with project's scala-library version: 3.8.4
2026.07.30 12:35:31 INFO  no build target found for C:\Users\ankit chouhan\OneDrive\Desktop\Scala\Blog_exp.scala. Using presentation compiler with project's scala-library version: 3.8.4
2026.07.30 12:35:31 INFO  no build target found for C:\Users\ankit chouhan\OneDrive\Desktop\Scala\Blog_exp.scala. Using presentation compiler with project's scala-library version: 3.8.4
2026.07.30 12:35:32 INFO  no build target found for C:\Users\ankit chouhan\OneDrive\Desktop\Scala\Blog_exp.scala. Using presentation compiler with project's scala-library version: 3.8.4
2026.07.30 12:35:31 INFO  no build target found for C:\Users\ankit chouhan\OneDrive\Desktop\Scala\Blog_exp.scala. Using presentation compiler with project's scala-library version: 3.8.4
2026.07.30 12:35:31 INFO  no build target found for C:\Users\ankit chouhan\OneDrive\Desktop\Scala\Blog_exp.scala. Using presentation compiler with project's scala-library version: 3.8.4
2026.07.30 12:35:32 INFO  no build target found for C:\Users\ankit chouhan\OneDrive\Desktop\Scala\Blog_exp.scala. Using presentation compiler with project's scala-library version: 3.8.4
2026.07.30 12:35:31 INFO  no build target found for C:\Users\ankit chouhan\OneDrive\Desktop\Scala\Blog_exp.scala. Using presentation compiler with project's scala-library version: 3.8.4
2026.07.30 12:35:31 INFO  no build target found for C:\Users\ankit chouhan\OneDrive\Desktop\Scala\Blog_exp.scala. Using presentation compiler with project's scala-library version: 3.8.4
2026.07.30 12:35:31 INFO  no build target found for C:\Users\ankit chouhan\OneDrive\Desktop\Scala\Blog_exp.scala. Using presentation compiler with project's scala-library version: 3.8.4
2026.07.30 12:35:32 INFO  no build target found for C:\Users\ankit chouhan\OneDrive\Desktop\Scala\Blog_exp.scala. Using presentation compiler with project's scala-library version: 3.8.4
2026.07.30 12:35:32 INFO  no build target found for C:\Users\ankit chouhan\OneDrive\Desktop\Scala\Blog_exp.scala. Using presentation compiler with project's scala-library version: 3.8.4
2026.07.30 12:35:32 INFO  no build target found for C:\Users\ankit chouhan\OneDrive\Desktop\Scala\Blog_exp.scala. Using presentation compiler with project's scala-library version: 3.8.4
2026.07.30 12:35:32 INFO  no build target found for C:\Users\ankit chouhan\OneDrive\Desktop\Scala\Blog_exp.scala. Using presentation compiler with project's scala-library version: 3.8.4
2026.07.30 12:35:32 INFO  no build target found for C:\Users\ankit chouhan\OneDrive\Desktop\Scala\Blog_exp.scala. Using presentation compiler with project's scala-library version: 3.8.4
2026.07.30 12:35:33 INFO  no build target found for C:\Users\ankit chouhan\OneDrive\Desktop\Scala\Blog_exp.scala. Using presentation compiler with project's scala-library version: 3.8.4
2026.07.30 12:35:33 INFO  no build target found for C:\Users\ankit chouhan\OneDrive\Desktop\Scala\Blog_exp.scala. Using presentation compiler with project's scala-library version: 3.8.4
2026.07.30 12:35:32 INFO  no build target found for C:\Users\ankit chouhan\OneDrive\Desktop\Scala\Blog_exp.scala. Using presentation compiler with project's scala-library version: 3.8.4
2026.07.30 12:35:32 INFO  no build target found for C:\Users\ankit chouhan\OneDrive\Desktop\Scala\Blog_exp.scala. Using presentation compiler with project's scala-library version: 3.8.4
2026.07.30 12:35:33 INFO  no build target found for C:\Users\ankit chouhan\OneDrive\Desktop\Scala\Blog_exp.scala. Using presentation compiler with project's scala-library version: 3.8.4
2026.07.30 12:35:33 INFO  no build target found for C:\Users\ankit chouhan\OneDrive\Desktop\Scala\Blog_exp.scala. Using presentation compiler with project's scala-library version: 3.8.4
2026.07.30 12:35:34 INFO  no build target found for C:\Users\ankit chouhan\OneDrive\Desktop\Scala\Blog_exp.scala. Using presentation compiler with project's scala-library version: 3.8.4
2026.07.30 12:35:34 INFO  no build target found for C:\Users\ankit chouhan\OneDrive\Desktop\Scala\Blog_exp.scala. Using presentation compiler with project's scala-library version: 3.8.4
2026.07.30 12:35:34 INFO  no build target found for C:\Users\ankit chouhan\OneDrive\Desktop\Scala\Blog_exp.scala. Using presentation compiler with project's scala-library version: 3.8.4
2026.07.30 12:35:34 INFO  no build target found for C:\Users\ankit chouhan\OneDrive\Desktop\Scala\Blog_exp.scala. Using presentation compiler with project's scala-library version: 3.8.4
2026.07.30 12:35:34 INFO  no build target found for C:\Users\ankit chouhan\OneDrive\Desktop\Scala\Blog_exp.scala. Using presentation compiler with project's scala-library version: 3.8.4
2026.07.30 12:35:34 INFO  no build target found for C:\Users\ankit chouhan\OneDrive\Desktop\Scala\Blog_exp.scala. Using presentation compiler with project's scala-library version: 3.8.4
2026.07.30 12:35:34 INFO  no build target found for C:\Users\ankit chouhan\OneDrive\Desktop\Scala\Blog_exp.scala. Using presentation compiler with project's scala-library version: 3.8.4
2026.07.30 12:35:34 INFO  no build target found for C:\Users\ankit chouhan\OneDrive\Desktop\Scala\Blog_exp.scala. Using presentation compiler with project's scala-library version: 3.8.4
2026.07.30 12:35:35 WARN  no build target for: C:\Users\ankit chouhan\OneDrive\Desktop\Scala\Blog_exp.scala
2026.07.30 12:35:35 INFO  no build target found for C:\Users\ankit chouhan\OneDrive\Desktop\Scala\Blog_exp.scala. Using presentation compiler with project's scala-library version: 3.8.4
2026.07.30 12:35:35 INFO  no build target found for C:\Users\ankit chouhan\OneDrive\Desktop\Scala\Blog_exp.scala. Using presentation compiler with project's scala-library version: 3.8.4
2026.07.30 12:35:35 INFO  no build target found for C:\Users\ankit chouhan\OneDrive\Desktop\Scala\Blog_exp.scala. Using presentation compiler with project's scala-library version: 3.8.4
2026.07.30 12:35:35 INFO  no build target found for C:\Users\ankit chouhan\OneDrive\Desktop\Scala\Blog_exp.scala. Using presentation compiler with project's scala-library version: 3.8.4
2026.07.30 12:35:35 INFO  no build target found for C:\Users\ankit chouhan\OneDrive\Desktop\Scala\Blog_exp.scala. Using presentation compiler with project's scala-library version: 3.8.4
2026.07.30 12:35:35 INFO  no build target found for C:\Users\ankit chouhan\OneDrive\Desktop\Scala\Blog_exp.scala. Using presentation compiler with project's scala-library version: 3.8.4
2026.07.30 12:35:35 INFO  no build target found for C:\Users\ankit chouhan\OneDrive\Desktop\Scala\Blog_exp.scala. Using presentation compiler with project's scala-library version: 3.8.4
2026.07.30 12:35:35 INFO  no build target found for C:\Users\ankit chouhan\OneDrive\Desktop\Scala\Blog_exp.scala. Using presentation compiler with project's scala-library version: 3.8.4
2026.07.30 12:35:35 INFO  no build target found for C:\Users\ankit chouhan\OneDrive\Desktop\Scala\Blog_exp.scala. Using presentation compiler with project's scala-library version: 3.8.4
2026.07.30 12:35:36 INFO  no build target found for C:\Users\ankit chouhan\OneDrive\Desktop\Scala\Blog_exp.scala. Using presentation compiler with project's scala-library version: 3.8.4
2026.07.30 12:35:35 INFO  no build target found for C:\Users\ankit chouhan\OneDrive\Desktop\Scala\Blog_exp.scala. Using presentation compiler with project's scala-library version: 3.8.4
2026.07.30 12:35:35 INFO  no build target found for C:\Users\ankit chouhan\OneDrive\Desktop\Scala\Blog_exp.scala. Using presentation compiler with project's scala-library version: 3.8.4
2026.07.30 12:35:37 INFO  no build target found for C:\Users\ankit chouhan\OneDrive\Desktop\Scala\Blog_exp.scala. Using presentation compiler with project's scala-library version: 3.8.4
2026.07.30 12:35:37 INFO  no build target found for C:\Users\ankit chouhan\OneDrive\Desktop\Scala\Blog_exp.scala. Using presentation compiler with project's scala-library version: 3.8.4
2026.07.30 12:35:37 INFO  no build target found for C:\Users\ankit chouhan\OneDrive\Desktop\Scala\Blog_exp.scala. Using presentation compiler with project's scala-library version: 3.8.4
2026.07.30 12:35:37 INFO  no build target found for C:\Users\ankit chouhan\OneDrive\Desktop\Scala\Blog_exp.scala. Using presentation compiler with project's scala-library version: 3.8.4
2026.07.30 12:35:37 INFO  no build target found for C:\Users\ankit chouhan\OneDrive\Desktop\Scala\Blog_exp.scala. Using presentation compiler with project's scala-library version: 3.8.4
2026.07.30 12:35:37 INFO  no build target found for C:\Users\ankit chouhan\OneDrive\Desktop\Scala\Blog_exp.scala. Using presentation compiler with project's scala-library version: 3.8.4
2026.07.30 12:35:36 INFO  no build target found for C:\Users\ankit chouhan\OneDrive\Desktop\Scala\Blog_exp.scala. Using presentation compiler with project's scala-library version: 3.8.4
2026.07.30 12:35:37 INFO  no build target found for C:\Users\ankit chouhan\OneDrive\Desktop\Scala\Blog_exp.scala. Using presentation compiler with project's scala-library version: 3.8.4
2026.07.30 12:35:38 INFO  no build target found for C:\Users\ankit chouhan\OneDrive\Desktop\Scala\Blog_exp.scala. Using presentation compiler with project's scala-library version: 3.8.4
2026.07.30 12:35:38 INFO  no build target found for C:\Users\ankit chouhan\OneDrive\Desktop\Scala\Blog_exp.scala. Using presentation compiler with project's scala-library version: 3.8.4
2026.07.30 12:35:38 INFO  no build target found for C:\Users\ankit chouhan\OneDrive\Desktop\Scala\Blog_exp.scala. Using presentation compiler with project's scala-library version: 3.8.4
2026.07.30 12:35:38 INFO  no build target found for C:\Users\ankit chouhan\OneDrive\Desktop\Scala\Blog_exp.scala. Using presentation compiler with project's scala-library version: 3.8.4
2026.07.30 12:35:38 INFO  no build target found for C:\Users\ankit chouhan\OneDrive\Desktop\Scala\Blog_exp.scala. Using presentation compiler with project's scala-library version: 3.8.4
2026.07.30 12:35:38 INFO  no build target found for C:\Users\ankit chouhan\OneDrive\Desktop\Scala\Blog_exp.scala. Using presentation compiler with project's scala-library version: 3.8.4
2026.07.30 12:35:38 INFO  no build target found for C:\Users\ankit chouhan\OneDrive\Desktop\Scala\Blog_exp.scala. Using presentation compiler with project's scala-library version: 3.8.4
2026.07.30 12:35:39 INFO  no build target found for C:\Users\ankit chouhan\OneDrive\Desktop\Scala\Blog_exp.scala. Using presentation compiler with project's scala-library version: 3.8.4
2026.07.30 12:35:39 INFO  no build target found for C:\Users\ankit chouhan\OneDrive\Desktop\Scala\Blog_exp.scala. Using presentation compiler with project's scala-library version: 3.8.4
2026.07.30 12:35:39 INFO  no build target found for C:\Users\ankit chouhan\OneDrive\Desktop\Scala\Blog_exp.scala. Using presentation compiler with project's scala-library version: 3.8.4
2026.07.30 12:35:39 INFO  no build target found for C:\Users\ankit chouhan\OneDrive\Desktop\Scala\Blog_exp.scala. Using presentation compiler with project's scala-library version: 3.8.4
2026.07.30 12:35:39 INFO  no build target found for C:\Users\ankit chouhan\OneDrive\Desktop\Scala\Blog_exp.scala. Using presentation compiler with project's scala-library version: 3.8.4
2026.07.30 12:35:39 INFO  no build target found for C:\Users\ankit chouhan\OneDrive\Desktop\Scala\Blog_exp.scala. Using presentation compiler with project's scala-library version: 3.8.4
2026.07.30 12:35:39 INFO  no build target found for C:\Users\ankit chouhan\OneDrive\Desktop\Scala\Blog_exp.scala. Using presentation compiler with project's scala-library version: 3.8.4
2026.07.30 12:35:40 INFO  no build target found for C:\Users\ankit chouhan\OneDrive\Desktop\Scala\Blog_exp.scala. Using presentation compiler with project's scala-library version: 3.8.4
2026.07.30 12:35:40 INFO  no build target found for C:\Users\ankit chouhan\OneDrive\Desktop\Scala\Blog_exp.scala. Using presentation compiler with project's scala-library version: 3.8.4
2026.07.30 12:35:40 WARN  no build target for: C:\Users\ankit chouhan\OneDrive\Desktop\Scala\Blog_exp.scala
2026.07.30 12:35:40 INFO  no build target found for C:\Users\ankit chouhan\OneDrive\Desktop\Scala\Blog_exp.scala. Using presentation compiler with project's scala-library version: 3.8.4
2026.07.30 12:35:40 INFO  no build target found for C:\Users\ankit chouhan\OneDrive\Desktop\Scala\Blog_exp.scala. Using presentation compiler with project's scala-library version: 3.8.4
2026.07.30 12:35:40 INFO  no build target found for C:\Users\ankit chouhan\OneDrive\Desktop\Scala\Blog_exp.scala. Using presentation compiler with project's scala-library version: 3.8.4
2026.07.30 12:35:40 INFO  no build target found for C:\Users\ankit chouhan\OneDrive\Desktop\Scala\Blog_exp.scala. Using presentation compiler with project's scala-library version: 3.8.4
2026.07.30 12:35:40 INFO  no build target found for C:\Users\ankit chouhan\OneDrive\Desktop\Scala\Blog_exp.scala. Using presentation compiler with project's scala-library version: 3.8.4
2026.07.30 12:35:41 INFO  no build target found for C:\Users\ankit chouhan\OneDrive\Desktop\Scala\Blog_exp.scala. Using presentation compiler with project's scala-library version: 3.8.4
2026.07.30 12:35:41 INFO  no build target found for C:\Users\ankit chouhan\OneDrive\Desktop\Scala\Blog_exp.scala. Using presentation compiler with project's scala-library version: 3.8.4
2026.07.30 12:35:41 INFO  no build target found for C:\Users\ankit chouhan\OneDrive\Desktop\Scala\Blog_exp.scala. Using presentation compiler with project's scala-library version: 3.8.4
2026.07.30 12:35:41 INFO  no build target found for C:\Users\ankit chouhan\OneDrive\Desktop\Scala\Blog_exp.scala. Using presentation compiler with project's scala-library version: 3.8.4
2026.07.30 12:35:41 INFO  no build target found for C:\Users\ankit chouhan\OneDrive\Desktop\Scala\Blog_exp.scala. Using presentation compiler with project's scala-library version: 3.8.4
2026.07.30 12:35:41 INFO  no build target found for C:\Users\ankit chouhan\OneDrive\Desktop\Scala\Blog_exp.scala. Using presentation compiler with project's scala-library version: 3.8.4
2026.07.30 12:35:41 INFO  no build target found for C:\Users\ankit chouhan\OneDrive\Desktop\Scala\Blog_exp.scala. Using presentation compiler with project's scala-library version: 3.8.4
2026.07.30 12:35:41 INFO  no build target found for C:\Users\ankit chouhan\OneDrive\Desktop\Scala\Blog_exp.scala. Using presentation compiler with project's scala-library version: 3.8.4
2026.07.30 12:35:41 INFO  no build target found for C:\Users\ankit chouhan\OneDrive\Desktop\Scala\Blog_exp.scala. Using presentation compiler with project's scala-library version: 3.8.4
2026.07.30 12:35:41 INFO  no build target found for C:\Users\ankit chouhan\OneDrive\Desktop\Scala\Blog_exp.scala. Using presentation compiler with project's scala-library version: 3.8.4
2026.07.30 12:35:41 INFO  no build target found for C:\Users\ankit chouhan\OneDrive\Desktop\Scala\Blog_exp.scala. Using presentation compiler with project's scala-library version: 3.8.4
2026.07.30 12:35:41 INFO  no build target found for C:\Users\ankit chouhan\OneDrive\Desktop\Scala\Blog_exp.scala. Using presentation compiler with project's scala-library version: 3.8.4
2026.07.30 12:35:42 INFO  no build target found for C:\Users\ankit chouhan\OneDrive\Desktop\Scala\Blog_exp.scala. Using presentation compiler with project's scala-library version: 3.8.4
2026.07.30 12:35:41 INFO  no build target found for C:\Users\ankit chouhan\OneDrive\Desktop\Scala\Blog_exp.scala. Using presentation compiler with project's scala-library version: 3.8.4
2026.07.30 12:35:41 INFO  no build target found for C:\Users\ankit chouhan\OneDrive\Desktop\Scala\Blog_exp.scala. Using presentation compiler with project's scala-library version: 3.8.4
2026.07.30 12:35:42 WARN  no build target for: C:\Users\ankit chouhan\OneDrive\Desktop\Scala\Blog_exp.scala
2026.07.30 12:35:42 INFO  no build target found for C:\Users\ankit chouhan\OneDrive\Desktop\Scala\Blog_exp.scala. Using presentation compiler with project's scala-library version: 3.8.4
2026.07.30 12:35:43 INFO  no build target found for C:\Users\ankit chouhan\OneDrive\Desktop\Scala\Blog_exp.scala. Using presentation compiler with project's scala-library version: 3.8.4
2026.07.30 12:35:44 INFO  no build target found for C:\Users\ankit chouhan\OneDrive\Desktop\Scala\Blog_exp.scala. Using presentation compiler with project's scala-library version: 3.8.4
2026.07.30 12:35:44 INFO  no build target found for C:\Users\ankit chouhan\OneDrive\Desktop\Scala\Blog_exp.scala. Using presentation compiler with project's scala-library version: 3.8.4
2026.07.30 12:35:45 INFO  no build target found for C:\Users\ankit chouhan\OneDrive\Desktop\Scala\Blog_exp.scala. Using presentation compiler with project's scala-library version: 3.8.4
2026.07.30 12:35:45 INFO  no build target found for C:\Users\ankit chouhan\OneDrive\Desktop\Scala\Blog_exp.scala. Using presentation compiler with project's scala-library version: 3.8.4
2026.07.30 12:35:46 INFO  no build target found for C:\Users\ankit chouhan\OneDrive\Desktop\Scala\Blog_exp.scala. Using presentation compiler with project's scala-library version: 3.8.4
2026.07.30 12:35:46 INFO  no build target found for C:\Users\ankit chouhan\OneDrive\Desktop\Scala\Blog_exp.scala. Using presentation compiler with project's scala-library version: 3.8.4
2026.07.30 12:35:45 INFO  no build target found for C:\Users\ankit chouhan\OneDrive\Desktop\Scala\Blog_exp.scala. Using presentation compiler with project's scala-library version: 3.8.4
2026.07.30 12:35:47 WARN  no build target for: C:\Users\ankit chouhan\OneDrive\Desktop\Scala\Blog_exp.scala
2026.07.30 12:35:47 INFO  no build target found for C:\Users\ankit chouhan\OneDrive\Desktop\Scala\Blog_exp.scala. Using presentation compiler with project's scala-library version: 3.8.4
2026.07.30 12:36:29 INFO  no build target found for C:\Users\ankit chouhan\OneDrive\Desktop\Scala\Blog_exp.scala. Using presentation compiler with project's scala-library version: 3.8.4
2026.07.30 12:36:31 INFO  no build target found for C:\Users\ankit chouhan\OneDrive\Desktop\Scala\Blog_exp.scala. Using presentation compiler with project's scala-library version: 3.8.4
2026.07.30 12:36:34 INFO  no build target found for C:\Users\ankit chouhan\OneDrive\Desktop\Scala\Blog_exp.scala. Using presentation compiler with project's scala-library version: 3.8.4
2026.07.30 12:36:34 INFO  no build target found for C:\Users\ankit chouhan\OneDrive\Desktop\Scala\Blog_exp.scala. Using presentation compiler with project's scala-library version: 3.8.4
2026.07.30 12:36:34 INFO  no build target found for C:\Users\ankit chouhan\OneDrive\Desktop\Scala\Blog_exp.scala. Using presentation compiler with project's scala-library version: 3.8.4
2026.07.30 12:36:35 INFO  no build target found for C:\Users\ankit chouhan\OneDrive\Desktop\Scala\Blog_exp.scala. Using presentation compiler with project's scala-library version: 3.8.4
2026.07.30 12:36:35 INFO  no build target found for C:\Users\ankit chouhan\OneDrive\Desktop\Scala\Blog_exp.scala. Using presentation compiler with project's scala-library version: 3.8.4
2026.07.30 12:36:35 INFO  no build target found for C:\Users\ankit chouhan\OneDrive\Desktop\Scala\Blog_exp.scala. Using presentation compiler with project's scala-library version: 3.8.4
2026.07.30 12:36:35 INFO  no build target found for C:\Users\ankit chouhan\OneDrive\Desktop\Scala\Blog_exp.scala. Using presentation compiler with project's scala-library version: 3.8.4
2026.07.30 12:36:36 WARN  no build target for: C:\Users\ankit chouhan\OneDrive\Desktop\Scala\Blog_exp.scala
2026.07.30 12:36:35 INFO  no build target found for C:\Users\ankit chouhan\OneDrive\Desktop\Scala\Blog_exp.scala. Using presentation compiler with project's scala-library version: 3.8.4
2026.07.30 12:36:36 INFO  no build target found for C:\Users\ankit chouhan\OneDrive\Desktop\Scala\Blog_exp.scala. Using presentation compiler with project's scala-library version: 3.8.4
2026.07.30 12:36:36 INFO  no build target found for C:\Users\ankit chouhan\OneDrive\Desktop\Scala\Blog_exp.scala. Using presentation compiler with project's scala-library version: 3.8.4
2026.07.30 12:36:37 INFO  no build target found for C:\Users\ankit chouhan\OneDrive\Desktop\Scala\Blog_exp.scala. Using presentation compiler with project's scala-library version: 3.8.4
2026.07.30 12:36:37 INFO  no build target found for C:\Users\ankit chouhan\OneDrive\Desktop\Scala\Blog_exp.scala. Using presentation compiler with project's scala-library version: 3.8.4
2026.07.30 12:36:37 INFO  no build target found for C:\Users\ankit chouhan\OneDrive\Desktop\Scala\Blog_exp.scala. Using presentation compiler with project's scala-library version: 3.8.4
2026.07.30 12:36:37 INFO  no build target found for C:\Users\ankit chouhan\OneDrive\Desktop\Scala\Blog_exp.scala. Using presentation compiler with project's scala-library version: 3.8.4
2026.07.30 12:36:37 INFO  no build target found for C:\Users\ankit chouhan\OneDrive\Desktop\Scala\Blog_exp.scala. Using presentation compiler with project's scala-library version: 3.8.4
2026.07.30 12:36:39 INFO  no build target found for C:\Users\ankit chouhan\OneDrive\Desktop\Scala\Blog_exp.scala. Using presentation compiler with project's scala-library version: 3.8.4
2026.07.30 12:36:39 INFO  no build target found for C:\Users\ankit chouhan\OneDrive\Desktop\Scala\Blog_exp.scala. Using presentation compiler with project's scala-library version: 3.8.4
2026.07.30 12:36:39 INFO  no build target found for C:\Users\ankit chouhan\OneDrive\Desktop\Scala\Blog_exp.scala. Using presentation compiler with project's scala-library version: 3.8.4
2026.07.30 12:36:39 WARN  no build target for: C:\Users\ankit chouhan\OneDrive\Desktop\Scala\Blog_exp.scala
2026.07.30 12:36:39 INFO  no build target found for C:\Users\ankit chouhan\OneDrive\Desktop\Scala\Blog_exp.scala. Using presentation compiler with project's scala-library version: 3.8.4
2026.07.30 12:36:53 INFO  no build target found for C:\Users\ankit chouhan\OneDrive\Desktop\Scala\Blog_exp.scala. Using presentation compiler with project's scala-library version: 3.8.4
2026.07.30 12:36:53 INFO  no build target found for C:\Users\ankit chouhan\OneDrive\Desktop\Scala\Blog_exp.scala. Using presentation compiler with project's scala-library version: 3.8.4
2026.07.30 12:36:55 INFO  no build target found for C:\Users\ankit chouhan\OneDrive\Desktop\Scala\Blog_exp.scala. Using presentation compiler with project's scala-library version: 3.8.4
2026.07.30 12:36:55 INFO  no build target found for C:\Users\ankit chouhan\OneDrive\Desktop\Scala\Blog_exp.scala. Using presentation compiler with project's scala-library version: 3.8.4
2026.07.30 12:37:00 INFO  no build target found for C:\Users\ankit chouhan\OneDrive\Desktop\Scala\Blog_exp.scala. Using presentation compiler with project's scala-library version: 3.8.4
2026.07.30 12:37:00 INFO  no build target found for C:\Users\ankit chouhan\OneDrive\Desktop\Scala\Blog_exp.scala. Using presentation compiler with project's scala-library version: 3.8.4
2026.07.30 12:37:00 INFO  no build target found for C:\Users\ankit chouhan\OneDrive\Desktop\Scala\Blog_exp.scala. Using presentation compiler with project's scala-library version: 3.8.4
2026.07.30 12:37:02 INFO  no build target found for C:\Users\ankit chouhan\OneDrive\Desktop\Scala\Blog_exp.scala. Using presentation compiler with project's scala-library version: 3.8.4
2026.07.30 12:37:03 INFO  no build target found for C:\Users\ankit chouhan\OneDrive\Desktop\Scala\Blog_exp.scala. Using presentation compiler with project's scala-library version: 3.8.4
2026.07.30 12:37:03 INFO  no build target found for C:\Users\ankit chouhan\OneDrive\Desktop\Scala\Blog_exp.scala. Using presentation compiler with project's scala-library version: 3.8.4
2026.07.30 12:37:03 INFO  no build target found for C:\Users\ankit chouhan\OneDrive\Desktop\Scala\Blog_exp.scala. Using presentation compiler with project's scala-library version: 3.8.4
2026.07.30 12:37:03 INFO  no build target found for C:\Users\ankit chouhan\OneDrive\Desktop\Scala\Blog_exp.scala. Using presentation compiler with project's scala-library version: 3.8.4
2026.07.30 12:37:04 WARN  no build target for: C:\Users\ankit chouhan\OneDrive\Desktop\Scala\Blog_exp.scala
2026.07.30 12:37:04 INFO  no build target found for C:\Users\ankit chouhan\OneDrive\Desktop\Scala\Blog_exp.scala. Using presentation compiler with project's scala-library version: 3.8.4
2026.07.30 12:37:06 INFO  no build target found for C:\Users\ankit chouhan\OneDrive\Desktop\Scala\Blog_exp.scala. Using presentation compiler with project's scala-library version: 3.8.4
2026.07.30 12:37:06 INFO  no build target found for C:\Users\ankit chouhan\OneDrive\Desktop\Scala\Blog_exp.scala. Using presentation compiler with project's scala-library version: 3.8.4
2026.07.30 12:37:06 INFO  no build target found for C:\Users\ankit chouhan\OneDrive\Desktop\Scala\Blog_exp.scala. Using presentation compiler with project's scala-library version: 3.8.4
2026.07.30 12:37:07 INFO  no build target found for C:\Users\ankit chouhan\OneDrive\Desktop\Scala\Blog_exp.scala. Using presentation compiler with project's scala-library version: 3.8.4
2026.07.30 12:37:07 INFO  no build target found for C:\Users\ankit chouhan\OneDrive\Desktop\Scala\Blog_exp.scala. Using presentation compiler with project's scala-library version: 3.8.4
2026.07.30 12:37:07 INFO  no build target found for C:\Users\ankit chouhan\OneDrive\Desktop\Scala\Blog_exp.scala. Using presentation compiler with project's scala-library version: 3.8.4
2026.07.30 12:37:07 INFO  no build target found for C:\Users\ankit chouhan\OneDrive\Desktop\Scala\Blog_exp.scala. Using presentation compiler with project's scala-library version: 3.8.4
2026.07.30 12:37:07 INFO  no build target found for C:\Users\ankit chouhan\OneDrive\Desktop\Scala\Blog_exp.scala. Using presentation compiler with project's scala-library version: 3.8.4
2026.07.30 12:37:07 INFO  no build target found for C:\Users\ankit chouhan\OneDrive\Desktop\Scala\Blog_exp.scala. Using presentation compiler with project's scala-library version: 3.8.4
2026.07.30 12:37:07 INFO  no build target found for C:\Users\ankit chouhan\OneDrive\Desktop\Scala\Blog_exp.scala. Using presentation compiler with project's scala-library version: 3.8.4
2026.07.30 12:37:08 INFO  no build target found for C:\Users\ankit chouhan\OneDrive\Desktop\Scala\Blog_exp.scala. Using presentation compiler with project's scala-library version: 3.8.4
2026.07.30 12:37:08 INFO  no build target found for C:\Users\ankit chouhan\OneDrive\Desktop\Scala\Blog_exp.scala. Using presentation compiler with project's scala-library version: 3.8.4
2026.07.30 12:37:07 INFO  no build target found for C:\Users\ankit chouhan\OneDrive\Desktop\Scala\Blog_exp.scala. Using presentation compiler with project's scala-library version: 3.8.4
2026.07.30 12:37:09 WARN  no build target for: C:\Users\ankit chouhan\OneDrive\Desktop\Scala\Blog_exp.scala
2026.07.30 12:37:09 INFO  no build target found for C:\Users\ankit chouhan\OneDrive\Desktop\Scala\Blog_exp.scala. Using presentation compiler with project's scala-library version: 3.8.4
2026.07.30 12:37:09 INFO  no build target found for C:\Users\ankit chouhan\OneDrive\Desktop\Scala\Blog_exp.scala. Using presentation compiler with project's scala-library version: 3.8.4
2026.07.30 12:37:11 INFO  no build target found for C:\Users\ankit chouhan\OneDrive\Desktop\Scala\Blog_exp.scala. Using presentation compiler with project's scala-library version: 3.8.4
2026.07.30 12:37:17 INFO  no build target found for C:\Users\ankit chouhan\OneDrive\Desktop\Scala\Sum.scala. Using presentation compiler with project's scala-library version: 3.8.4
2026.07.30 12:37:17 WARN  no build target for: C:\Users\ankit chouhan\OneDrive\Desktop\Scala\Sum.scala
2026.07.30 12:37:17 INFO  no build target found for C:\Users\ankit chouhan\OneDrive\Desktop\Scala\Sum.scala. Using presentation compiler with project's scala-library version: 3.8.4
2026.07.30 12:37:20 INFO  no build target found for C:\Users\ankit chouhan\OneDrive\Desktop\Scala\Blog_exp.scala. Using presentation compiler with project's scala-library version: 3.8.4
2026.07.30 12:37:20 WARN  no build target for: C:\Users\ankit chouhan\OneDrive\Desktop\Scala\Blog_exp.scala
2026.07.30 12:37:20 INFO  no build target found for C:\Users\ankit chouhan\OneDrive\Desktop\Scala\Blog_exp.scala. Using presentation compiler with project's scala-library version: 3.8.4
2026.07.30 12:37:20 INFO  no build target found for C:\Users\ankit chouhan\OneDrive\Desktop\Scala\Blog_exp.scala. Using presentation compiler with project's scala-library version: 3.8.4
2026.07.30 12:37:20 INFO  no build target found for C:\Users\ankit chouhan\OneDrive\Desktop\Scala\Blog_exp.scala. Using presentation compiler with project's scala-library version: 3.8.4
2026.07.30 12:37:20 INFO  no build target found for C:\Users\ankit chouhan\OneDrive\Desktop\Scala\Blog_exp.scala. Using presentation compiler with project's scala-library version: 3.8.4
2026.07.30 12:37:21 INFO  no build target found for C:\Users\ankit chouhan\OneDrive\Desktop\Scala\Blog_exp.scala. Using presentation compiler with project's scala-library version: 3.8.4
2026.07.30 12:37:23 INFO  no build target found for C:\Users\ankit chouhan\OneDrive\Desktop\Scala\Blog_exp.scala. Using presentation compiler with project's scala-library version: 3.8.4
2026.07.30 12:37:23 INFO  no build target found for C:\Users\ankit chouhan\OneDrive\Desktop\Scala\Blog_exp.scala. Using presentation compiler with project's scala-library version: 3.8.4
2026.07.30 12:37:23 INFO  no build target found for C:\Users\ankit chouhan\OneDrive\Desktop\Scala\Blog_exp.scala. Using presentation compiler with project's scala-library version: 3.8.4
2026.07.30 12:37:23 INFO  no build target found for C:\Users\ankit chouhan\OneDrive\Desktop\Scala\Blog_exp.scala. Using presentation compiler with project's scala-library version: 3.8.4
2026.07.30 12:37:24 INFO  no build target found for C:\Users\ankit chouhan\OneDrive\Desktop\Scala\Blog_exp.scala. Using presentation compiler with project's scala-library version: 3.8.4
2026.07.30 12:37:24 INFO  no build target found for C:\Users\ankit chouhan\OneDrive\Desktop\Scala\Blog_exp.scala. Using presentation compiler with project's scala-library version: 3.8.4
2026.07.30 12:37:27 INFO  no build target found for C:\Users\ankit chouhan\OneDrive\Desktop\Scala\Blog_exp.scala. Using presentation compiler with project's scala-library version: 3.8.4
2026.07.30 12:37:27 INFO  no build target found for C:\Users\ankit chouhan\OneDrive\Desktop\Scala\Blog_exp.scala. Using presentation compiler with project's scala-library version: 3.8.4
2026.07.30 12:37:27 INFO  no build target found for C:\Users\ankit chouhan\OneDrive\Desktop\Scala\Blog_exp.scala. Using presentation compiler with project's scala-library version: 3.8.4
2026.07.30 12:37:27 INFO  no build target found for C:\Users\ankit chouhan\OneDrive\Desktop\Scala\Blog_exp.scala. Using presentation compiler with project's scala-library version: 3.8.4
2026.07.30 12:37:27 INFO  no build target found for C:\Users\ankit chouhan\OneDrive\Desktop\Scala\Blog_exp.scala. Using presentation compiler with project's scala-library version: 3.8.4
2026.07.30 12:37:27 INFO  no build target found for C:\Users\ankit chouhan\OneDrive\Desktop\Scala\Blog_exp.scala. Using presentation compiler with project's scala-library version: 3.8.4
2026.07.30 12:37:28 INFO  no build target found for C:\Users\ankit chouhan\OneDrive\Desktop\Scala\Blog_exp.scala. Using presentation compiler with project's scala-library version: 3.8.4
2026.07.30 12:37:28 INFO  no build target found for C:\Users\ankit chouhan\OneDrive\Desktop\Scala\Blog_exp.scala. Using presentation compiler with project's scala-library version: 3.8.4
2026.07.30 12:37:28 INFO  no build target found for C:\Users\ankit chouhan\OneDrive\Desktop\Scala\Blog_exp.scala. Using presentation compiler with project's scala-library version: 3.8.4
2026.07.30 12:37:28 WARN  no build target for: C:\Users\ankit chouhan\OneDrive\Desktop\Scala\Blog_exp.scala
2026.07.30 12:37:28 INFO  no build target found for C:\Users\ankit chouhan\OneDrive\Desktop\Scala\Blog_exp.scala. Using presentation compiler with project's scala-library version: 3.8.4
2026.07.30 12:37:28 INFO  no build target found for C:\Users\ankit chouhan\OneDrive\Desktop\Scala\Blog_exp.scala. Using presentation compiler with project's scala-library version: 3.8.4
2026.07.30 12:37:29 WARN  no build target for: C:\Users\ankit chouhan\OneDrive\Desktop\Scala\Blog_exp.scala
2026.07.30 12:37:29 INFO  no build target found for C:\Users\ankit chouhan\OneDrive\Desktop\Scala\Blog_exp.scala. Using presentation compiler with project's scala-library version: 3.8.4
2026.07.30 12:37:30 INFO  no build target found for C:\Users\ankit chouhan\OneDrive\Desktop\Scala\Blog_exp.scala. Using presentation compiler with project's scala-library version: 3.8.4
2026.07.30 12:37:31 INFO  no build target found for C:\Users\ankit chouhan\OneDrive\Desktop\Scala\Blog_exp.scala. Using presentation compiler with project's scala-library version: 3.8.4
2026.07.30 12:37:31 INFO  no build target found for C:\Users\ankit chouhan\OneDrive\Desktop\Scala\Blog_exp.scala. Using presentation compiler with project's scala-library version: 3.8.4
2026.07.30 12:37:31 INFO  no build target found for C:\Users\ankit chouhan\OneDrive\Desktop\Scala\Blog_exp.scala. Using presentation compiler with project's scala-library version: 3.8.4
2026.07.30 12:37:31 INFO  no build target found for C:\Users\ankit chouhan\OneDrive\Desktop\Scala\Blog_exp.scala. Using presentation compiler with project's scala-library version: 3.8.4
2026.07.30 12:37:31 INFO  no build target found for C:\Users\ankit chouhan\OneDrive\Desktop\Scala\Blog_exp.scala. Using presentation compiler with project's scala-library version: 3.8.4
2026.07.30 12:37:31 INFO  no build target found for C:\Users\ankit chouhan\OneDrive\Desktop\Scala\Blog_exp.scala. Using presentation compiler with project's scala-library version: 3.8.4
2026.07.30 12:37:31 INFO  no build target found for C:\Users\ankit chouhan\OneDrive\Desktop\Scala\Blog_exp.scala. Using presentation compiler with project's scala-library version: 3.8.4
2026.07.30 12:37:32 INFO  no build target found for C:\Users\ankit chouhan\OneDrive\Desktop\Scala\Blog_exp.scala. Using presentation compiler with project's scala-library version: 3.8.4
2026.07.30 12:37:32 INFO  no build target found for C:\Users\ankit chouhan\OneDrive\Desktop\Scala\Blog_exp.scala. Using presentation compiler with project's scala-library version: 3.8.4
2026.07.30 12:37:32 INFO  no build target found for C:\Users\ankit chouhan\OneDrive\Desktop\Scala\Blog_exp.scala. Using presentation compiler with project's scala-library version: 3.8.4
2026.07.30 12:37:32 INFO  no build target found for C:\Users\ankit chouhan\OneDrive\Desktop\Scala\Blog_exp.scala. Using presentation compiler with project's scala-library version: 3.8.4
2026.07.30 12:37:32 INFO  no build target found for C:\Users\ankit chouhan\OneDrive\Desktop\Scala\Blog_exp.scala. Using presentation compiler with project's scala-library version: 3.8.4
2026.07.30 12:37:32 INFO  no build target found for C:\Users\ankit chouhan\OneDrive\Desktop\Scala\Blog_exp.scala. Using presentation compiler with project's scala-library version: 3.8.4
2026.07.30 12:37:33 INFO  no build target found for C:\Users\ankit chouhan\OneDrive\Desktop\Scala\Blog_exp.scala. Using presentation compiler with project's scala-library version: 3.8.4
2026.07.30 12:37:32 INFO  no build target found for C:\Users\ankit chouhan\OneDrive\Desktop\Scala\Blog_exp.scala. Using presentation compiler with project's scala-library version: 3.8.4
2026.07.30 12:37:33 INFO  no build target found for C:\Users\ankit chouhan\OneDrive\Desktop\Scala\Blog_exp.scala. Using presentation compiler with project's scala-library version: 3.8.4
2026.07.30 12:37:33 INFO  no build target found for C:\Users\ankit chouhan\OneDrive\Desktop\Scala\Blog_exp.scala. Using presentation compiler with project's scala-library version: 3.8.4
2026.07.30 12:37:33 INFO  no build target found for C:\Users\ankit chouhan\OneDrive\Desktop\Scala\Blog_exp.scala. Using presentation compiler with project's scala-library version: 3.8.4
2026.07.30 12:37:33 INFO  no build target found for C:\Users\ankit chouhan\OneDrive\Desktop\Scala\Blog_exp.scala. Using presentation compiler with project's scala-library version: 3.8.4
2026.07.30 12:37:33 INFO  no build target found for C:\Users\ankit chouhan\OneDrive\Desktop\Scala\Blog_exp.scala. Using presentation compiler with project's scala-library version: 3.8.4
2026.07.30 12:37:34 INFO  no build target found for C:\Users\ankit chouhan\OneDrive\Desktop\Scala\Blog_exp.scala. Using presentation compiler with project's scala-library version: 3.8.4
2026.07.30 12:37:33 INFO  no build target found for C:\Users\ankit chouhan\OneDrive\Desktop\Scala\Blog_exp.scala. Using presentation compiler with project's scala-library version: 3.8.4
2026.07.30 12:37:33 INFO  no build target found for C:\Users\ankit chouhan\OneDrive\Desktop\Scala\Blog_exp.scala. Using presentation compiler with project's scala-library version: 3.8.4
2026.07.30 12:37:34 INFO  no build target found for C:\Users\ankit chouhan\OneDrive\Desktop\Scala\Blog_exp.scala. Using presentation compiler with project's scala-library version: 3.8.4
2026.07.30 12:37:34 INFO  no build target found for C:\Users\ankit chouhan\OneDrive\Desktop\Scala\Blog_exp.scala. Using presentation compiler with project's scala-library version: 3.8.4
2026.07.30 12:37:34 INFO  no build target found for C:\Users\ankit chouhan\OneDrive\Desktop\Scala\Blog_exp.scala. Using presentation compiler with project's scala-library version: 3.8.4
2026.07.30 12:37:34 INFO  no build target found for C:\Users\ankit chouhan\OneDrive\Desktop\Scala\Blog_exp.scala. Using presentation compiler with project's scala-library version: 3.8.4
2026.07.30 12:37:34 INFO  no build target found for C:\Users\ankit chouhan\OneDrive\Desktop\Scala\Blog_exp.scala. Using presentation compiler with project's scala-library version: 3.8.4
2026.07.30 12:37:35 INFO  no build target found for C:\Users\ankit chouhan\OneDrive\Desktop\Scala\Blog_exp.scala. Using presentation compiler with project's scala-library version: 3.8.4
2026.07.30 12:37:34 INFO  no build target found for C:\Users\ankit chouhan\OneDrive\Desktop\Scala\Blog_exp.scala. Using presentation compiler with project's scala-library version: 3.8.4
2026.07.30 12:37:34 INFO  no build target found for C:\Users\ankit chouhan\OneDrive\Desktop\Scala\Blog_exp.scala. Using presentation compiler with project's scala-library version: 3.8.4
2026.07.30 12:37:35 INFO  no build target found for C:\Users\ankit chouhan\OneDrive\Desktop\Scala\Blog_exp.scala. Using presentation compiler with project's scala-library version: 3.8.4
2026.07.30 12:37:36 WARN  no build target for: C:\Users\ankit chouhan\OneDrive\Desktop\Scala\Blog_exp.scala
2026.07.30 12:37:36 INFO  no build target found for C:\Users\ankit chouhan\OneDrive\Desktop\Scala\Blog_exp.scala. Using presentation compiler with project's scala-library version: 3.8.4
2026.07.30 12:37:37 INFO  no build target found for C:\Users\ankit chouhan\OneDrive\Desktop\Scala\Blog_exp.scala. Using presentation compiler with project's scala-library version: 3.8.4
2026.07.30 12:37:37 INFO  no build target found for C:\Users\ankit chouhan\OneDrive\Desktop\Scala\Blog_exp.scala. Using presentation compiler with project's scala-library version: 3.8.4
2026.07.30 12:37:39 INFO  no build target found for C:\Users\ankit chouhan\OneDrive\Desktop\Scala\Blog_exp.scala. Using presentation compiler with project's scala-library version: 3.8.4
2026.07.30 12:37:39 INFO  no build target found for C:\Users\ankit chouhan\OneDrive\Desktop\Scala\Blog_exp.scala. Using presentation compiler with project's scala-library version: 3.8.4
2026.07.30 12:37:39 INFO  no build target found for C:\Users\ankit chouhan\OneDrive\Desktop\Scala\Blog_exp.scala. Using presentation compiler with project's scala-library version: 3.8.4
2026.07.30 12:37:39 INFO  no build target found for C:\Users\ankit chouhan\OneDrive\Desktop\Scala\Blog_exp.scala. Using presentation compiler with project's scala-library version: 3.8.4
2026.07.30 12:37:39 INFO  no build target found for C:\Users\ankit chouhan\OneDrive\Desktop\Scala\Blog_exp.scala. Using presentation compiler with project's scala-library version: 3.8.4
2026.07.30 12:37:39 INFO  no build target found for C:\Users\ankit chouhan\OneDrive\Desktop\Scala\Blog_exp.scala. Using presentation compiler with project's scala-library version: 3.8.4
2026.07.30 12:37:39 INFO  no build target found for C:\Users\ankit chouhan\OneDrive\Desktop\Scala\Blog_exp.scala. Using presentation compiler with project's scala-library version: 3.8.4
2026.07.30 12:37:39 INFO  no build target found for C:\Users\ankit chouhan\OneDrive\Desktop\Scala\Blog_exp.scala. Using presentation compiler with project's scala-library version: 3.8.4
2026.07.30 12:37:40 INFO  no build target found for C:\Users\ankit chouhan\OneDrive\Desktop\Scala\Blog_exp.scala. Using presentation compiler with project's scala-library version: 3.8.4
2026.07.30 12:37:40 INFO  no build target found for C:\Users\ankit chouhan\OneDrive\Desktop\Scala\Blog_exp.scala. Using presentation compiler with project's scala-library version: 3.8.4
2026.07.30 12:37:40 INFO  no build target found for C:\Users\ankit chouhan\OneDrive\Desktop\Scala\Blog_exp.scala. Using presentation compiler with project's scala-library version: 3.8.4
2026.07.30 12:37:39 INFO  no build target found for C:\Users\ankit chouhan\OneDrive\Desktop\Scala\Blog_exp.scala. Using presentation compiler with project's scala-library version: 3.8.4
2026.07.30 12:37:40 INFO  no build target found for C:\Users\ankit chouhan\OneDrive\Desktop\Scala\Blog_exp.scala. Using presentation compiler with project's scala-library version: 3.8.4
2026.07.30 12:37:40 INFO  no build target found for C:\Users\ankit chouhan\OneDrive\Desktop\Scala\Blog_exp.scala. Using presentation compiler with project's scala-library version: 3.8.4
2026.07.30 12:37:41 WARN  no build target for: C:\Users\ankit chouhan\OneDrive\Desktop\Scala\Blog_exp.scala
2026.07.30 12:37:41 INFO  no build target found for C:\Users\ankit chouhan\OneDrive\Desktop\Scala\Blog_exp.scala. Using presentation compiler with project's scala-library version: 3.8.4
2026.07.30 12:37:53 INFO  no build target found for C:\Users\ankit chouhan\OneDrive\Desktop\Scala\Single_L.scala. Using presentation compiler with project's scala-library version: 3.8.4
2026.07.30 12:37:53 WARN  no build target for: C:\Users\ankit chouhan\OneDrive\Desktop\Scala\Single_L.scala
2026.07.30 12:37:53 INFO  no build target found for C:\Users\ankit chouhan\OneDrive\Desktop\Scala\Single_L.scala. Using presentation compiler with project's scala-library version: 3.8.4
2026.07.30 12:37:53 INFO  no build target found for C:\Users\ankit chouhan\OneDrive\Desktop\Scala\Single_L.scala. Using presentation compiler with project's scala-library version: 3.8.4
2026.07.30 12:37:53 INFO  no build target found for C:\Users\ankit chouhan\OneDrive\Desktop\Scala\Single_L.scala. Using presentation compiler with project's scala-library version: 3.8.4
2026.07.30 12:37:54 INFO  no build target found for C:\Users\ankit chouhan\OneDrive\Desktop\Scala\Single_L.scala. Using presentation compiler with project's scala-library version: 3.8.4
2026.07.30 12:37:58 INFO  no build target found for C:\Users\ankit chouhan\OneDrive\Desktop\Scala\Blog_exp.scala. Using presentation compiler with project's scala-library version: 3.8.4
2026.07.30 12:37:59 WARN  no build target for: C:\Users\ankit chouhan\OneDrive\Desktop\Scala\Blog_exp.scala
2026.07.30 12:37:58 INFO  no build target found for C:\Users\ankit chouhan\OneDrive\Desktop\Scala\Blog_exp.scala. Using presentation compiler with project's scala-library version: 3.8.4
2026.07.30 12:37:58 INFO  no build target found for C:\Users\ankit chouhan\OneDrive\Desktop\Scala\Blog_exp.scala. Using presentation compiler with project's scala-library version: 3.8.4
2026.07.30 12:37:59 INFO  no build target found for C:\Users\ankit chouhan\OneDrive\Desktop\Scala\Blog_exp.scala. Using presentation compiler with project's scala-library version: 3.8.4
2026.07.30 12:37:58 INFO  no build target found for C:\Users\ankit chouhan\OneDrive\Desktop\Scala\Blog_exp.scala. Using presentation compiler with project's scala-library version: 3.8.4
2026.07.30 12:38:00 INFO  no build target found for C:\Users\ankit chouhan\OneDrive\Desktop\Scala\Blog_exp.scala. Using presentation compiler with project's scala-library version: 3.8.4
2026.07.30 12:38:37 WARN  no build target for: C:\Users\ankit chouhan\OneDrive\Desktop\Scala\Blog_exp.scala
2026.07.30 12:38:37 INFO  no build target found for C:\Users\ankit chouhan\OneDrive\Desktop\Scala\Blog_exp.scala. Using presentation compiler with project's scala-library version: 3.8.4
2026.07.30 12:38:41 INFO  Shutting down server
2026.07.30 12:38:41 INFO  Memory monitor stopped
2026.07.30 12:38:41 INFO  shutting down Metals
2026.07.30 12:38:41 INFO  Shut down connection with build server.
2026.07.30 12:38:41 INFO  Exiting server
2026.07.30 18:00:27 INFO  Started: Metals version 1.6.8 in folders 'C:\Users\ankit chouhan\OneDrive\Desktop\Scala' for client Visual Studio Code 1.130.0.
2026.07.30 18:00:29 INFO  Memory monitor started
2026.07.30 18:00:31 WARN  Using H2 2.4.240 which is newer than the version Flyway has been verified with. The latest verified version of H2 is 2.3.232.
2026.07.30 18:00:31 INFO  no build target found for C:\Users\ankit chouhan\OneDrive\Desktop\Scala\Hello.scala. Using presentation compiler with project's scala-library version: 3.3.8
Jul 30, 2026 6:00:34 PM org.eclipse.lsp4j.jsonrpc.RemoteEndpoint handleCancellation
WARNING: Unmatched cancel notification for request id 2
2026.07.30 18:00:34 INFO  no build target found for C:\Users\ankit chouhan\OneDrive\Desktop\Scala\Hello.scala. Using presentation compiler with project's scala-library version: 3.3.8
2026.07.30 18:00:34 INFO  no build target found for C:\Users\ankit chouhan\OneDrive\Desktop\Scala\Hello.scala. Using presentation compiler with project's scala-library version: 3.3.8
2026.07.30 18:00:34 INFO  no build target found for C:\Users\ankit chouhan\OneDrive\Desktop\Scala\Hello.scala. Using presentation compiler with project's scala-library version: 3.3.8
2026.07.30 18:00:34 INFO  Attempting to connect to the build server...
2026.07.30 18:00:34 INFO  Running BSP server List(C:\Users\ankit chouhan\AppData\Local\Coursier\data\bin\.scala-cli.aux.exe, bsp, --json-options, C:\Users\ankit chouhan\OneDrive\Desktop\Scala\.scala-build\ide-options-v2.json, --json-launcher-options, C:\Users\ankit chouhan\OneDrive\Desktop\Scala\.scala-build\ide-launcher-options.json, --envs-file, C:\Users\ankit chouhan\OneDrive\Desktop\Scala\.scala-build\ide-envs.json, C:\Users\ankit chouhan\OneDrive\Desktop\Scala\Hello.scala)
2026.07.30 18:00:35 INFO  Tracing is disabled for protocol BSP. To enable tracing of incoming and outgoing JSON messages, create an empty file at C:\Users\ankit chouhan\OneDrive\Desktop\Scala\.metals\bsp.trace.json or C:\Users\ankit chouhan\AppData\Local\scalameta\metals\cache\bsp.trace.json
2026.07.30 18:00:39 INFO  time: Connected to build server in 4.38s
2026.07.30 18:00:39 INFO  Connected to Build server: scala-cli v1.15.0
2026.07.30 18:00:39 INFO  time: Imported build in 0.37s
2026.07.30 18:00:48 WARN  Using H2 2.4.240 which is newer than the version Flyway has been verified with. The latest verified version of H2 is 2.3.232.
2026.07.30 18:00:48 INFO  time: indexed workspace in 9.64s
2026.07.30 18:00:49 WARN  no build target for: C:\Users\ankit chouhan\OneDrive\Desktop\Scala\Blog_exp.scala
2026.07.30 18:00:48 WARN  no build target for: C:\Users\ankit chouhan\OneDrive\Desktop\Scala\Single_L.scala
2026.07.30 18:00:49 INFO  no build target found for C:\Users\ankit chouhan\OneDrive\Desktop\Scala\Single_L.scala. Using presentation compiler with project's scala-library version: 3.8.4
2026.07.30 18:00:52 INFO  no build target found for C:\Users\ankit chouhan\OneDrive\Desktop\Scala\Blog_exp.scala. Using presentation compiler with project's scala-library version: 3.8.4
2026.07.30 18:01:58 INFO  Shutting down server
2026.07.30 18:01:58 INFO  Memory monitor stopped
2026.07.30 18:01:58 INFO  shutting down Metals
2026.07.30 18:01:58 INFO  Shut down connection with build server.
2026.07.30 18:01:58 INFO  Exiting server
2026.07.30 19:15:05 INFO  Started: Metals version 1.6.8 in folders 'C:\Users\ankit chouhan\OneDrive\Desktop\Scala' for client Visual Studio Code 1.130.0.
2026.07.30 19:15:05 INFO  Memory monitor started
2026.07.30 19:15:07 WARN  Using H2 2.4.240 which is newer than the version Flyway has been verified with. The latest verified version of H2 is 2.3.232.
2026.07.30 19:15:07 INFO  no build target found for C:\Users\ankit chouhan\OneDrive\Desktop\Scala\Single_L.scala. Using presentation compiler with project's scala-library version: 3.3.8
2026.07.30 19:15:11 INFO  no build target found for C:\Users\ankit chouhan\OneDrive\Desktop\Scala\Single_L.scala. Using presentation compiler with project's scala-library version: 3.3.8
2026.07.30 19:15:11 INFO  Attempting to connect to the build server...
2026.07.30 19:15:11 INFO  Running BSP server List(C:\Users\ankit chouhan\AppData\Local\Coursier\data\bin\.scala-cli.aux.exe, bsp, --json-options, C:\Users\ankit chouhan\OneDrive\Desktop\Scala\.scala-build\ide-options-v2.json, --json-launcher-options, C:\Users\ankit chouhan\OneDrive\Desktop\Scala\.scala-build\ide-launcher-options.json, --envs-file, C:\Users\ankit chouhan\OneDrive\Desktop\Scala\.scala-build\ide-envs.json, C:\Users\ankit chouhan\OneDrive\Desktop\Scala\Hello.scala)
2026.07.30 19:15:12 INFO  Tracing is disabled for protocol BSP. To enable tracing of incoming and outgoing JSON messages, create an empty file at C:\Users\ankit chouhan\OneDrive\Desktop\Scala\.metals\bsp.trace.json or C:\Users\ankit chouhan\AppData\Local\scalameta\metals\cache\bsp.trace.json
2026.07.30 19:15:14 INFO  no build target found for c:\Users\ankit chouhan\OneDrive\Desktop\Scala\Single_L.scala. Using presentation compiler with project's scala-library version: 3.3.8
2026.07.30 19:15:14 INFO  no build target found for C:\Users\ankit chouhan\OneDrive\Desktop\Scala\Single_L_Inher.scala. Using presentation compiler with project's scala-library version: 3.3.8
2026.07.30 19:15:14 INFO  no build target found for C:\Users\ankit chouhan\OneDrive\Desktop\Scala\Single_L_Inher.scala. Using presentation compiler with project's scala-library version: 3.3.8
2026.07.30 19:15:15 INFO  no build target found for C:\Users\ankit chouhan\OneDrive\Desktop\Scala\Single_L_Inher.scala. Using presentation compiler with project's scala-library version: 3.3.8
2026.07.30 19:15:15 INFO  no build target found for C:\Users\ankit chouhan\OneDrive\Desktop\Scala\Single_L_Inher.scala. Using presentation compiler with project's scala-library version: 3.3.8
2026.07.30 19:15:20 INFO  time: Connected to build server in 8.92s
2026.07.30 19:15:20 INFO  Connected to Build server: scala-cli v1.15.0
2026.07.30 19:15:21 INFO  time: Imported build in 1.25s
2026.07.30 19:15:28 WARN  Using H2 2.4.240 which is newer than the version Flyway has been verified with. The latest verified version of H2 is 2.3.232.
2026.07.30 19:15:30 INFO  time: indexed workspace in 7.9s
2026.07.30 19:15:30 WARN  no build target for: C:\Users\ankit chouhan\OneDrive\Desktop\Scala\Single_L_Inher.scala
2026.07.30 19:15:30 INFO  no build target found for C:\Users\ankit chouhan\OneDrive\Desktop\Scala\Single_L_Inher.scala. Using presentation compiler with project's scala-library version: 3.8.4
2026.07.30 19:15:30 INFO  no build target found for C:\Users\ankit chouhan\OneDrive\Desktop\Scala\Single_L_Inher.scala. Using presentation compiler with project's scala-library version: 3.8.4
2026.07.30 19:15:33 INFO  no build target found for C:\Users\ankit chouhan\OneDrive\Desktop\Scala\Block_Expreesion.scala. Using presentation compiler with project's scala-library version: 3.8.4
2026.07.30 19:15:34 WARN  Could not find semantic tokens for: file:///C:/Users/ankit%20chouhan/OneDrive/Desktop/Scala/Block_Expreesion.scala
2026.07.30 19:15:36 INFO  no build target found for C:\Users\ankit chouhan\OneDrive\Desktop\Scala\Blog_exp.scala. Using presentation compiler with project's scala-library version: 3.8.4
Jul 30, 2026 7:15:36 PM org.eclipse.lsp4j.jsonrpc.RemoteEndpoint handleCancellation
WARNING: Unmatched cancel notification for request id 26
2026.07.30 19:15:36 INFO  no build target found for C:\Users\ankit chouhan\OneDrive\Desktop\Scala\Blog_exp.scala. Using presentation compiler with project's scala-library version: 3.8.4
2026.07.30 19:15:36 INFO  no build target found for C:\Users\ankit chouhan\OneDrive\Desktop\Scala\Blog_exp.scala. Using presentation compiler with project's scala-library version: 3.8.4
2026.07.30 19:15:36 INFO  no build target found for C:\Users\ankit chouhan\OneDrive\Desktop\Scala\Blog_exp.scala. Using presentation compiler with project's scala-library version: 3.8.4
2026.07.30 19:15:37 INFO  no build target found for C:\Users\ankit chouhan\OneDrive\Desktop\Scala\Block_Expreesion.scala. Using presentation compiler with project's scala-library version: 3.8.4
2026.07.30 19:15:37 INFO  time: code lens generation in 6.53s
2026.07.30 19:15:37 INFO  time: code lens generation in 6.53s
2026.07.30 19:15:37 INFO  time: code lens generation in 6.51s
2026.07.30 19:15:37 INFO  time: code lens generation in 4s
2026.07.30 19:15:37 INFO  no build target found for C:\Users\ankit chouhan\OneDrive\Desktop\Scala\Blog_exp.scala. Using presentation compiler with project's scala-library version: 3.8.4
2026.07.30 19:15:38 INFO  time: code lens generation in 1.83s
2026.07.30 19:15:48 INFO  no build target found for c:\Users\ankit chouhan\OneDrive\Desktop\Scala\Blog_exp.scala. Using presentation compiler with project's scala-library version: 3.8.4
2026.07.30 19:15:48 WARN  no build target for: C:\Users\ankit chouhan\OneDrive\Desktop\Scala\Block_Expreesion.scala
2026.07.30 19:15:48 INFO  no build target found for C:\Users\ankit chouhan\OneDrive\Desktop\Scala\Block_Expreesion.scala. Using presentation compiler with project's scala-library version: 3.8.4
2026.07.30 19:15:48 WARN  Could not find semantic tokens for: file:///C:/Users/ankit%20chouhan/OneDrive/Desktop/Scala/Block_Expreesion.scala
2026.07.30 19:15:51 WARN  no build target for: C:\Users\ankit chouhan\OneDrive\Desktop\Scala\Block_Expreesion.scala
2026.07.30 19:15:51 INFO  no build target found for C:\Users\ankit chouhan\OneDrive\Desktop\Scala\Block_Expreesion.scala. Using presentation compiler with project's scala-library version: 3.8.4
2026.07.30 19:15:51 WARN  Could not find semantic tokens for: file:///C:/Users/ankit%20chouhan/OneDrive/Desktop/Scala/Block_Expreesion.scala
2026.07.30 19:15:54 INFO  no build target found for C:\Users\ankit chouhan\OneDrive\Desktop\Scala\Sum.scala. Using presentation compiler with project's scala-library version: 3.8.4
2026.07.30 19:15:54 INFO  no build target found for C:\Users\ankit chouhan\OneDrive\Desktop\Scala\Sum.scala. Using presentation compiler with project's scala-library version: 3.8.4
Jul 30, 2026 7:15:54 PM org.eclipse.lsp4j.jsonrpc.RemoteEndpoint handleCancellation
WARNING: Unmatched cancel notification for request id 53
2026.07.30 19:15:54 INFO  no build target found for C:\Users\ankit chouhan\OneDrive\Desktop\Scala\Sum.scala. Using presentation compiler with project's scala-library version: 3.8.4
2026.07.30 19:16:12 INFO  no build target found for C:\Users\ankit chouhan\OneDrive\Desktop\Scala\Polymor_Encap.scala. Using presentation compiler with project's scala-library version: 3.8.4
2026.07.30 19:16:12 INFO  no build target found for C:\Users\ankit chouhan\OneDrive\Desktop\Scala\Polymor_Encap.scala. Using presentation compiler with project's scala-library version: 3.8.4
2026.07.30 19:16:12 WARN  Could not find semantic tokens for: file:///C:/Users/ankit%20chouhan/OneDrive/Desktop/Scala/Polymor_Encap.scala
2026.07.30 19:16:26 INFO  no build target found for C:\Users\ankit chouhan\OneDrive\Desktop\Scala\Overriding_func.scala. Using presentation compiler with project's scala-library version: 3.8.4
2026.07.30 19:16:26 INFO  no build target found for C:\Users\ankit chouhan\OneDrive\Desktop\Scala\Overriding_func.scala. Using presentation compiler with project's scala-library version: 3.8.4
2026.07.30 19:16:27 WARN  Could not find semantic tokens for: file:///C:/Users/ankit%20chouhan/OneDrive/Desktop/Scala/Overriding_func.scala
2026.07.30 19:16:36 INFO  no build target found for C:\Users\ankit chouhan\OneDrive\Desktop\Scala\Loops.scala. Using presentation compiler with project's scala-library version: 3.8.4
2026.07.30 19:16:36 INFO  no build target found for C:\Users\ankit chouhan\OneDrive\Desktop\Scala\Loops.scala. Using presentation compiler with project's scala-library version: 3.8.4
2026.07.30 19:16:36 WARN  Could not find semantic tokens for: file:///C:/Users/ankit%20chouhan/OneDrive/Desktop/Scala/Loops.scala
2026.07.30 19:17:49 INFO  no build target found for C:\Users\ankit chouhan\OneDrive\Desktop\Scala\Single_L_Inher.scala. Using presentation compiler with project's scala-library version: 3.8.4
2026.07.30 19:17:50 WARN  no build target for: C:\Users\ankit chouhan\OneDrive\Desktop\Scala\Single_L_Inher.scala
2026.07.30 19:17:50 INFO  no build target found for C:\Users\ankit chouhan\OneDrive\Desktop\Scala\Single_L_Inher.scala. Using presentation compiler with project's scala-library version: 3.8.4
2026.07.30 19:17:50 INFO  no build target found for C:\Users\ankit chouhan\OneDrive\Desktop\Scala\Single_L_Inher.scala. Using presentation compiler with project's scala-library version: 3.8.4
2026.07.30 19:17:50 INFO  no build target found for C:\Users\ankit chouhan\OneDrive\Desktop\Scala\Single_L_Inher.scala. Using presentation compiler with project's scala-library version: 3.8.4
2026.07.30 19:17:51 INFO  no build target found for C:\Users\ankit chouhan\OneDrive\Desktop\Scala\Single_L_Inher.scala. Using presentation compiler with project's scala-library version: 3.8.4
2026.07.30 19:17:50 INFO  no build target found for C:\Users\ankit chouhan\OneDrive\Desktop\Scala\Single_L_Inher.scala. Using presentation compiler with project's scala-library version: 3.8.4
2026.07.30 19:17:52 INFO  no build target found for C:\Users\ankit chouhan\OneDrive\Desktop\Scala\Single_L_Inher.scala. Using presentation compiler with project's scala-library version: 3.8.4
2026.07.30 19:17:52 INFO  no build target found for C:\Users\ankit chouhan\OneDrive\Desktop\Scala\Single_L_Inher.scala. Using presentation compiler with project's scala-library version: 3.8.4
Jul 30, 2026 7:17:57 PM org.eclipse.lsp4j.jsonrpc.RemoteEndpoint handleCancellation
WARNING: Unmatched cancel notification for request id 93
2026.07.30 19:17:58 INFO  no build target found for C:\Users\ankit chouhan\OneDrive\Desktop\Scala\Single_L_Inher.scala. Using presentation compiler with project's scala-library version: 3.8.4
2026.07.30 19:17:58 INFO  no build target found for C:\Users\ankit chouhan\OneDrive\Desktop\Scala\Single_L_Inher.scala. Using presentation compiler with project's scala-library version: 3.8.4
2026.07.30 19:17:59 INFO  no build target found for C:\Users\ankit chouhan\OneDrive\Desktop\Scala\Single_L_Inher.scala. Using presentation compiler with project's scala-library version: 3.8.4
2026.07.30 19:17:59 INFO  no build target found for C:\Users\ankit chouhan\OneDrive\Desktop\Scala\Single_L_Inher.scala. Using presentation compiler with project's scala-library version: 3.8.4
2026.07.30 19:17:59 WARN  no build target for: C:\Users\ankit chouhan\OneDrive\Desktop\Scala\Single_L_Inher.scala
2026.07.30 19:18:02 INFO  time: code lens generation in 3.12s
2026.07.30 19:18:03 INFO  no build target found for C:\Users\ankit chouhan\OneDrive\Desktop\Scala\Single_L_Inher.scala. Using presentation compiler with project's scala-library version: 3.8.4
2026.07.30 19:18:07 WARN  no build target for: C:\Users\ankit chouhan\OneDrive\Desktop\Scala\Polymor_Encap.scala
2026.07.30 19:18:07 INFO  no build target found for C:\Users\ankit chouhan\OneDrive\Desktop\Scala\Polymor_Encap.scala. Using presentation compiler with project's scala-library version: 3.8.4
2026.07.30 19:18:08 WARN  Could not find semantic tokens for: file:///C:/Users/ankit%20chouhan/OneDrive/Desktop/Scala/Polymor_Encap.scala
2026.07.30 19:18:08 INFO  no build target found for C:\Users\ankit chouhan\OneDrive\Desktop\Scala\Polymor_Encap.scala. Using presentation compiler with project's scala-library version: 3.8.4
2026.07.30 19:18:08 WARN  Could not find semantic tokens for: file:///C:/Users/ankit%20chouhan/OneDrive/Desktop/Scala/Polymor_Encap.scala
2026.07.30 19:18:09 INFO  no build target found for C:\Users\ankit chouhan\OneDrive\Desktop\Scala\Polymor_Encap.scala. Using presentation compiler with project's scala-library version: 3.8.4
2026.07.30 19:18:08 INFO  no build target found for C:\Users\ankit chouhan\OneDrive\Desktop\Scala\Polymor_Encap.scala. Using presentation compiler with project's scala-library version: 3.8.4
2026.07.30 19:18:09 INFO  no build target found for C:\Users\ankit chouhan\OneDrive\Desktop\Scala\Polymor_Encap.scala. Using presentation compiler with project's scala-library version: 3.8.4
2026.07.30 19:18:10 INFO  no build target found for C:\Users\ankit chouhan\OneDrive\Desktop\Scala\Polymor_Encap.scala. Using presentation compiler with project's scala-library version: 3.8.4
2026.07.30 19:18:10 WARN  no build target for: C:\Users\ankit chouhan\OneDrive\Desktop\Scala\Polymor_Encap.scala
2026.07.30 19:18:12 INFO  time: code lens generation in 2.53s
2026.07.30 19:18:13 INFO  no build target found for C:\Users\ankit chouhan\OneDrive\Desktop\Scala\Polymor_Encap.scala. Using presentation compiler with project's scala-library version: 3.8.4
2026.07.30 19:18:25 WARN  no build target for: C:\Users\ankit chouhan\OneDrive\Desktop\Scala\Overriding_func.scala
2026.07.30 19:18:25 INFO  no build target found for C:\Users\ankit chouhan\OneDrive\Desktop\Scala\Overriding_func.scala. Using presentation compiler with project's scala-library version: 3.8.4
2026.07.30 19:18:26 WARN  Could not find semantic tokens for: file:///C:/Users/ankit%20chouhan/OneDrive/Desktop/Scala/Overriding_func.scala
2026.07.30 19:18:26 INFO  no build target found for C:\Users\ankit chouhan\OneDrive\Desktop\Scala\Overriding_func.scala. Using presentation compiler with project's scala-library version: 3.8.4
2026.07.30 19:18:26 WARN  Could not find semantic tokens for: file:///C:/Users/ankit%20chouhan/OneDrive/Desktop/Scala/Overriding_func.scala
2026.07.30 19:18:27 INFO  no build target found for C:\Users\ankit chouhan\OneDrive\Desktop\Scala\Overriding_func.scala. Using presentation compiler with project's scala-library version: 3.8.4
2026.07.30 19:18:27 INFO  no build target found for C:\Users\ankit chouhan\OneDrive\Desktop\Scala\Overriding_func.scala. Using presentation compiler with project's scala-library version: 3.8.4
2026.07.30 19:18:27 INFO  no build target found for C:\Users\ankit chouhan\OneDrive\Desktop\Scala\Overriding_func.scala. Using presentation compiler with project's scala-library version: 3.8.4
2026.07.30 19:18:27 INFO  no build target found for C:\Users\ankit chouhan\OneDrive\Desktop\Scala\Overriding_func.scala. Using presentation compiler with project's scala-library version: 3.8.4
2026.07.30 19:18:28 INFO  time: code lens generation in 1.22s
2026.07.30 19:18:28 WARN  no build target for: C:\Users\ankit chouhan\OneDrive\Desktop\Scala\Overriding_func.scala
2026.07.30 19:18:29 INFO  no build target found for C:\Users\ankit chouhan\OneDrive\Desktop\Scala\Overriding_func.scala. Using presentation compiler with project's scala-library version: 3.8.4
2026.07.30 19:18:41 WARN  no build target for: C:\Users\ankit chouhan\OneDrive\Desktop\Scala\Loops.scala
2026.07.30 19:18:41 INFO  no build target found for C:\Users\ankit chouhan\OneDrive\Desktop\Scala\Loops.scala. Using presentation compiler with project's scala-library version: 3.8.4
2026.07.30 19:18:41 WARN  Could not find semantic tokens for: file:///C:/Users/ankit%20chouhan/OneDrive/Desktop/Scala/Loops.scala
2026.07.30 19:18:43 INFO  no build target found for C:\Users\ankit chouhan\OneDrive\Desktop\Scala\Loops.scala. Using presentation compiler with project's scala-library version: 3.8.4
2026.07.30 19:18:43 INFO  no build target found for C:\Users\ankit chouhan\OneDrive\Desktop\Scala\Loops.scala. Using presentation compiler with project's scala-library version: 3.8.4
2026.07.30 19:18:43 INFO  no build target found for C:\Users\ankit chouhan\OneDrive\Desktop\Scala\Loops.scala. Using presentation compiler with project's scala-library version: 3.8.4
2026.07.30 19:18:44 INFO  no build target found for C:\Users\ankit chouhan\OneDrive\Desktop\Scala\Loops.scala. Using presentation compiler with project's scala-library version: 3.8.4
2026.07.30 19:18:44 WARN  no build target for: C:\Users\ankit chouhan\OneDrive\Desktop\Scala\Loops.scala
2026.07.30 19:18:48 INFO  time: code lens generation in 4.34s
2026.07.30 19:18:49 INFO  no build target found for C:\Users\ankit chouhan\OneDrive\Desktop\Scala\Loops.scala. Using presentation compiler with project's scala-library version: 3.8.4
2026.07.30 19:18:57 WARN  no build target for: C:\Users\ankit chouhan\OneDrive\Desktop\Scala\Block_Expreesion.scala
2026.07.30 19:18:57 INFO  no build target found for C:\Users\ankit chouhan\OneDrive\Desktop\Scala\Block_Expreesion.scala. Using presentation compiler with project's scala-library version: 3.8.4
2026.07.30 19:18:57 WARN  Could not find semantic tokens for: file:///C:/Users/ankit%20chouhan/OneDrive/Desktop/Scala/Block_Expreesion.scala
2026.07.30 19:18:59 INFO  no build target found for C:\Users\ankit chouhan\OneDrive\Desktop\Scala\Block_Expreesion.scala. Using presentation compiler with project's scala-library version: 3.8.4
2026.07.30 19:18:59 INFO  no build target found for C:\Users\ankit chouhan\OneDrive\Desktop\Scala\Block_Expreesion.scala. Using presentation compiler with project's scala-library version: 3.8.4
2026.07.30 19:18:59 INFO  no build target found for C:\Users\ankit chouhan\OneDrive\Desktop\Scala\Block_Expreesion.scala. Using presentation compiler with project's scala-library version: 3.8.4
2026.07.30 19:18:59 INFO  no build target found for C:\Users\ankit chouhan\OneDrive\Desktop\Scala\Block_Expreesion.scala. Using presentation compiler with project's scala-library version: 3.8.4
2026.07.30 19:19:00 WARN  no build target for: C:\Users\ankit chouhan\OneDrive\Desktop\Scala\Block_Expreesion.scala
2026.07.30 19:19:00 INFO  no build target found for C:\Users\ankit chouhan\OneDrive\Desktop\Scala\Block_Expreesion.scala. Using presentation compiler with project's scala-library version: 3.8.4
2026.07.30 19:19:02 INFO  no build target found for C:\Users\ankit chouhan\OneDrive\Desktop\Scala\Loops.scala. Using presentation compiler with project's scala-library version: 3.8.4
2026.07.30 19:19:02 WARN  no build target for: C:\Users\ankit chouhan\OneDrive\Desktop\Scala\Loops.scala
Jul 30, 2026 7:19:02 PM org.eclipse.lsp4j.jsonrpc.RemoteEndpoint handleCancellation
WARNING: Unmatched cancel notification for request id 183
2026.07.30 19:19:02 INFO  no build target found for C:\Users\ankit chouhan\OneDrive\Desktop\Scala\Loops.scala. Using presentation compiler with project's scala-library version: 3.8.4
Jul 30, 2026 7:19:02 PM org.eclipse.lsp4j.jsonrpc.RemoteEndpoint handleCancellation
WARNING: Unmatched cancel notification for request id 184
2026.07.30 19:19:02 INFO  no build target found for C:\Users\ankit chouhan\OneDrive\Desktop\Scala\Loops.scala. Using presentation compiler with project's scala-library version: 3.8.4
2026.07.30 19:19:02 INFO  no build target found for C:\Users\ankit chouhan\OneDrive\Desktop\Scala\Loops.scala. Using presentation compiler with project's scala-library version: 3.8.4
2026.07.30 19:19:03 WARN  no build target for: C:\Users\ankit chouhan\OneDrive\Desktop\Scala\Overriding_func.scala
2026.07.30 19:19:03 INFO  no build target found for C:\Users\ankit chouhan\OneDrive\Desktop\Scala\Overriding_func.scala. Using presentation compiler with project's scala-library version: 3.8.4
2026.07.30 19:19:03 INFO  no build target found for C:\Users\ankit chouhan\OneDrive\Desktop\Scala\Overriding_func.scala. Using presentation compiler with project's scala-library version: 3.8.4
2026.07.30 19:19:03 INFO  no build target found for C:\Users\ankit chouhan\OneDrive\Desktop\Scala\Overriding_func.scala. Using presentation compiler with project's scala-library version: 3.8.4
2026.07.30 19:19:04 WARN  no build target for: C:\Users\ankit chouhan\OneDrive\Desktop\Scala\Polymor_Encap.scala
2026.07.30 19:19:04 INFO  no build target found for C:\Users\ankit chouhan\OneDrive\Desktop\Scala\Polymor_Encap.scala. Using presentation compiler with project's scala-library version: 3.8.4
2026.07.30 19:19:05 INFO  no build target found for C:\Users\ankit chouhan\OneDrive\Desktop\Scala\Polymor_Encap.scala. Using presentation compiler with project's scala-library version: 3.8.4
2026.07.30 19:19:04 INFO  no build target found for C:\Users\ankit chouhan\OneDrive\Desktop\Scala\Polymor_Encap.scala. Using presentation compiler with project's scala-library version: 3.8.4
2026.07.30 19:19:04 INFO  no build target found for C:\Users\ankit chouhan\OneDrive\Desktop\Scala\Single_L_Inher.scala. Using presentation compiler with project's scala-library version: 3.8.4
2026.07.30 19:19:05 WARN  no build target for: C:\Users\ankit chouhan\OneDrive\Desktop\Scala\Single_L_Inher.scala
2026.07.30 19:19:06 INFO  no build target found for C:\Users\ankit chouhan\OneDrive\Desktop\Scala\Single_L_Inher.scala. Using presentation compiler with project's scala-library version: 3.8.4
2026.07.30 19:19:06 INFO  no build target found for C:\Users\ankit chouhan\OneDrive\Desktop\Scala\Single_L_Inher.scala. Using presentation compiler with project's scala-library version: 3.8.4
2026.07.30 19:19:06 INFO  no build target found for C:\Users\ankit chouhan\OneDrive\Desktop\Scala\Single_L_Inher.scala. Using presentation compiler with project's scala-library version: 3.8.4
2026.07.30 19:19:07 INFO  no build target found for C:\Users\ankit chouhan\OneDrive\Desktop\Scala\Sum.scala. Using presentation compiler with project's scala-library version: 3.8.4
2026.07.30 19:19:07 WARN  no build target for: C:\Users\ankit chouhan\OneDrive\Desktop\Scala\Sum.scala
2026.07.30 19:19:07 INFO  no build target found for C:\Users\ankit chouhan\OneDrive\Desktop\Scala\Sum.scala. Using presentation compiler with project's scala-library version: 3.8.4
2026.07.30 19:19:17 WARN  no build target for: C:\Users\ankit chouhan\OneDrive\Desktop\Scala\Polymor_Encap.scala
2026.07.30 19:19:17 INFO  no build target found for C:\Users\ankit chouhan\OneDrive\Desktop\Scala\Polymor_Encap.scala. Using presentation compiler with project's scala-library version: 3.8.4
Jul 30, 2026 7:19:17 PM org.eclipse.lsp4j.jsonrpc.RemoteEndpoint handleCancellation
WARNING: Unmatched cancel notification for request id 225
2026.07.30 19:19:17 INFO  no build target found for C:\Users\ankit chouhan\OneDrive\Desktop\Scala\Polymor_Encap.scala. Using presentation compiler with project's scala-library version: 3.8.4
2026.07.30 19:19:17 INFO  no build target found for C:\Users\ankit chouhan\OneDrive\Desktop\Scala\Polymor_Encap.scala. Using presentation compiler with project's scala-library version: 3.8.4
2026.07.30 19:19:48 INFO  no build target found for C:\Users\ankit chouhan\OneDrive\Desktop\Scala\Polymor_Encap.scala. Using presentation compiler with project's scala-library version: 3.8.4
2026.07.30 19:19:48 INFO  no build target found for C:\Users\ankit chouhan\OneDrive\Desktop\Scala\Polymor_Encap.scala. Using presentation compiler with project's scala-library version: 3.8.4
2026.07.30 19:19:48 INFO  no build target found for C:\Users\ankit chouhan\OneDrive\Desktop\Scala\Polymor_Encap.scala. Using presentation compiler with project's scala-library version: 3.8.4
2026.07.30 19:19:50 INFO  no build target found for C:\Users\ankit chouhan\OneDrive\Desktop\Scala\Polymor_Encap.scala. Using presentation compiler with project's scala-library version: 3.8.4
2026.07.30 19:19:50 INFO  no build target found for C:\Users\ankit chouhan\OneDrive\Desktop\Scala\Polymor_Encap.scala. Using presentation compiler with project's scala-library version: 3.8.4
2026.07.30 19:19:51 INFO  no build target found for C:\Users\ankit chouhan\OneDrive\Desktop\Scala\Polymor_Encap.scala. Using presentation compiler with project's scala-library version: 3.8.4
2026.07.30 19:19:50 INFO  no build target found for C:\Users\ankit chouhan\OneDrive\Desktop\Scala\Polymor_Encap.scala. Using presentation compiler with project's scala-library version: 3.8.4
2026.07.30 19:19:50 INFO  no build target found for C:\Users\ankit chouhan\OneDrive\Desktop\Scala\Polymor_Encap.scala. Using presentation compiler with project's scala-library version: 3.8.4
2026.07.30 19:19:51 INFO  no build target found for C:\Users\ankit chouhan\OneDrive\Desktop\Scala\Polymor_Encap.scala. Using presentation compiler with project's scala-library version: 3.8.4
2026.07.30 19:19:51 INFO  no build target found for C:\Users\ankit chouhan\OneDrive\Desktop\Scala\Polymor_Encap.scala. Using presentation compiler with project's scala-library version: 3.8.4
2026.07.30 19:19:52 WARN  no build target for: C:\Users\ankit chouhan\OneDrive\Desktop\Scala\Polymor_Encap.scala
2026.07.30 19:19:53 INFO  no build target found for C:\Users\ankit chouhan\OneDrive\Desktop\Scala\Polymor_Encap.scala. Using presentation compiler with project's scala-library version: 3.8.4
2026.07.30 19:19:53 INFO  no build target found for C:\Users\ankit chouhan\OneDrive\Desktop\Scala\Polymor_Encap.scala. Using presentation compiler with project's scala-library version: 3.8.4
2026.07.30 19:19:53 INFO  no build target found for C:\Users\ankit chouhan\OneDrive\Desktop\Scala\Polymor_Encap.scala. Using presentation compiler with project's scala-library version: 3.8.4
2026.07.30 19:19:53 INFO  no build target found for C:\Users\ankit chouhan\OneDrive\Desktop\Scala\Polymor_Encap.scala. Using presentation compiler with project's scala-library version: 3.8.4
2026.07.30 19:19:54 WARN  no build target for: C:\Users\ankit chouhan\OneDrive\Desktop\Scala\Polymor_Encap.scala
2026.07.30 19:19:54 INFO  no build target found for C:\Users\ankit chouhan\OneDrive\Desktop\Scala\Polymor_Encap.scala. Using presentation compiler with project's scala-library version: 3.8.4
2026.07.30 19:19:54 INFO  no build target found for C:\Users\ankit chouhan\OneDrive\Desktop\Scala\Polymor_Encap.scala. Using presentation compiler with project's scala-library version: 3.8.4
2026.07.30 19:19:54 INFO  no build target found for C:\Users\ankit chouhan\OneDrive\Desktop\Scala\Polymor_Encap.scala. Using presentation compiler with project's scala-library version: 3.8.4
2026.07.30 19:19:55 INFO  no build target found for C:\Users\ankit chouhan\OneDrive\Desktop\Scala\Polymor_Encap.scala. Using presentation compiler with project's scala-library version: 3.8.4
2026.07.30 19:19:55 INFO  no build target found for C:\Users\ankit chouhan\OneDrive\Desktop\Scala\Polymor_Encap.scala. Using presentation compiler with project's scala-library version: 3.8.4
2026.07.30 19:19:55 WARN  no build target for: C:\Users\ankit chouhan\OneDrive\Desktop\Scala\Polymor_Encap.scala
2026.07.30 19:19:55 INFO  no build target found for C:\Users\ankit chouhan\OneDrive\Desktop\Scala\Polymor_Encap.scala. Using presentation compiler with project's scala-library version: 3.8.4
2026.07.30 19:19:56 INFO  no build target found for C:\Users\ankit chouhan\OneDrive\Desktop\Scala\Polymor_Encap.scala. Using presentation compiler with project's scala-library version: 3.8.4
2026.07.30 19:19:56 INFO  no build target found for C:\Users\ankit chouhan\OneDrive\Desktop\Scala\Polymor_Encap.scala. Using presentation compiler with project's scala-library version: 3.8.4
2026.07.30 19:19:57 INFO  no build target found for C:\Users\ankit chouhan\OneDrive\Desktop\Scala\Polymor_Encap.scala. Using presentation compiler with project's scala-library version: 3.8.4
2026.07.30 19:19:57 INFO  no build target found for C:\Users\ankit chouhan\OneDrive\Desktop\Scala\Polymor_Encap.scala. Using presentation compiler with project's scala-library version: 3.8.4
2026.07.30 19:19:58 INFO  no build target found for C:\Users\ankit chouhan\OneDrive\Desktop\Scala\Polymor_Encap.scala. Using presentation compiler with project's scala-library version: 3.8.4
2026.07.30 19:19:58 INFO  no build target found for C:\Users\ankit chouhan\OneDrive\Desktop\Scala\Polymor_Encap.scala. Using presentation compiler with project's scala-library version: 3.8.4
2026.07.30 19:19:58 INFO  no build target found for C:\Users\ankit chouhan\OneDrive\Desktop\Scala\Polymor_Encap.scala. Using presentation compiler with project's scala-library version: 3.8.4
2026.07.30 19:19:58 INFO  no build target found for C:\Users\ankit chouhan\OneDrive\Desktop\Scala\Polymor_Encap.scala. Using presentation compiler with project's scala-library version: 3.8.4
2026.07.30 19:19:58 INFO  no build target found for C:\Users\ankit chouhan\OneDrive\Desktop\Scala\Polymor_Encap.scala. Using presentation compiler with project's scala-library version: 3.8.4
2026.07.30 19:19:58 INFO  no build target found for C:\Users\ankit chouhan\OneDrive\Desktop\Scala\Polymor_Encap.scala. Using presentation compiler with project's scala-library version: 3.8.4
2026.07.30 19:19:58 INFO  no build target found for C:\Users\ankit chouhan\OneDrive\Desktop\Scala\Polymor_Encap.scala. Using presentation compiler with project's scala-library version: 3.8.4
2026.07.30 19:19:59 INFO  no build target found for C:\Users\ankit chouhan\OneDrive\Desktop\Scala\Polymor_Encap.scala. Using presentation compiler with project's scala-library version: 3.8.4
2026.07.30 19:19:58 INFO  no build target found for C:\Users\ankit chouhan\OneDrive\Desktop\Scala\Polymor_Encap.scala. Using presentation compiler with project's scala-library version: 3.8.4
2026.07.30 19:19:58 INFO  no build target found for C:\Users\ankit chouhan\OneDrive\Desktop\Scala\Polymor_Encap.scala. Using presentation compiler with project's scala-library version: 3.8.4
2026.07.30 19:19:59 INFO  no build target found for C:\Users\ankit chouhan\OneDrive\Desktop\Scala\Polymor_Encap.scala. Using presentation compiler with project's scala-library version: 3.8.4
2026.07.30 19:19:59 INFO  no build target found for C:\Users\ankit chouhan\OneDrive\Desktop\Scala\Polymor_Encap.scala. Using presentation compiler with project's scala-library version: 3.8.4
2026.07.30 19:20:00 INFO  no build target found for C:\Users\ankit chouhan\OneDrive\Desktop\Scala\Polymor_Encap.scala. Using presentation compiler with project's scala-library version: 3.8.4
2026.07.30 19:20:00 INFO  no build target found for C:\Users\ankit chouhan\OneDrive\Desktop\Scala\Polymor_Encap.scala. Using presentation compiler with project's scala-library version: 3.8.4
2026.07.30 19:20:00 INFO  no build target found for C:\Users\ankit chouhan\OneDrive\Desktop\Scala\Polymor_Encap.scala. Using presentation compiler with project's scala-library version: 3.8.4
2026.07.30 19:20:00 INFO  no build target found for C:\Users\ankit chouhan\OneDrive\Desktop\Scala\Polymor_Encap.scala. Using presentation compiler with project's scala-library version: 3.8.4
Jul 30, 2026 7:20:00 PM org.eclipse.lsp4j.jsonrpc.RemoteEndpoint handleCancellation
WARNING: Unmatched cancel notification for request id 306
2026.07.30 19:20:00 INFO  no build target found for C:\Users\ankit chouhan\OneDrive\Desktop\Scala\Polymor_Encap.scala. Using presentation compiler with project's scala-library version: 3.8.4
2026.07.30 19:20:00 INFO  no build target found for C:\Users\ankit chouhan\OneDrive\Desktop\Scala\Polymor_Encap.scala. Using presentation compiler with project's scala-library version: 3.8.4
2026.07.30 19:20:00 INFO  no build target found for C:\Users\ankit chouhan\OneDrive\Desktop\Scala\Polymor_Encap.scala. Using presentation compiler with project's scala-library version: 3.8.4
2026.07.30 19:20:01 INFO  no build target found for C:\Users\ankit chouhan\OneDrive\Desktop\Scala\Polymor_Encap.scala. Using presentation compiler with project's scala-library version: 3.8.4
2026.07.30 19:20:01 INFO  no build target found for C:\Users\ankit chouhan\OneDrive\Desktop\Scala\Polymor_Encap.scala. Using presentation compiler with project's scala-library version: 3.8.4
2026.07.30 19:20:01 INFO  no build target found for C:\Users\ankit chouhan\OneDrive\Desktop\Scala\Polymor_Encap.scala. Using presentation compiler with project's scala-library version: 3.8.4
2026.07.30 19:20:01 INFO  no build target found for C:\Users\ankit chouhan\OneDrive\Desktop\Scala\Polymor_Encap.scala. Using presentation compiler with project's scala-library version: 3.8.4
2026.07.30 19:20:01 INFO  no build target found for C:\Users\ankit chouhan\OneDrive\Desktop\Scala\Polymor_Encap.scala. Using presentation compiler with project's scala-library version: 3.8.4
2026.07.30 19:20:01 INFO  no build target found for C:\Users\ankit chouhan\OneDrive\Desktop\Scala\Polymor_Encap.scala. Using presentation compiler with project's scala-library version: 3.8.4
2026.07.30 19:20:01 INFO  no build target found for C:\Users\ankit chouhan\OneDrive\Desktop\Scala\Polymor_Encap.scala. Using presentation compiler with project's scala-library version: 3.8.4
2026.07.30 19:20:02 INFO  no build target found for C:\Users\ankit chouhan\OneDrive\Desktop\Scala\Polymor_Encap.scala. Using presentation compiler with project's scala-library version: 3.8.4
2026.07.30 19:20:02 INFO  no build target found for C:\Users\ankit chouhan\OneDrive\Desktop\Scala\Polymor_Encap.scala. Using presentation compiler with project's scala-library version: 3.8.4
Jul 30, 2026 7:20:02 PM org.eclipse.lsp4j.jsonrpc.RemoteEndpoint handleCancellation
WARNING: Unmatched cancel notification for request id 327
2026.07.30 19:20:02 INFO  no build target found for C:\Users\ankit chouhan\OneDrive\Desktop\Scala\Polymor_Encap.scala. Using presentation compiler with project's scala-library version: 3.8.4
2026.07.30 19:20:02 INFO  no build target found for C:\Users\ankit chouhan\OneDrive\Desktop\Scala\Polymor_Encap.scala. Using presentation compiler with project's scala-library version: 3.8.4
2026.07.30 19:20:03 INFO  no build target found for C:\Users\ankit chouhan\OneDrive\Desktop\Scala\Polymor_Encap.scala. Using presentation compiler with project's scala-library version: 3.8.4
2026.07.30 19:20:03 INFO  no build target found for C:\Users\ankit chouhan\OneDrive\Desktop\Scala\Polymor_Encap.scala. Using presentation compiler with project's scala-library version: 3.8.4
2026.07.30 19:20:03 INFO  no build target found for C:\Users\ankit chouhan\OneDrive\Desktop\Scala\Polymor_Encap.scala. Using presentation compiler with project's scala-library version: 3.8.4
2026.07.30 19:20:03 INFO  no build target found for C:\Users\ankit chouhan\OneDrive\Desktop\Scala\Polymor_Encap.scala. Using presentation compiler with project's scala-library version: 3.8.4
2026.07.30 19:20:03 INFO  no build target found for C:\Users\ankit chouhan\OneDrive\Desktop\Scala\Polymor_Encap.scala. Using presentation compiler with project's scala-library version: 3.8.4
2026.07.30 19:20:04 INFO  no build target found for C:\Users\ankit chouhan\OneDrive\Desktop\Scala\Polymor_Encap.scala. Using presentation compiler with project's scala-library version: 3.8.4
2026.07.30 19:20:03 INFO  no build target found for C:\Users\ankit chouhan\OneDrive\Desktop\Scala\Polymor_Encap.scala. Using presentation compiler with project's scala-library version: 3.8.4
2026.07.30 19:20:03 INFO  no build target found for C:\Users\ankit chouhan\OneDrive\Desktop\Scala\Polymor_Encap.scala. Using presentation compiler with project's scala-library version: 3.8.4
2026.07.30 19:20:04 INFO  no build target found for C:\Users\ankit chouhan\OneDrive\Desktop\Scala\Polymor_Encap.scala. Using presentation compiler with project's scala-library version: 3.8.4
2026.07.30 19:20:05 INFO  no build target found for C:\Users\ankit chouhan\OneDrive\Desktop\Scala\Polymor_Encap.scala. Using presentation compiler with project's scala-library version: 3.8.4
2026.07.30 19:20:05 INFO  no build target found for C:\Users\ankit chouhan\OneDrive\Desktop\Scala\Polymor_Encap.scala. Using presentation compiler with project's scala-library version: 3.8.4
2026.07.30 19:20:05 WARN  no build target for: C:\Users\ankit chouhan\OneDrive\Desktop\Scala\Polymor_Encap.scala
2026.07.30 19:20:05 INFO  no build target found for C:\Users\ankit chouhan\OneDrive\Desktop\Scala\Polymor_Encap.scala. Using presentation compiler with project's scala-library version: 3.8.4
2026.07.30 19:20:07 INFO  no build target found for C:\Users\ankit chouhan\OneDrive\Desktop\Scala\Polymor_Encap.scala. Using presentation compiler with project's scala-library version: 3.8.4
2026.07.30 19:20:07 INFO  no build target found for C:\Users\ankit chouhan\OneDrive\Desktop\Scala\Polymor_Encap.scala. Using presentation compiler with project's scala-library version: 3.8.4
2026.07.30 19:20:07 INFO  no build target found for C:\Users\ankit chouhan\OneDrive\Desktop\Scala\Polymor_Encap.scala. Using presentation compiler with project's scala-library version: 3.8.4
2026.07.30 19:20:07 INFO  no build target found for C:\Users\ankit chouhan\OneDrive\Desktop\Scala\Polymor_Encap.scala. Using presentation compiler with project's scala-library version: 3.8.4
2026.07.30 19:20:07 INFO  no build target found for C:\Users\ankit chouhan\OneDrive\Desktop\Scala\Polymor_Encap.scala. Using presentation compiler with project's scala-library version: 3.8.4
2026.07.30 19:20:08 WARN  no build target for: C:\Users\ankit chouhan\OneDrive\Desktop\Scala\Polymor_Encap.scala
2026.07.30 19:20:09 INFO  no build target found for C:\Users\ankit chouhan\OneDrive\Desktop\Scala\Polymor_Encap.scala. Using presentation compiler with project's scala-library version: 3.8.4
2026.07.30 19:20:09 INFO  no build target found for C:\Users\ankit chouhan\OneDrive\Desktop\Scala\Polymor_Encap.scala. Using presentation compiler with project's scala-library version: 3.8.4
2026.07.30 19:20:09 INFO  no build target found for C:\Users\ankit chouhan\OneDrive\Desktop\Scala\Polymor_Encap.scala. Using presentation compiler with project's scala-library version: 3.8.4
2026.07.30 19:20:10 INFO  no build target found for C:\Users\ankit chouhan\OneDrive\Desktop\Scala\Polymor_Encap.scala. Using presentation compiler with project's scala-library version: 3.8.4
2026.07.30 19:20:09 INFO  no build target found for C:\Users\ankit chouhan\OneDrive\Desktop\Scala\Polymor_Encap.scala. Using presentation compiler with project's scala-library version: 3.8.4
2026.07.30 19:20:09 INFO  no build target found for C:\Users\ankit chouhan\OneDrive\Desktop\Scala\Polymor_Encap.scala. Using presentation compiler with project's scala-library version: 3.8.4
2026.07.30 19:20:09 INFO  no build target found for C:\Users\ankit chouhan\OneDrive\Desktop\Scala\Polymor_Encap.scala. Using presentation compiler with project's scala-library version: 3.8.4
2026.07.30 19:20:10 INFO  no build target found for C:\Users\ankit chouhan\OneDrive\Desktop\Scala\Polymor_Encap.scala. Using presentation compiler with project's scala-library version: 3.8.4
2026.07.30 19:20:11 INFO  no build target found for C:\Users\ankit chouhan\OneDrive\Desktop\Scala\Polymor_Encap.scala. Using presentation compiler with project's scala-library version: 3.8.4
2026.07.30 19:20:11 INFO  no build target found for C:\Users\ankit chouhan\OneDrive\Desktop\Scala\Polymor_Encap.scala. Using presentation compiler with project's scala-library version: 3.8.4
2026.07.30 19:20:11 INFO  no build target found for C:\Users\ankit chouhan\OneDrive\Desktop\Scala\Polymor_Encap.scala. Using presentation compiler with project's scala-library version: 3.8.4
Jul 30, 2026 7:20:11 PM org.eclipse.lsp4j.jsonrpc.RemoteEndpoint handleCancellation
WARNING: Unmatched cancel notification for request id 377
2026.07.30 19:20:11 INFO  no build target found for C:\Users\ankit chouhan\OneDrive\Desktop\Scala\Polymor_Encap.scala. Using presentation compiler with project's scala-library version: 3.8.4
2026.07.30 19:20:11 INFO  no build target found for C:\Users\ankit chouhan\OneDrive\Desktop\Scala\Polymor_Encap.scala. Using presentation compiler with project's scala-library version: 3.8.4
2026.07.30 19:20:12 INFO  no build target found for C:\Users\ankit chouhan\OneDrive\Desktop\Scala\Polymor_Encap.scala. Using presentation compiler with project's scala-library version: 3.8.4
2026.07.30 19:20:13 WARN  no build target for: C:\Users\ankit chouhan\OneDrive\Desktop\Scala\Polymor_Encap.scala
2026.07.30 19:20:14 INFO  no build target found for C:\Users\ankit chouhan\OneDrive\Desktop\Scala\Polymor_Encap.scala. Using presentation compiler with project's scala-library version: 3.8.4
2026.07.30 19:20:14 INFO  time: code lens generation in 3.27s
2026.07.30 19:20:14 INFO  no build target found for C:\Users\ankit chouhan\OneDrive\Desktop\Scala\Polymor_Encap.scala. Using presentation compiler with project's scala-library version: 3.8.4
2026.07.30 19:20:15 INFO  time: code lens generation in 2.33s
2026.07.30 19:20:49 INFO  no build target found for C:\Users\ankit chouhan\OneDrive\Desktop\Scala\Polymor_Encap.scala. Using presentation compiler with project's scala-library version: 3.8.4
2026.07.30 19:20:50 INFO  no build target found for C:\Users\ankit chouhan\OneDrive\Desktop\Scala\Polymor_Encap.scala. Using presentation compiler with project's scala-library version: 3.8.4
2026.07.30 19:20:59 INFO  no build target found for C:\Users\ankit chouhan\OneDrive\Desktop\Scala\Polymor_Encap.scala. Using presentation compiler with project's scala-library version: 3.8.4
2026.07.30 19:20:59 INFO  no build target found for C:\Users\ankit chouhan\OneDrive\Desktop\Scala\Polymor_Encap.scala. Using presentation compiler with project's scala-library version: 3.8.4
2026.07.30 19:20:59 INFO  no build target found for C:\Users\ankit chouhan\OneDrive\Desktop\Scala\Polymor_Encap.scala. Using presentation compiler with project's scala-library version: 3.8.4
2026.07.30 19:21:00 INFO  no build target found for C:\Users\ankit chouhan\OneDrive\Desktop\Scala\Polymor_Encap.scala. Using presentation compiler with project's scala-library version: 3.8.4
2026.07.30 19:21:01 INFO  no build target found for C:\Users\ankit chouhan\OneDrive\Desktop\Scala\Polymor_Encap.scala. Using presentation compiler with project's scala-library version: 3.8.4
2026.07.30 19:21:01 INFO  no build target found for C:\Users\ankit chouhan\OneDrive\Desktop\Scala\Polymor_Encap.scala. Using presentation compiler with project's scala-library version: 3.8.4
2026.07.30 19:21:01 INFO  no build target found for C:\Users\ankit chouhan\OneDrive\Desktop\Scala\Polymor_Encap.scala. Using presentation compiler with project's scala-library version: 3.8.4
2026.07.30 19:21:02 INFO  no build target found for C:\Users\ankit chouhan\OneDrive\Desktop\Scala\Polymor_Encap.scala. Using presentation compiler with project's scala-library version: 3.8.4
2026.07.30 19:21:02 WARN  no build target for: C:\Users\ankit chouhan\OneDrive\Desktop\Scala\Polymor_Encap.scala
2026.07.30 19:21:02 INFO  no build target found for C:\Users\ankit chouhan\OneDrive\Desktop\Scala\Polymor_Encap.scala. Using presentation compiler with project's scala-library version: 3.8.4
2026.07.30 19:21:03 INFO  no build target found for C:\Users\ankit chouhan\OneDrive\Desktop\Scala\Sum.scala. Using presentation compiler with project's scala-library version: 3.8.4
2026.07.30 19:21:03 WARN  no build target for: C:\Users\ankit chouhan\OneDrive\Desktop\Scala\Sum.scala
2026.07.30 19:21:03 INFO  no build target found for C:\Users\ankit chouhan\OneDrive\Desktop\Scala\Sum.scala. Using presentation compiler with project's scala-library version: 3.8.4
2026.07.30 19:21:04 INFO  no build target found for C:\Users\ankit chouhan\OneDrive\Desktop\Scala\Sum.scala. Using presentation compiler with project's scala-library version: 3.8.4
2026.07.30 19:21:13 INFO  no build target found for C:\Users\ankit chouhan\OneDrive\Desktop\Scala\Single_L_Inher.scala. Using presentation compiler with project's scala-library version: 3.8.4
2026.07.30 19:21:13 INFO  no build target found for C:\Users\ankit chouhan\OneDrive\Desktop\Scala\Single_L_Inher.scala. Using presentation compiler with project's scala-library version: 3.8.4
2026.07.30 19:21:13 WARN  no build target for: C:\Users\ankit chouhan\OneDrive\Desktop\Scala\Single_L_Inher.scala
2026.07.30 19:21:13 INFO  no build target found for C:\Users\ankit chouhan\OneDrive\Desktop\Scala\Single_L_Inher.scala. Using presentation compiler with project's scala-library version: 3.8.4
2026.07.30 19:21:13 INFO  no build target found for C:\Users\ankit chouhan\OneDrive\Desktop\Scala\Single_L_Inher.scala. Using presentation compiler with project's scala-library version: 3.8.4
2026.07.30 19:21:15 INFO  no build target found for C:\Users\ankit chouhan\OneDrive\Desktop\Scala\Single_L_Inher.scala. Using presentation compiler with project's scala-library version: 3.8.4
2026.07.30 19:21:44 WARN  no build target for: C:\Users\ankit chouhan\OneDrive\Desktop\Scala\Polymor_Encap.scala
2026.07.30 19:21:44 INFO  no build target found for C:\Users\ankit chouhan\OneDrive\Desktop\Scala\Polymor_Encap.scala. Using presentation compiler with project's scala-library version: 3.8.4
2026.07.30 19:21:46 WARN  no build target for: C:\Users\ankit chouhan\OneDrive\Desktop\Scala\Overriding_func.scala
2026.07.30 19:21:46 INFO  no build target found for C:\Users\ankit chouhan\OneDrive\Desktop\Scala\Overriding_func.scala. Using presentation compiler with project's scala-library version: 3.8.4
2026.07.30 19:21:46 INFO  no build target found for C:\Users\ankit chouhan\OneDrive\Desktop\Scala\Overriding_func.scala. Using presentation compiler with project's scala-library version: 3.8.4
2026.07.30 19:21:46 INFO  no build target found for C:\Users\ankit chouhan\OneDrive\Desktop\Scala\Overriding_func.scala. Using presentation compiler with project's scala-library version: 3.8.4
2026.07.30 19:22:08 INFO  no build target found for C:\Users\ankit chouhan\OneDrive\Desktop\Scala\Loops.scala. Using presentation compiler with project's scala-library version: 3.8.4
2026.07.30 19:22:08 WARN  no build target for: C:\Users\ankit chouhan\OneDrive\Desktop\Scala\Loops.scala
2026.07.30 19:22:08 INFO  no build target found for C:\Users\ankit chouhan\OneDrive\Desktop\Scala\Loops.scala. Using presentation compiler with project's scala-library version: 3.8.4
2026.07.30 19:22:09 INFO  no build target found for C:\Users\ankit chouhan\OneDrive\Desktop\Scala\Loops.scala. Using presentation compiler with project's scala-library version: 3.8.4
2026.07.30 19:22:08 INFO  no build target found for C:\Users\ankit chouhan\OneDrive\Desktop\Scala\Loops.scala. Using presentation compiler with project's scala-library version: 3.8.4
2026.07.30 19:22:22 INFO  no build target found for C:\Users\ankit chouhan\OneDrive\Desktop\Scala\Loops.scala. Using presentation compiler with project's scala-library version: 3.8.4
2026.07.30 19:22:22 INFO  no build target found for C:\Users\ankit chouhan\OneDrive\Desktop\Scala\Loops.scala. Using presentation compiler with project's scala-library version: 3.8.4
2026.07.30 19:22:22 INFO  no build target found for C:\Users\ankit chouhan\OneDrive\Desktop\Scala\Loops.scala. Using presentation compiler with project's scala-library version: 3.8.4
2026.07.30 19:22:23 INFO  no build target found for C:\Users\ankit chouhan\OneDrive\Desktop\Scala\Loops.scala. Using presentation compiler with project's scala-library version: 3.8.4
2026.07.30 19:22:23 INFO  no build target found for C:\Users\ankit chouhan\OneDrive\Desktop\Scala\Loops.scala. Using presentation compiler with project's scala-library version: 3.8.4
2026.07.30 19:22:23 INFO  no build target found for C:\Users\ankit chouhan\OneDrive\Desktop\Scala\Loops.scala. Using presentation compiler with project's scala-library version: 3.8.4
2026.07.30 19:22:23 INFO  no build target found for C:\Users\ankit chouhan\OneDrive\Desktop\Scala\Loops.scala. Using presentation compiler with project's scala-library version: 3.8.4
2026.07.30 19:22:24 INFO  no build target found for C:\Users\ankit chouhan\OneDrive\Desktop\Scala\Loops.scala. Using presentation compiler with project's scala-library version: 3.8.4
2026.07.30 19:22:24 INFO  no build target found for C:\Users\ankit chouhan\OneDrive\Desktop\Scala\Loops.scala. Using presentation compiler with project's scala-library version: 3.8.4
2026.07.30 19:22:24 INFO  no build target found for C:\Users\ankit chouhan\OneDrive\Desktop\Scala\Loops.scala. Using presentation compiler with project's scala-library version: 3.8.4
2026.07.30 19:22:24 INFO  no build target found for C:\Users\ankit chouhan\OneDrive\Desktop\Scala\Loops.scala. Using presentation compiler with project's scala-library version: 3.8.4
2026.07.30 19:22:25 INFO  no build target found for C:\Users\ankit chouhan\OneDrive\Desktop\Scala\Loops.scala. Using presentation compiler with project's scala-library version: 3.8.4
2026.07.30 19:22:25 WARN  no build target for: C:\Users\ankit chouhan\OneDrive\Desktop\Scala\Loops.scala
2026.07.30 19:22:25 INFO  no build target found for C:\Users\ankit chouhan\OneDrive\Desktop\Scala\Loops.scala. Using presentation compiler with project's scala-library version: 3.8.4
2026.07.30 19:22:25 INFO  no build target found for C:\Users\ankit chouhan\OneDrive\Desktop\Scala\Loops.scala. Using presentation compiler with project's scala-library version: 3.8.4
2026.07.30 19:22:25 INFO  no build target found for C:\Users\ankit chouhan\OneDrive\Desktop\Scala\Loops.scala. Using presentation compiler with project's scala-library version: 3.8.4
2026.07.30 19:22:26 INFO  no build target found for C:\Users\ankit chouhan\OneDrive\Desktop\Scala\Loops.scala. Using presentation compiler with project's scala-library version: 3.8.4
2026.07.30 19:22:26 INFO  no build target found for C:\Users\ankit chouhan\OneDrive\Desktop\Scala\Loops.scala. Using presentation compiler with project's scala-library version: 3.8.4
2026.07.30 19:22:26 INFO  no build target found for C:\Users\ankit chouhan\OneDrive\Desktop\Scala\Loops.scala. Using presentation compiler with project's scala-library version: 3.8.4
2026.07.30 19:22:28 INFO  no build target found for C:\Users\ankit chouhan\OneDrive\Desktop\Scala\Loops.scala. Using presentation compiler with project's scala-library version: 3.8.4
2026.07.30 19:22:28 INFO  no build target found for C:\Users\ankit chouhan\OneDrive\Desktop\Scala\Loops.scala. Using presentation compiler with project's scala-library version: 3.8.4
2026.07.30 19:22:28 INFO  no build target found for C:\Users\ankit chouhan\OneDrive\Desktop\Scala\Loops.scala. Using presentation compiler with project's scala-library version: 3.8.4
2026.07.30 19:22:29 INFO  no build target found for C:\Users\ankit chouhan\OneDrive\Desktop\Scala\Loops.scala. Using presentation compiler with project's scala-library version: 3.8.4
2026.07.30 19:22:29 INFO  no build target found for C:\Users\ankit chouhan\OneDrive\Desktop\Scala\Loops.scala. Using presentation compiler with project's scala-library version: 3.8.4
2026.07.30 19:22:29 INFO  no build target found for C:\Users\ankit chouhan\OneDrive\Desktop\Scala\Loops.scala. Using presentation compiler with project's scala-library version: 3.8.4
2026.07.30 19:22:29 INFO  no build target found for C:\Users\ankit chouhan\OneDrive\Desktop\Scala\Loops.scala. Using presentation compiler with project's scala-library version: 3.8.4
2026.07.30 19:22:30 INFO  no build target found for C:\Users\ankit chouhan\OneDrive\Desktop\Scala\Loops.scala. Using presentation compiler with project's scala-library version: 3.8.4
2026.07.30 19:22:30 INFO  no build target found for C:\Users\ankit chouhan\OneDrive\Desktop\Scala\Loops.scala. Using presentation compiler with project's scala-library version: 3.8.4
2026.07.30 19:22:31 WARN  no build target for: C:\Users\ankit chouhan\OneDrive\Desktop\Scala\Loops.scala
2026.07.30 19:22:31 INFO  no build target found for C:\Users\ankit chouhan\OneDrive\Desktop\Scala\Loops.scala. Using presentation compiler with project's scala-library version: 3.8.4
2026.07.30 19:22:30 INFO  no build target found for C:\Users\ankit chouhan\OneDrive\Desktop\Scala\Loops.scala. Using presentation compiler with project's scala-library version: 3.8.4
2026.07.30 19:22:31 INFO  no build target found for C:\Users\ankit chouhan\OneDrive\Desktop\Scala\Loops.scala. Using presentation compiler with project's scala-library version: 3.8.4
2026.07.30 19:22:31 INFO  no build target found for C:\Users\ankit chouhan\OneDrive\Desktop\Scala\Loops.scala. Using presentation compiler with project's scala-library version: 3.8.4
2026.07.30 19:22:34 INFO  no build target found for C:\Users\ankit chouhan\OneDrive\Desktop\Scala\Loops.scala. Using presentation compiler with project's scala-library version: 3.8.4
2026.07.30 19:22:34 INFO  no build target found for C:\Users\ankit chouhan\OneDrive\Desktop\Scala\Loops.scala. Using presentation compiler with project's scala-library version: 3.8.4
Jul 30, 2026 7:22:34 PM org.eclipse.lsp4j.jsonrpc.RemoteEndpoint handleCancellation
WARNING: Unmatched cancel notification for request id 502
2026.07.30 19:22:34 INFO  no build target found for C:\Users\ankit chouhan\OneDrive\Desktop\Scala\Loops.scala. Using presentation compiler with project's scala-library version: 3.8.4
2026.07.30 19:22:34 INFO  no build target found for C:\Users\ankit chouhan\OneDrive\Desktop\Scala\Loops.scala. Using presentation compiler with project's scala-library version: 3.8.4
2026.07.30 19:22:34 INFO  no build target found for C:\Users\ankit chouhan\OneDrive\Desktop\Scala\Loops.scala. Using presentation compiler with project's scala-library version: 3.8.4
2026.07.30 19:22:34 INFO  no build target found for C:\Users\ankit chouhan\OneDrive\Desktop\Scala\Loops.scala. Using presentation compiler with project's scala-library version: 3.8.4
2026.07.30 19:22:34 INFO  no build target found for C:\Users\ankit chouhan\OneDrive\Desktop\Scala\Loops.scala. Using presentation compiler with project's scala-library version: 3.8.4
2026.07.30 19:22:34 INFO  no build target found for C:\Users\ankit chouhan\OneDrive\Desktop\Scala\Loops.scala. Using presentation compiler with project's scala-library version: 3.8.4
2026.07.30 19:22:35 INFO  no build target found for C:\Users\ankit chouhan\OneDrive\Desktop\Scala\Loops.scala. Using presentation compiler with project's scala-library version: 3.8.4
2026.07.30 19:22:35 INFO  no build target found for C:\Users\ankit chouhan\OneDrive\Desktop\Scala\Loops.scala. Using presentation compiler with project's scala-library version: 3.8.4
2026.07.30 19:22:35 INFO  no build target found for C:\Users\ankit chouhan\OneDrive\Desktop\Scala\Loops.scala. Using presentation compiler with project's scala-library version: 3.8.4
2026.07.30 19:22:35 INFO  no build target found for C:\Users\ankit chouhan\OneDrive\Desktop\Scala\Loops.scala. Using presentation compiler with project's scala-library version: 3.8.4
2026.07.30 19:22:35 INFO  no build target found for C:\Users\ankit chouhan\OneDrive\Desktop\Scala\Loops.scala. Using presentation compiler with project's scala-library version: 3.8.4
2026.07.30 19:22:36 INFO  no build target found for C:\Users\ankit chouhan\OneDrive\Desktop\Scala\Loops.scala. Using presentation compiler with project's scala-library version: 3.8.4
2026.07.30 19:22:36 INFO  no build target found for C:\Users\ankit chouhan\OneDrive\Desktop\Scala\Loops.scala. Using presentation compiler with project's scala-library version: 3.8.4
2026.07.30 19:22:36 INFO  no build target found for C:\Users\ankit chouhan\OneDrive\Desktop\Scala\Loops.scala. Using presentation compiler with project's scala-library version: 3.8.4
2026.07.30 19:22:36 INFO  no build target found for C:\Users\ankit chouhan\OneDrive\Desktop\Scala\Loops.scala. Using presentation compiler with project's scala-library version: 3.8.4
2026.07.30 19:22:36 INFO  no build target found for C:\Users\ankit chouhan\OneDrive\Desktop\Scala\Loops.scala. Using presentation compiler with project's scala-library version: 3.8.4
2026.07.30 19:22:36 INFO  no build target found for C:\Users\ankit chouhan\OneDrive\Desktop\Scala\Loops.scala. Using presentation compiler with project's scala-library version: 3.8.4
2026.07.30 19:22:36 INFO  no build target found for C:\Users\ankit chouhan\OneDrive\Desktop\Scala\Loops.scala. Using presentation compiler with project's scala-library version: 3.8.4
Jul 30, 2026 7:22:36 PM org.eclipse.lsp4j.jsonrpc.RemoteEndpoint handleCancellation
WARNING: Unmatched cancel notification for request id 531
Jul 30, 2026 7:22:36 PM org.eclipse.lsp4j.jsonrpc.RemoteEndpoint handleCancellation
WARNING: Unmatched cancel notification for request id 533
2026.07.30 19:22:36 INFO  no build target found for C:\Users\ankit chouhan\OneDrive\Desktop\Scala\Loops.scala. Using presentation compiler with project's scala-library version: 3.8.4
2026.07.30 19:22:36 INFO  no build target found for C:\Users\ankit chouhan\OneDrive\Desktop\Scala\Loops.scala. Using presentation compiler with project's scala-library version: 3.8.4
2026.07.30 19:22:37 INFO  no build target found for C:\Users\ankit chouhan\OneDrive\Desktop\Scala\Loops.scala. Using presentation compiler with project's scala-library version: 3.8.4
2026.07.30 19:22:37 INFO  no build target found for C:\Users\ankit chouhan\OneDrive\Desktop\Scala\Loops.scala. Using presentation compiler with project's scala-library version: 3.8.4
2026.07.30 19:22:37 WARN  no build target for: C:\Users\ankit chouhan\OneDrive\Desktop\Scala\Loops.scala
2026.07.30 19:22:37 INFO  no build target found for C:\Users\ankit chouhan\OneDrive\Desktop\Scala\Loops.scala. Using presentation compiler with project's scala-library version: 3.8.4
2026.07.30 19:22:37 INFO  no build target found for C:\Users\ankit chouhan\OneDrive\Desktop\Scala\Loops.scala. Using presentation compiler with project's scala-library version: 3.8.4
2026.07.30 19:22:37 INFO  no build target found for C:\Users\ankit chouhan\OneDrive\Desktop\Scala\Loops.scala. Using presentation compiler with project's scala-library version: 3.8.4
2026.07.30 19:22:37 INFO  no build target found for C:\Users\ankit chouhan\OneDrive\Desktop\Scala\Loops.scala. Using presentation compiler with project's scala-library version: 3.8.4
2026.07.30 19:22:39 INFO  no build target found for C:\Users\ankit chouhan\OneDrive\Desktop\Scala\Loops.scala. Using presentation compiler with project's scala-library version: 3.8.4
2026.07.30 19:22:39 INFO  no build target found for C:\Users\ankit chouhan\OneDrive\Desktop\Scala\Loops.scala. Using presentation compiler with project's scala-library version: 3.8.4
2026.07.30 19:22:39 INFO  no build target found for C:\Users\ankit chouhan\OneDrive\Desktop\Scala\Loops.scala. Using presentation compiler with project's scala-library version: 3.8.4
2026.07.30 19:22:39 INFO  no build target found for C:\Users\ankit chouhan\OneDrive\Desktop\Scala\Loops.scala. Using presentation compiler with project's scala-library version: 3.8.4
2026.07.30 19:22:39 INFO  no build target found for C:\Users\ankit chouhan\OneDrive\Desktop\Scala\Loops.scala. Using presentation compiler with project's scala-library version: 3.8.4
2026.07.30 19:22:40 INFO  no build target found for C:\Users\ankit chouhan\OneDrive\Desktop\Scala\Loops.scala. Using presentation compiler with project's scala-library version: 3.8.4
2026.07.30 19:22:40 INFO  no build target found for C:\Users\ankit chouhan\OneDrive\Desktop\Scala\Loops.scala. Using presentation compiler with project's scala-library version: 3.8.4
2026.07.30 19:22:40 INFO  no build target found for C:\Users\ankit chouhan\OneDrive\Desktop\Scala\Loops.scala. Using presentation compiler with project's scala-library version: 3.8.4
2026.07.30 19:22:40 INFO  no build target found for C:\Users\ankit chouhan\OneDrive\Desktop\Scala\Loops.scala. Using presentation compiler with project's scala-library version: 3.8.4
2026.07.30 19:22:41 WARN  no build target for: C:\Users\ankit chouhan\OneDrive\Desktop\Scala\Loops.scala
2026.07.30 19:22:41 INFO  no build target found for C:\Users\ankit chouhan\OneDrive\Desktop\Scala\Loops.scala. Using presentation compiler with project's scala-library version: 3.8.4
2026.07.30 19:23:12 INFO  no build target found for C:\Users\ankit chouhan\OneDrive\Desktop\Scala\Block_Expreesion.scala. Using presentation compiler with project's scala-library version: 3.8.4
2026.07.30 19:23:12 WARN  no build target for: C:\Users\ankit chouhan\OneDrive\Desktop\Scala\Block_Expreesion.scala
2026.07.30 19:23:12 INFO  no build target found for C:\Users\ankit chouhan\OneDrive\Desktop\Scala\Block_Expreesion.scala. Using presentation compiler with project's scala-library version: 3.8.4
2026.07.30 19:23:12 INFO  no build target found for C:\Users\ankit chouhan\OneDrive\Desktop\Scala\Block_Expreesion.scala. Using presentation compiler with project's scala-library version: 3.8.4
2026.07.30 19:23:12 INFO  no build target found for C:\Users\ankit chouhan\OneDrive\Desktop\Scala\Block_Expreesion.scala. Using presentation compiler with project's scala-library version: 3.8.4
2026.07.30 19:23:15 INFO  no build target found for C:\Users\ankit chouhan\OneDrive\Desktop\Scala\Block_Expreesion.scala. Using presentation compiler with project's scala-library version: 3.8.4
2026.07.30 19:23:15 INFO  no build target found for C:\Users\ankit chouhan\OneDrive\Desktop\Scala\Block_Expreesion.scala. Using presentation compiler with project's scala-library version: 3.8.4
2026.07.30 19:23:15 INFO  no build target found for C:\Users\ankit chouhan\OneDrive\Desktop\Scala\Block_Expreesion.scala. Using presentation compiler with project's scala-library version: 3.8.4
2026.07.30 19:23:16 INFO  no build target found for C:\Users\ankit chouhan\OneDrive\Desktop\Scala\Block_Expreesion.scala. Using presentation compiler with project's scala-library version: 3.8.4
2026.07.30 19:23:16 INFO  no build target found for C:\Users\ankit chouhan\OneDrive\Desktop\Scala\Block_Expreesion.scala. Using presentation compiler with project's scala-library version: 3.8.4
2026.07.30 19:23:16 INFO  no build target found for C:\Users\ankit chouhan\OneDrive\Desktop\Scala\Block_Expreesion.scala. Using presentation compiler with project's scala-library version: 3.8.4
2026.07.30 19:23:16 INFO  no build target found for C:\Users\ankit chouhan\OneDrive\Desktop\Scala\Block_Expreesion.scala. Using presentation compiler with project's scala-library version: 3.8.4
2026.07.30 19:23:16 INFO  no build target found for C:\Users\ankit chouhan\OneDrive\Desktop\Scala\Block_Expreesion.scala. Using presentation compiler with project's scala-library version: 3.8.4
2026.07.30 19:23:16 INFO  no build target found for C:\Users\ankit chouhan\OneDrive\Desktop\Scala\Block_Expreesion.scala. Using presentation compiler with project's scala-library version: 3.8.4
2026.07.30 19:23:17 WARN  no build target for: C:\Users\ankit chouhan\OneDrive\Desktop\Scala\Block_Expreesion.scala
2026.07.30 19:23:17 INFO  no build target found for C:\Users\ankit chouhan\OneDrive\Desktop\Scala\Block_Expreesion.scala. Using presentation compiler with project's scala-library version: 3.8.4
2026.07.30 19:23:17 INFO  no build target found for C:\Users\ankit chouhan\OneDrive\Desktop\Scala\Block_Expreesion.scala. Using presentation compiler with project's scala-library version: 3.8.4
2026.07.30 19:23:17 INFO  no build target found for C:\Users\ankit chouhan\OneDrive\Desktop\Scala\Block_Expreesion.scala. Using presentation compiler with project's scala-library version: 3.8.4
2026.07.30 19:23:18 INFO  no build target found for C:\Users\ankit chouhan\OneDrive\Desktop\Scala\Block_Expreesion.scala. Using presentation compiler with project's scala-library version: 3.8.4
2026.07.30 19:23:17 INFO  no build target found for C:\Users\ankit chouhan\OneDrive\Desktop\Scala\Block_Expreesion.scala. Using presentation compiler with project's scala-library version: 3.8.4
2026.07.30 19:23:17 INFO  no build target found for C:\Users\ankit chouhan\OneDrive\Desktop\Scala\Block_Expreesion.scala. Using presentation compiler with project's scala-library version: 3.8.4
2026.07.30 19:23:17 INFO  no build target found for C:\Users\ankit chouhan\OneDrive\Desktop\Scala\Block_Expreesion.scala. Using presentation compiler with project's scala-library version: 3.8.4
2026.07.30 19:23:18 INFO  no build target found for C:\Users\ankit chouhan\OneDrive\Desktop\Scala\Block_Expreesion.scala. Using presentation compiler with project's scala-library version: 3.8.4
2026.07.30 19:23:18 INFO  no build target found for C:\Users\ankit chouhan\OneDrive\Desktop\Scala\Block_Expreesion.scala. Using presentation compiler with project's scala-library version: 3.8.4
2026.07.30 19:23:19 WARN  no build target for: C:\Users\ankit chouhan\OneDrive\Desktop\Scala\Block_Expreesion.scala
2026.07.30 19:23:18 INFO  no build target found for C:\Users\ankit chouhan\OneDrive\Desktop\Scala\Block_Expreesion.scala. Using presentation compiler with project's scala-library version: 3.8.4
2026.07.30 19:23:20 INFO  no build target found for C:\Users\ankit chouhan\OneDrive\Desktop\Scala\Block_Expreesion.scala. Using presentation compiler with project's scala-library version: 3.8.4
2026.07.30 19:23:20 INFO  no build target found for C:\Users\ankit chouhan\OneDrive\Desktop\Scala\Block_Expreesion.scala. Using presentation compiler with project's scala-library version: 3.8.4
2026.07.30 19:23:20 INFO  no build target found for C:\Users\ankit chouhan\OneDrive\Desktop\Scala\Block_Expreesion.scala. Using presentation compiler with project's scala-library version: 3.8.4
2026.07.30 19:23:21 INFO  no build target found for C:\Users\ankit chouhan\OneDrive\Desktop\Scala\Block_Expreesion.scala. Using presentation compiler with project's scala-library version: 3.8.4
2026.07.30 19:23:21 INFO  no build target found for C:\Users\ankit chouhan\OneDrive\Desktop\Scala\Block_Expreesion.scala. Using presentation compiler with project's scala-library version: 3.8.4
2026.07.30 19:23:21 INFO  no build target found for C:\Users\ankit chouhan\OneDrive\Desktop\Scala\Block_Expreesion.scala. Using presentation compiler with project's scala-library version: 3.8.4
2026.07.30 19:23:21 INFO  no build target found for C:\Users\ankit chouhan\OneDrive\Desktop\Scala\Block_Expreesion.scala. Using presentation compiler with project's scala-library version: 3.8.4
2026.07.30 19:23:21 INFO  no build target found for C:\Users\ankit chouhan\OneDrive\Desktop\Scala\Block_Expreesion.scala. Using presentation compiler with project's scala-library version: 3.8.4
2026.07.30 19:23:21 INFO  no build target found for C:\Users\ankit chouhan\OneDrive\Desktop\Scala\Block_Expreesion.scala. Using presentation compiler with project's scala-library version: 3.8.4
2026.07.30 19:23:22 WARN  no build target for: C:\Users\ankit chouhan\OneDrive\Desktop\Scala\Block_Expreesion.scala
2026.07.30 19:23:21 INFO  no build target found for C:\Users\ankit chouhan\OneDrive\Desktop\Scala\Block_Expreesion.scala. Using presentation compiler with project's scala-library version: 3.8.4
2026.07.30 19:23:55 INFO  no build target found for c:\Users\ankit chouhan\OneDrive\Desktop\Scala\Block_Expreesion.scala. Using presentation compiler with project's scala-library version: 3.8.4
2026.07.30 19:23:55 INFO  no build target found for C:\Users\ankit chouhan\OneDrive\Desktop\Scala\Block_Expression.scala. Using presentation compiler with project's scala-library version: 3.8.4
2026.07.30 19:23:55 INFO  no build target found for C:\Users\ankit chouhan\OneDrive\Desktop\Scala\Block_Expression.scala. Using presentation compiler with project's scala-library version: 3.8.4
2026.07.30 19:23:55 INFO  no build target found for C:\Users\ankit chouhan\OneDrive\Desktop\Scala\Block_Expression.scala. Using presentation compiler with project's scala-library version: 3.8.4
2026.07.30 19:23:55 INFO  no build target found for C:\Users\ankit chouhan\OneDrive\Desktop\Scala\Block_Expression.scala. Using presentation compiler with project's scala-library version: 3.8.4
2026.07.30 19:23:55 INFO  no build target found for C:\Users\ankit chouhan\OneDrive\Desktop\Scala\Block_Expression.scala. Using presentation compiler with project's scala-library version: 3.8.4
2026.07.30 19:24:01 WARN  no build target for: C:\Users\ankit chouhan\OneDrive\Desktop\Scala\Block_Expression.scala
2026.07.30 19:24:01 INFO  no build target found for C:\Users\ankit chouhan\OneDrive\Desktop\Scala\Block_Expression.scala. Using presentation compiler with project's scala-library version: 3.8.4
2026.07.30 19:24:08 INFO  no build target found for C:\Users\ankit chouhan\OneDrive\Desktop\Scala\Loops.scala. Using presentation compiler with project's scala-library version: 3.8.4
2026.07.30 19:24:08 WARN  no build target for: C:\Users\ankit chouhan\OneDrive\Desktop\Scala\Loops.scala
2026.07.30 19:24:08 INFO  no build target found for C:\Users\ankit chouhan\OneDrive\Desktop\Scala\Loops.scala. Using presentation compiler with project's scala-library version: 3.8.4
2026.07.30 19:24:08 INFO  no build target found for C:\Users\ankit chouhan\OneDrive\Desktop\Scala\Loops.scala. Using presentation compiler with project's scala-library version: 3.8.4
2026.07.30 19:24:08 INFO  no build target found for C:\Users\ankit chouhan\OneDrive\Desktop\Scala\Loops.scala. Using presentation compiler with project's scala-library version: 3.8.4
2026.07.30 19:35:50 INFO  Shutting down server
2026.07.30 19:35:50 INFO  Memory monitor stopped
2026.07.30 19:35:50 INFO  shutting down Metals
2026.07.30 19:35:50 INFO  Shut down connection with build server.
2026.07.30 19:35:50 INFO  Exiting server
2026.07.30 19:37:01 INFO  Started: Metals version 1.6.8 in folders 'C:\Users\ankit chouhan\OneDrive\Desktop\Scala-Programming' for client Visual Studio Code 1.130.0.
2026.07.30 19:37:01 INFO  Memory monitor started
2026.07.30 19:37:05 WARN  Using H2 2.4.240 which is newer than the version Flyway has been verified with. The latest verified version of H2 is 2.3.232.
2026.07.30 19:37:06 INFO  no build target found for C:\Users\ankit chouhan\OneDrive\Desktop\Scala-Programming\Hello.scala. Using presentation compiler with project's scala-library version: 3.3.8
2026.07.30 19:37:09 INFO  no build target found for C:\Users\ankit chouhan\OneDrive\Desktop\Scala-Programming\Hello.scala. Using presentation compiler with project's scala-library version: 3.3.8
2026.07.30 19:37:09 INFO  Attempting to connect to the build server...
2026.07.30 19:37:09 INFO  Running BSP server List(C:\Users\ankit chouhan\AppData\Local\Coursier\data\bin\.scala-cli.aux.exe, bsp, --json-options, C:\Users\ankit chouhan\OneDrive\Desktop\Scala\.scala-build\ide-options-v2.json, --json-launcher-options, C:\Users\ankit chouhan\OneDrive\Desktop\Scala\.scala-build\ide-launcher-options.json, --envs-file, C:\Users\ankit chouhan\OneDrive\Desktop\Scala\.scala-build\ide-envs.json, C:\Users\ankit chouhan\OneDrive\Desktop\Scala\Hello.scala)
2026.07.30 19:37:10 INFO  Tracing is disabled for protocol BSP. To enable tracing of incoming and outgoing JSON messages, create an empty file at C:\Users\ankit chouhan\OneDrive\Desktop\Scala-Programming\.metals\bsp.trace.json or C:\Users\ankit chouhan\AppData\Local\scalameta\metals\cache\bsp.trace.json
2026.07.30 19:37:14 INFO  BSP server: Error: java.nio.file.NoSuchFileException: C:\Users\ankit chouhan\OneDrive\Desktop\Scala\Hello.scala
2026.07.30 19:37:14 INFO  BSP server: For more details, please see 'C:\Users\ankit chouhan\OneDrive\Desktop\Scala\.scala-build\stacktraces\1785420433-8653007537841463255.log'
2026.07.30 19:38:10 ERROR Timeout waiting for 'build/initialize' response
2026.07.30 19:38:10 WARN  Retrying connection to the build server scala-cli
2026.07.30 19:38:10 INFO  Running BSP server List(C:\Users\ankit chouhan\AppData\Local\Coursier\data\bin\.scala-cli.aux.exe, bsp, --json-options, C:\Users\ankit chouhan\OneDrive\Desktop\Scala\.scala-build\ide-options-v2.json, --json-launcher-options, C:\Users\ankit chouhan\OneDrive\Desktop\Scala\.scala-build\ide-launcher-options.json, --envs-file, C:\Users\ankit chouhan\OneDrive\Desktop\Scala\.scala-build\ide-envs.json, C:\Users\ankit chouhan\OneDrive\Desktop\Scala\Hello.scala)
2026.07.30 19:38:10 INFO  Tracing is disabled for protocol BSP. To enable tracing of incoming and outgoing JSON messages, create an empty file at C:\Users\ankit chouhan\OneDrive\Desktop\Scala-Programming\.metals\bsp.trace.json or C:\Users\ankit chouhan\AppData\Local\scalameta\metals\cache\bsp.trace.json
2026.07.30 19:38:11 INFO  BSP server: Error: java.nio.file.NoSuchFileException: C:\Users\ankit chouhan\OneDrive\Desktop\Scala\Hello.scala
2026.07.30 19:38:11 INFO  BSP server: For more details, please see 'C:\Users\ankit chouhan\OneDrive\Desktop\Scala\.scala-build\stacktraces\1785420491-16838436806048984915.log'
2026.07.30 19:39:10 ERROR Timeout waiting for 'build/initialize' response
2026.07.30 19:39:10 WARN  Retrying connection to the build server scala-cli
2026.07.30 19:39:10 INFO  Running BSP server List(C:\Users\ankit chouhan\AppData\Local\Coursier\data\bin\.scala-cli.aux.exe, bsp, --json-options, C:\Users\ankit chouhan\OneDrive\Desktop\Scala\.scala-build\ide-options-v2.json, --json-launcher-options, C:\Users\ankit chouhan\OneDrive\Desktop\Scala\.scala-build\ide-launcher-options.json, --envs-file, C:\Users\ankit chouhan\OneDrive\Desktop\Scala\.scala-build\ide-envs.json, C:\Users\ankit chouhan\OneDrive\Desktop\Scala\Hello.scala)
2026.07.30 19:39:10 INFO  Tracing is disabled for protocol BSP. To enable tracing of incoming and outgoing JSON messages, create an empty file at C:\Users\ankit chouhan\OneDrive\Desktop\Scala-Programming\.metals\bsp.trace.json or C:\Users\ankit chouhan\AppData\Local\scalameta\metals\cache\bsp.trace.json
2026.07.30 19:39:11 INFO  BSP server: Error: java.nio.file.NoSuchFileException: C:\Users\ankit chouhan\OneDrive\Desktop\Scala\Hello.scala
2026.07.30 19:39:11 INFO  BSP server: For more details, please see 'C:\Users\ankit chouhan\OneDrive\Desktop\Scala\.scala-build\stacktraces\1785420551-14694526131717932618.log'
2026.07.30 19:40:10 ERROR Timeout waiting for 'build/initialize' response
2026.07.30 19:40:10 WARN  Retrying connection to the build server scala-cli
2026.07.30 19:40:10 INFO  Running BSP server List(C:\Users\ankit chouhan\AppData\Local\Coursier\data\bin\.scala-cli.aux.exe, bsp, --json-options, C:\Users\ankit chouhan\OneDrive\Desktop\Scala\.scala-build\ide-options-v2.json, --json-launcher-options, C:\Users\ankit chouhan\OneDrive\Desktop\Scala\.scala-build\ide-launcher-options.json, --envs-file, C:\Users\ankit chouhan\OneDrive\Desktop\Scala\.scala-build\ide-envs.json, C:\Users\ankit chouhan\OneDrive\Desktop\Scala\Hello.scala)
2026.07.30 19:40:10 INFO  Tracing is disabled for protocol BSP. To enable tracing of incoming and outgoing JSON messages, create an empty file at C:\Users\ankit chouhan\OneDrive\Desktop\Scala-Programming\.metals\bsp.trace.json or C:\Users\ankit chouhan\AppData\Local\scalameta\metals\cache\bsp.trace.json
2026.07.30 19:40:11 INFO  BSP server: Error: java.nio.file.NoSuchFileException: C:\Users\ankit chouhan\OneDrive\Desktop\Scala\Hello.scala
2026.07.30 19:40:11 INFO  BSP server: For more details, please see 'C:\Users\ankit chouhan\OneDrive\Desktop\Scala\.scala-build\stacktraces\1785420611-5697041900840642200.log'
2026.07.30 19:41:09 INFO  Shutting down server
2026.07.30 19:41:09 INFO  Memory monitor stopped
2026.07.30 19:41:09 INFO  shutting down Metals
2026.07.30 19:41:09 INFO  Exiting server
2026.07.30 20:57:13 INFO  Started: Metals version 1.6.8 in folders 'C:\Users\ankit chouhan\OneDrive\Desktop\Scala-Programming' for client Visual Studio Code 1.130.0.
2026.07.30 20:57:13 INFO  Memory monitor started
2026.07.30 20:57:16 WARN  Using H2 2.4.240 which is newer than the version Flyway has been verified with. The latest verified version of H2 is 2.3.232.
2026.07.30 20:57:17 INFO  no build target found for C:\Users\ankit chouhan\OneDrive\Desktop\Scala-Programming\Hello.scala. Using presentation compiler with project's scala-library version: 3.3.8
2026.07.30 20:57:20 INFO  Attempting to connect to the build server...
2026.07.30 20:57:20 INFO  Running BSP server List(C:\Users\ankit chouhan\AppData\Local\Coursier\data\bin\.scala-cli.aux.exe, bsp, --json-options, C:\Users\ankit chouhan\OneDrive\Desktop\Scala\.scala-build\ide-options-v2.json, --json-launcher-options, C:\Users\ankit chouhan\OneDrive\Desktop\Scala\.scala-build\ide-launcher-options.json, --envs-file, C:\Users\ankit chouhan\OneDrive\Desktop\Scala\.scala-build\ide-envs.json, C:\Users\ankit chouhan\OneDrive\Desktop\Scala\Hello.scala)
2026.07.30 20:57:21 INFO  Tracing is disabled for protocol BSP. To enable tracing of incoming and outgoing JSON messages, create an empty file at C:\Users\ankit chouhan\OneDrive\Desktop\Scala-Programming\.metals\bsp.trace.json or C:\Users\ankit chouhan\AppData\Local\scalameta\metals\cache\bsp.trace.json
2026.07.30 20:57:26 INFO  no build target found for C:\Users\ankit chouhan\OneDrive\Desktop\Scala-Programming\Hello.scala. Using presentation compiler with project's scala-library version: 3.3.8
2026.07.30 20:57:27 INFO  BSP server: Starting compilation server
2026.07.30 20:57:32 INFO  BSP server: Error: java.nio.file.NoSuchFileException: C:\Users\ankit chouhan\OneDrive\Desktop\Scala\Hello.scala
2026.07.30 20:57:32 INFO  BSP server: For more details, please see 'C:\Users\ankit chouhan\OneDrive\Desktop\Scala\.scala-build\stacktraces\1785425251-16502696536611663409.log'
2026.07.30 20:58:21 ERROR Timeout waiting for 'build/initialize' response
2026.07.30 20:58:21 WARN  Retrying connection to the build server scala-cli
2026.07.30 20:58:21 INFO  Running BSP server List(C:\Users\ankit chouhan\AppData\Local\Coursier\data\bin\.scala-cli.aux.exe, bsp, --json-options, C:\Users\ankit chouhan\OneDrive\Desktop\Scala\.scala-build\ide-options-v2.json, --json-launcher-options, C:\Users\ankit chouhan\OneDrive\Desktop\Scala\.scala-build\ide-launcher-options.json, --envs-file, C:\Users\ankit chouhan\OneDrive\Desktop\Scala\.scala-build\ide-envs.json, C:\Users\ankit chouhan\OneDrive\Desktop\Scala\Hello.scala)
2026.07.30 20:58:21 INFO  Tracing is disabled for protocol BSP. To enable tracing of incoming and outgoing JSON messages, create an empty file at C:\Users\ankit chouhan\OneDrive\Desktop\Scala-Programming\.metals\bsp.trace.json or C:\Users\ankit chouhan\AppData\Local\scalameta\metals\cache\bsp.trace.json
2026.07.30 20:58:22 INFO  BSP server: Error: java.nio.file.NoSuchFileException: C:\Users\ankit chouhan\OneDrive\Desktop\Scala\Hello.scala
2026.07.30 20:58:22 INFO  BSP server: For more details, please see 'C:\Users\ankit chouhan\OneDrive\Desktop\Scala\.scala-build\stacktraces\1785425302-13341684910824420196.log'
2026.07.30 20:58:41 INFO  Shutting down server
2026.07.30 20:58:41 INFO  Memory monitor stopped
2026.07.30 20:58:41 INFO  shutting down Metals
2026.07.30 20:58:41 INFO  Exiting server
2026.07.30 21:02:24 INFO  Started: Metals version 1.6.8 in folders 'C:\Users\ankit chouhan\OneDrive\Desktop\Scala-Programming' for client Visual Studio Code 1.130.0.
2026.07.30 21:02:24 INFO  Memory monitor started
2026.07.30 21:02:25 WARN  Using H2 2.4.240 which is newer than the version Flyway has been verified with. The latest verified version of H2 is 2.3.232.
2026.07.30 21:02:25 INFO  no build target found for C:\Users\ankit chouhan\OneDrive\Desktop\Scala-Programming\Hello.scala. Using presentation compiler with project's scala-library version: 3.3.8
Jul 30, 2026 9:02:27 PM org.eclipse.lsp4j.jsonrpc.RemoteEndpoint handleCancellation
WARNING: Unmatched cancel notification for request id 2
2026.07.30 21:02:27 INFO  no build target found for C:\Users\ankit chouhan\OneDrive\Desktop\Scala-Programming\Hello.scala. Using presentation compiler with project's scala-library version: 3.3.8
2026.07.30 21:02:27 INFO  no build target found for C:\Users\ankit chouhan\OneDrive\Desktop\Scala-Programming\Hello.scala. Using presentation compiler with project's scala-library version: 3.3.8
2026.07.30 21:02:27 INFO  no build target found for C:\Users\ankit chouhan\OneDrive\Desktop\Scala-Programming\Hello.scala. Using presentation compiler with project's scala-library version: 3.3.8
Jul 30, 2026 9:02:28 PM org.eclipse.lsp4j.jsonrpc.RemoteEndpoint handleCancellation
WARNING: Unmatched cancel notification for request id 8
2026.07.30 21:02:27 INFO  no build target found for C:\Users\ankit chouhan\OneDrive\Desktop\Scala-Programming\Hello.scala. Using presentation compiler with project's scala-library version: 3.3.8
2026.07.30 21:02:27 INFO  Attempting to connect to the build server...
2026.07.30 21:02:27 INFO  Running BSP server List(C:\Users\ankit chouhan\AppData\Local\Coursier\data\bin\.scala-cli.aux.exe, bsp, --json-options, C:\Users\ankit chouhan\OneDrive\Desktop\Scala\.scala-build\ide-options-v2.json, --json-launcher-options, C:\Users\ankit chouhan\OneDrive\Desktop\Scala\.scala-build\ide-launcher-options.json, --envs-file, C:\Users\ankit chouhan\OneDrive\Desktop\Scala\.scala-build\ide-envs.json, C:\Users\ankit chouhan\OneDrive\Desktop\Scala\Hello.scala)
2026.07.30 21:02:28 INFO  Tracing is disabled for protocol BSP. To enable tracing of incoming and outgoing JSON messages, create an empty file at C:\Users\ankit chouhan\OneDrive\Desktop\Scala-Programming\.metals\bsp.trace.json or C:\Users\ankit chouhan\AppData\Local\scalameta\metals\cache\bsp.trace.json
2026.07.30 21:02:29 INFO  BSP server: Error: java.nio.file.NoSuchFileException: C:\Users\ankit chouhan\OneDrive\Desktop\Scala\Hello.scala
2026.07.30 21:02:29 INFO  BSP server: For more details, please see 'C:\Users\ankit chouhan\OneDrive\Desktop\Scala\.scala-build\stacktraces\1785425549-13175927397222761547.log'
2026.07.30 21:03:28 ERROR Timeout waiting for 'build/initialize' response
2026.07.30 21:03:28 WARN  Retrying connection to the build server scala-cli
2026.07.30 21:03:28 INFO  Running BSP server List(C:\Users\ankit chouhan\AppData\Local\Coursier\data\bin\.scala-cli.aux.exe, bsp, --json-options, C:\Users\ankit chouhan\OneDrive\Desktop\Scala\.scala-build\ide-options-v2.json, --json-launcher-options, C:\Users\ankit chouhan\OneDrive\Desktop\Scala\.scala-build\ide-launcher-options.json, --envs-file, C:\Users\ankit chouhan\OneDrive\Desktop\Scala\.scala-build\ide-envs.json, C:\Users\ankit chouhan\OneDrive\Desktop\Scala\Hello.scala)
2026.07.30 21:03:28 INFO  Tracing is disabled for protocol BSP. To enable tracing of incoming and outgoing JSON messages, create an empty file at C:\Users\ankit chouhan\OneDrive\Desktop\Scala-Programming\.metals\bsp.trace.json or C:\Users\ankit chouhan\AppData\Local\scalameta\metals\cache\bsp.trace.json
2026.07.30 21:03:29 INFO  BSP server: Error: java.nio.file.NoSuchFileException: C:\Users\ankit chouhan\OneDrive\Desktop\Scala\Hello.scala
2026.07.30 21:03:29 INFO  BSP server: For more details, please see 'C:\Users\ankit chouhan\OneDrive\Desktop\Scala\.scala-build\stacktraces\1785425609-3842489647752219581.log'
2026.07.30 21:04:28 ERROR Timeout waiting for 'build/initialize' response
2026.07.30 21:04:28 WARN  Retrying connection to the build server scala-cli
2026.07.30 21:04:28 INFO  Running BSP server List(C:\Users\ankit chouhan\AppData\Local\Coursier\data\bin\.scala-cli.aux.exe, bsp, --json-options, C:\Users\ankit chouhan\OneDrive\Desktop\Scala\.scala-build\ide-options-v2.json, --json-launcher-options, C:\Users\ankit chouhan\OneDrive\Desktop\Scala\.scala-build\ide-launcher-options.json, --envs-file, C:\Users\ankit chouhan\OneDrive\Desktop\Scala\.scala-build\ide-envs.json, C:\Users\ankit chouhan\OneDrive\Desktop\Scala\Hello.scala)
2026.07.30 21:04:28 INFO  Tracing is disabled for protocol BSP. To enable tracing of incoming and outgoing JSON messages, create an empty file at C:\Users\ankit chouhan\OneDrive\Desktop\Scala-Programming\.metals\bsp.trace.json or C:\Users\ankit chouhan\AppData\Local\scalameta\metals\cache\bsp.trace.json
2026.07.30 21:04:29 INFO  BSP server: Error: java.nio.file.NoSuchFileException: C:\Users\ankit chouhan\OneDrive\Desktop\Scala\Hello.scala
2026.07.30 21:04:29 INFO  BSP server: For more details, please see 'C:\Users\ankit chouhan\OneDrive\Desktop\Scala\.scala-build\stacktraces\1785425669-6343390071383041859.log'
2026.07.30 21:05:28 ERROR Timeout waiting for 'build/initialize' response
2026.07.30 21:05:28 WARN  Retrying connection to the build server scala-cli
2026.07.30 21:05:28 INFO  Running BSP server List(C:\Users\ankit chouhan\AppData\Local\Coursier\data\bin\.scala-cli.aux.exe, bsp, --json-options, C:\Users\ankit chouhan\OneDrive\Desktop\Scala\.scala-build\ide-options-v2.json, --json-launcher-options, C:\Users\ankit chouhan\OneDrive\Desktop\Scala\.scala-build\ide-launcher-options.json, --envs-file, C:\Users\ankit chouhan\OneDrive\Desktop\Scala\.scala-build\ide-envs.json, C:\Users\ankit chouhan\OneDrive\Desktop\Scala\Hello.scala)
2026.07.30 21:05:28 INFO  Tracing is disabled for protocol BSP. To enable tracing of incoming and outgoing JSON messages, create an empty file at C:\Users\ankit chouhan\OneDrive\Desktop\Scala-Programming\.metals\bsp.trace.json or C:\Users\ankit chouhan\AppData\Local\scalameta\metals\cache\bsp.trace.json
2026.07.30 21:05:29 INFO  BSP server: Error: java.nio.file.NoSuchFileException: C:\Users\ankit chouhan\OneDrive\Desktop\Scala\Hello.scala
2026.07.30 21:05:29 INFO  BSP server: For more details, please see 'C:\Users\ankit chouhan\OneDrive\Desktop\Scala\.scala-build\stacktraces\1785425729-14677127800521887214.log'
2026.07.30 21:06:28 ERROR Timeout waiting for 'build/initialize' response
2026.07.30 21:06:28 WARN  Retrying connection to the build server scala-cli
2026.07.30 21:06:28 INFO  Running BSP server List(C:\Users\ankit chouhan\AppData\Local\Coursier\data\bin\.scala-cli.aux.exe, bsp, --json-options, C:\Users\ankit chouhan\OneDrive\Desktop\Scala\.scala-build\ide-options-v2.json, --json-launcher-options, C:\Users\ankit chouhan\OneDrive\Desktop\Scala\.scala-build\ide-launcher-options.json, --envs-file, C:\Users\ankit chouhan\OneDrive\Desktop\Scala\.scala-build\ide-envs.json, C:\Users\ankit chouhan\OneDrive\Desktop\Scala\Hello.scala)
2026.07.30 21:06:28 INFO  Tracing is disabled for protocol BSP. To enable tracing of incoming and outgoing JSON messages, create an empty file at C:\Users\ankit chouhan\OneDrive\Desktop\Scala-Programming\.metals\bsp.trace.json or C:\Users\ankit chouhan\AppData\Local\scalameta\metals\cache\bsp.trace.json
2026.07.30 21:06:29 INFO  BSP server: Error: java.nio.file.NoSuchFileException: C:\Users\ankit chouhan\OneDrive\Desktop\Scala\Hello.scala
2026.07.30 21:06:29 INFO  BSP server: For more details, please see 'C:\Users\ankit chouhan\OneDrive\Desktop\Scala\.scala-build\stacktraces\1785425789-16679559280190768953.log'
2026.07.30 21:07:28 ERROR Timeout waiting for 'build/initialize' response
2026.07.30 21:07:28 WARN  Retrying connection to the build server scala-cli
2026.07.30 21:07:28 INFO  Running BSP server List(C:\Users\ankit chouhan\AppData\Local\Coursier\data\bin\.scala-cli.aux.exe, bsp, --json-options, C:\Users\ankit chouhan\OneDrive\Desktop\Scala\.scala-build\ide-options-v2.json, --json-launcher-options, C:\Users\ankit chouhan\OneDrive\Desktop\Scala\.scala-build\ide-launcher-options.json, --envs-file, C:\Users\ankit chouhan\OneDrive\Desktop\Scala\.scala-build\ide-envs.json, C:\Users\ankit chouhan\OneDrive\Desktop\Scala\Hello.scala)
2026.07.30 21:07:28 INFO  Tracing is disabled for protocol BSP. To enable tracing of incoming and outgoing JSON messages, create an empty file at C:\Users\ankit chouhan\OneDrive\Desktop\Scala-Programming\.metals\bsp.trace.json or C:\Users\ankit chouhan\AppData\Local\scalameta\metals\cache\bsp.trace.json
2026.07.30 21:07:29 INFO  BSP server: Error: java.nio.file.NoSuchFileException: C:\Users\ankit chouhan\OneDrive\Desktop\Scala\Hello.scala
2026.07.30 21:07:29 INFO  BSP server: For more details, please see 'C:\Users\ankit chouhan\OneDrive\Desktop\Scala\.scala-build\stacktraces\1785425849-8660555733532312270.log'
2026.07.30 21:07:35 INFO  no build target found for C:\Users\ankit chouhan\OneDrive\Desktop\Scala-Programming\Hello.scala. Using presentation compiler with project's scala-library version: 3.3.8
2026.07.30 21:08:28 ERROR Timeout waiting for 'build/initialize' response
2026.07.30 21:08:28 ERROR Failed to connect with build server, no functionality will work.
java.util.concurrent.TimeoutException
	at java.util.concurrent.CompletableFuture.timedGet(CompletableFuture.java:1981)
	at java.util.concurrent.CompletableFuture.get(CompletableFuture.java:2116)
	at scala.meta.internal.metals.BuildServerConnection$.initialize(BuildServerConnection.scala:806)
	at scala.meta.internal.metals.BuildServerConnection$.$anonfun$fromSockets$1(BuildServerConnection.scala:658)
	at scala.concurrent.impl.Promise$Transformation.run(Promise.scala:500)
	at java.util.concurrent.ThreadPoolExecutor.runWorker(ThreadPoolExecutor.java:1090)
	at java.util.concurrent.ThreadPoolExecutor$Worker.run(ThreadPoolExecutor.java:614)
	at java.lang.Thread.run(Thread.java:1516)

2026.07.30 21:08:28 WARN  no build target for: C:\Users\ankit chouhan\OneDrive\Desktop\Scala-Programming\Hello.scala
2026.07.30 21:08:28 INFO  no build target found for C:\Users\ankit chouhan\OneDrive\Desktop\Scala-Programming\Hello.scala. Using presentation compiler with project's scala-library version: 3.3.8
